ID,Name,Gender,Age,Degree,Field_of_Study,Institution,Graduation_Year,GPA,Country,Employment_Status,Job_Title,Salary_USD
1,Ernest Estes DVM,Female,34,Bachelor,Chemistry,Johnson LLC Institute,2016,3.18,Canada,Employed,Farm manager,102373
2,Donald Johnson,Male,38,Master,Biology,"Lopez, Watson and Payne College",2023,3.29,Australia,Employed,Equality and diversity officer,43984
3,Scott Juarez,Male,37,Master,Computer Science,"Gibson, Ward and Taylor University",2018,3.87,Australia,Employed,Chief of Staff,79399
4,Stephanie Herrera,Female,27,Bachelor,Economics,Herring-Hill College,2015,3.93,Germany,Employed,"Journalist, newspaper",69519
5,Norma Morgan,Male,34,PhD,Statistics,"Gonzalez, Hart and Chapman University",2019,3.83,Germany,Employed,Minerals surveyor,40391
6,Anita Hodges,Male,29,Bachelor,Data Analytics,Burnett-Miller College,2017,3.4,USA,Unemployed,NA,0
7,Jerry Bryan,Female,32,Bachelor,Statistics,Cohen-Hester College,2021,2.74,France,Employed,Horticultural consultant,119245
8,William Levine,Female,26,Master,Marketing,Mclaughlin and Sons College,2017,3.37,USA,Unemployed,NA,0
9,Amanda Parsons,Female,22,Master,Chemistry,Taylor Inc College,2016,2.65,USA,Employed,Government social research officer,110802
10,Joshua Todd,Male,29,Bachelor,Marketing,"Haley, Lindsey and Olsen College",2017,3.24,France,Employed,"Surveyor, hydrographic",42428
11,George Rodriguez,Male,39,PhD,Electrical Engineering,Chavez PLC College,2017,2.65,Germany,Employed,"Copywriter, advertising",48367
12,Brenda Rodriguez,Male,38,Master,Neuroscience,Potts and Sons College,2023,2.78,USA,Employed,Brewing technologist,75257
13,Christopher Smith,Female,34,Master,Psychology,Ramirez and Sons University,2021,2.97,Australia,Employed,"Surveyor, minerals",65676
14,William Avery,Female,26,Master,Marketing,Martinez PLC Institute,2018,3.58,Australia,Employed,"Engineer, agricultural",101995
15,Andrea Clarke,Female,33,Master,Chemistry,Watson and Sons University,2023,3.86,Japan,Employed,"Psychologist, sport and exercise",55017
16,Kelly Lewis,Female,34,Bachelor,Computer Science,"Castillo, Dunn and Rosales College",2021,2.71,Germany,Employed,Proofreader,48400
17,Joseph Flowers,Male,22,Bachelor,Biology,Murphy-Mclaughlin College,2017,2.64,France,Employed,Operational investment banker,71320
18,Jonathan Reyes,Female,21,Bachelor,Mechanical Engineering,"Cooper, Snyder and Horton University",2017,3.0,USA,Unemployed,NA,0
19,Troy Sullivan,Male,35,Bachelor,Data Analytics,Brown Inc College,2016,3.34,Japan,Employed,"Civil engineer, contracting",107730
20,Christopher Carter,Male,24,Master,Neuroscience,"Obrien, Butler and Ramsey Institute",2023,2.7,France,Employed,Purchasing manager,93189
21,Danny Dodson,Male,37,PhD,Chemistry,Jones-Johnson Institute,2020,2.64,Germany,Employed,"Education officer, museum",53751
22,Scott Cooper,Male,35,Master,Marketing,"Stafford, Palmer and Petersen Institute",2017,3.83,Germany,Employed,"Designer, multimedia",48382
23,Alejandra Shannon,Female,31,Bachelor,Economics,Harris and Sons University,2018,2.84,France,Employed,Manufacturing engineer,110663
24,Alexandria Hunt,Female,31,Bachelor,Neuroscience,"Conley, Cook and Gonzalez Institute",2015,2.73,USA,Employed,"Pilot, airline",86973
25,Mr. Jonathan Alvarado,Male,23,Bachelor,English Arts,Lynch Inc Institute,2016,3.65,France,Employed,"Designer, fashion/clothing",119379
26,Bruce Novak,Male,28,Master,Electrical Engineering,Gibson Group Institute,2015,3.99,Canada,Employed,"Teacher, early years/pre",42300
27,Richard Walker,Female,26,Bachelor,Business Administration,Holloway PLC College,2020,3.59,UK,Employed,Commissioning editor,98888
28,Autumn Day,Female,33,PhD,Business Administration,Kelley Ltd College,2017,3.33,Germany,Employed,Farm manager,75670
29,Michael Salinas MD,Male,35,Master,Chemistry,Hawkins-Archer College,2021,2.63,UK,Unemployed,NA,0
30,Colleen Lopez,Female,33,Bachelor,Psychology,Ferguson-Singleton College,2017,3.95,Germany,Employed,Herbalist,96916
31,Taylor Shields,Male,26,Master,Computer Science,Casey-Rodriguez University,2019,3.03,Japan,Employed,Further education lecturer,96478
32,Amanda Snyder,Male,34,Master,Medicine,Nichols-Young College,2019,3.47,USA,Employed,Primary school teacher,80452
33,Peter Mays,Female,31,Master,Electrical Engineering,"Decker, Olson and Garcia University",2018,3.6,Australia,Unemployed,NA,0
34,Eric Thompson,Male,29,Bachelor,Mathematics,Henson Inc Institute,2015,3.28,USA,Employed,Meteorologist,95759
35,Jill Watkins,Male,39,Master,Physics,Lam-Lin University,2020,3.95,Australia,Employed,"Civil engineer, consulting",60205
36,Denise Vasquez,Female,24,Master,Physics,"Martin, Ward and Petersen University",2020,3.36,France,Employed,"Runner, broadcasting/film/video",52973
37,Bobby Smith,Male,34,Master,Physics,"Jones, Anderson and Perez University",2022,3.07,France,Employed,Occupational hygienist,113820
38,Morgan Baird,Male,30,Bachelor,English Arts,Sheppard Ltd College,2017,3.16,UK,Employed,Building control surveyor,60773
39,Briana Burke,Male,20,Master,English Arts,"Guerrero, Fowler and Burns Institute",2019,3.48,UK,Employed,Network engineer,93565
40,Nicole Waller,Male,37,Bachelor,Computer Science,Huber Group Institute,2015,2.84,Japan,Employed,Press sub,109227
41,Judy Washington,Female,28,Bachelor,Electrical Engineering,"Garcia, Kaiser and Mitchell Institute",2018,3.37,Australia,Employed,Chief Executive Officer,54788
42,Michael Howard,Female,27,Bachelor,English Arts,Coleman-Cervantes University,2017,3.86,Germany,Unemployed,NA,0
43,Ronald Hardy,Female,22,Bachelor,Mechanical Engineering,Martin PLC College,2018,3.24,Australia,Unemployed,NA,0
44,Michael Taylor,Female,37,Bachelor,Mechanical Engineering,"Le, Campbell and Hayes Institute",2015,3.61,UK,Employed,Advertising art director,50623
45,Nathan Phillips,Female,28,Master,Finance,Schroeder and Sons Institute,2019,3.91,Canada,Unemployed,NA,0
46,Teresa Morris,Female,22,Bachelor,Psychology,Lynch-Oconnor College,2020,2.94,UK,Employed,Solicitor,59964
47,Laura Johnson,Female,34,Master,Mechanical Engineering,Ponce Inc University,2016,3.96,USA,Employed,"Designer, fashion/clothing",98284
48,Larry Brown,Female,29,Bachelor,Business Administration,Vasquez LLC College,2019,2.78,Australia,Employed,"Surveyor, building control",97859
49,Samuel Decker,Female,22,Bachelor,Biology,Thornton-Macias University,2017,3.59,Canada,Employed,"Editor, magazine features",80249
50,Jennifer Wolfe,Female,39,Master,English Arts,George LLC College,2022,3.3,Australia,Employed,Clinical biochemist,94759
51,Darren Smith,Male,28,Bachelor,Marketing,Hayes-Hamilton Institute,2017,3.27,Japan,Unemployed,NA,0
52,Madison Bird,Female,25,Master,Mechanical Engineering,Dunn Inc University,2017,3.68,Japan,Unemployed,NA,0
53,Mackenzie Campbell,Male,23,Bachelor,Data Analytics,Jones LLC College,2019,3.75,UK,Unemployed,NA,0
54,Samuel Schultz,Male,39,Master,Biology,Vance PLC College,2022,3.15,Germany,Employed,Comptroller,96656
55,Jessica Ryan,Male,21,Master,Statistics,Williams-Bender University,2021,3.08,UK,Employed,Translator,82908
56,Joe Erickson,Male,29,Bachelor,Business Administration,"Greene, Quinn and Cooper University",2018,3.31,Canada,Employed,"Nurse, learning disability",83669
57,Andrea Vance,Male,33,Bachelor,Medicine,Jordan-Reynolds University,2022,3.73,Germany,Employed,Mudlogger,104230
58,Larry Molina,Female,36,Bachelor,Statistics,"Johnston, Clark and Zimmerman College",2023,2.82,UK,Employed,Paramedic,48443
59,Pam Griffin,Female,36,Bachelor,Mechanical Engineering,"Hendrix, Miller and Dominguez University",2016,2.55,UK,Employed,Ceramics designer,90693
60,Alexander Carter,Female,26,Bachelor,Neuroscience,Scott-Wilcox University,2020,2.58,Australia,Employed,Furniture conservator/restorer,74198
61,Henry Guerra,Female,33,Master,Electrical Engineering,Carson-Mccormick Institute,2022,2.65,Canada,Employed,Lobbyist,50120
62,Jessica Holloway,Male,21,Bachelor,Data Analytics,"Hughes, Brewer and Larson College",2020,2.85,Canada,Employed,Historic buildings inspector/conservation officer,111020
63,John Douglas,Male,31,Bachelor,Statistics,"Castillo, Martin and Watson College",2018,2.97,Japan,Unemployed,NA,0
64,Aaron Bean,Male,39,Bachelor,Biology,Robinson and Sons Institute,2017,2.99,Germany,Employed,Manufacturing systems engineer,108719
65,Madeline Lopez,Male,28,Bachelor,Data Analytics,"Caldwell, Garcia and Martinez College",2022,3.14,Germany,Employed,Patent examiner,73993
66,Luke Baldwin,Female,20,Bachelor,Mathematics,Watson Inc University,2020,3.16,Australia,Employed,"Lecturer, further education",97201
67,Isaiah Campbell,Female,27,Master,Data Analytics,Hart LLC Institute,2016,2.69,Canada,Employed,"Teacher, music",52186
68,Joel Campbell,Female,37,Bachelor,Business Administration,"Taylor, Dawson and Adkins Institute",2015,3.68,UK,Employed,Administrator,73301
69,Richard Dixon,Male,28,Bachelor,Mechanical Engineering,Tucker Ltd Institute,2018,3.07,Japan,Employed,Outdoor activities/education manager,76005
70,Brian Nichols,Male,33,Bachelor,Neuroscience,Ford Inc University,2021,3.05,Japan,Employed,Landscape architect,64312
71,Brenda Hall,Male,38,Master,English Arts,Bates-Allen Institute,2015,3.96,Japan,Employed,Museum/gallery curator,48555
72,Brandi Brown,Male,33,Bachelor,Mechanical Engineering,"Clark, Steele and Kim Institute",2017,3.98,Germany,Unemployed,NA,0
73,Courtney Rice,Male,28,Bachelor,Business Administration,"James, Adkins and Wright Institute",2021,2.98,Japan,Employed,Ranger/warden,109123
74,Jacqueline Shaffer,Male,21,PhD,Mathematics,Mcguire-Richardson College,2015,2.55,Germany,Unemployed,NA,0
75,Daniel Greene,Female,35,Bachelor,Public Health,"Bartlett, Murphy and Barajas University",2019,3.03,Germany,Unemployed,NA,0
76,Linda Olson,Female,21,Bachelor,Psychology,Mccall Inc Institute,2021,2.72,UK,Employed,Surgeon,61196
77,Taylor Perry,Male,27,Bachelor,Biology,"Sullivan, Fernandez and Perez Institute",2016,2.7,Germany,Employed,Claims inspector/assessor,57475
78,Sarah Weiss,Female,37,Bachelor,Mathematics,Tanner-Meyers Institute,2021,2.89,Japan,Employed,Field trials officer,62033
79,Scott Coleman,Female,20,Bachelor,Data Analytics,Johnston-Vazquez College,2017,2.79,Australia,Employed,Homeopath,111889
80,Christine Clark,Male,20,Bachelor,Physics,Bradford PLC College,2017,2.64,Germany,Employed,Pensions consultant,99527
81,Leah Trevino,Female,21,Master,Business Administration,Pugh-Henderson University,2017,2.52,France,Employed,"Development worker, community",82917
82,Connor Hoffman,Male,23,Bachelor,Marketing,Hicks Group College,2018,3.39,USA,Employed,Music tutor,66671
83,Jesus Jordan,Female,26,Master,Finance,Brown-Miller Institute,2017,3.86,Canada,Employed,"Pharmacist, community",69081
84,Michael Baird,Female,23,Master,Economics,"Turner, French and Tucker College",2022,3.9,Germany,Employed,"Conservation officer, historic buildings",118810
85,Renee King,Male,38,Bachelor,Economics,Allen-Richardson Institute,2022,3.83,France,Employed,Community arts worker,112014
86,Michael Grant,Male,27,Bachelor,Mathematics,Perkins-Brown University,2023,3.48,Australia,Employed,Arts administrator,101943
87,Jennifer Sampson,Male,24,Master,Marketing,Mack-Barnes Institute,2019,3.95,Germany,Employed,Mental health nurse,113374
88,Jerry Lee,Female,24,Bachelor,Psychology,"Smith, Smith and Strickland College",2018,2.78,UK,Employed,Publishing copy,43491
89,Michael Wilkerson,Female,30,Master,Public Health,Campos and Sons University,2023,2.64,France,Employed,"Nurse, mental health",109145
90,Debra Booth,Male,33,PhD,Electrical Engineering,Peterson-Banks University,2019,3.71,USA,Unemployed,NA,0
91,Anne Bennett,Female,37,Bachelor,Chemistry,"Harmon, Flores and Williams Institute",2022,2.53,Japan,Employed,Production manager,66535
92,Barbara Hernandez,Male,25,Master,Public Health,"Singh, Mckenzie and Pham University",2018,2.73,France,Employed,Farm manager,46047
93,Justin Burns,Male,37,Bachelor,Data Analytics,Owens LLC College,2022,3.72,Germany,Employed,"Therapist, speech and language",62851
94,Bruce Rose,Female,26,Bachelor,Finance,Weber-Evans University,2018,3.5,Germany,Employed,IT sales professional,89771
95,Thomas Hudson,Female,20,Master,Biology,Fletcher LLC College,2017,2.95,Australia,Unemployed,NA,0
96,Frank Mendoza,Female,32,Bachelor,Chemistry,Gonzalez Inc University,2018,2.88,Canada,Employed,Sub,111829
97,Nancy Pacheco,Female,36,Bachelor,English Arts,"Stokes, Smith and Perkins Institute",2020,3.11,Australia,Employed,"Scientist, research (life sciences)",62410
98,Christine White,Female,31,Bachelor,Electrical Engineering,"Hoover, Mason and Howard University",2021,2.6,Australia,Employed,Fisheries officer,55709
99,Amy Moreno,Female,28,Master,Computer Science,Espinoza and Sons College,2018,3.74,USA,Employed,"Psychologist, educational",114778
100,Lauren Rogers,Male,33,Bachelor,Chemistry,"Mcconnell, Morris and Price University",2015,3.22,Canada,Employed,Pathologist,79650
101,Thomas Russo,Female,20,Bachelor,Computer Science,Mcdaniel Ltd College,2021,3.97,USA,Employed,"Conservator, museum/gallery",46258
102,Isaiah White,Male,23,Bachelor,Public Health,Davies-Scott College,2023,3.64,UK,Employed,Training and development officer,99455
103,Ashley Stevens,Male,24,PhD,Neuroscience,Hernandez-Schmidt College,2017,3.26,USA,Employed,Futures trader,115191
104,Scott Oconnor,Female,37,Bachelor,Data Analytics,"Moore, Johnson and Hunter College",2015,3.8,France,Employed,Chief Strategy Officer,77255
105,Erin Olson,Male,32,PhD,Chemistry,Tran Group University,2017,3.11,Japan,Employed,Archaeologist,78769
106,Justin Jones,Female,33,Bachelor,Biology,Bennett LLC Institute,2015,3.63,France,Employed,"Engineer, maintenance",93394
107,Kimberly Lucas,Male,28,Master,Data Analytics,"Taylor, Perkins and Wilson University",2023,3.81,USA,Employed,Public affairs consultant,63397
108,Jeremiah Kline,Male,34,Bachelor,Biology,"Gomez, Fry and Mata University",2021,3.48,France,Employed,"Loss adjuster, chartered",96768
109,Dorothy Garrett,Female,28,PhD,Computer Science,Sweeney-Tucker College,2018,2.98,France,Employed,Interior and spatial designer,55176
110,Matthew Anderson,Female,38,Master,Data Analytics,Mcmillan Group Institute,2019,2.79,France,Employed,"Surveyor, planning and development",95843
111,Angela Williams,Male,28,Master,Business Administration,Smith-Wilkins College,2016,2.86,Japan,Employed,Hydrographic surveyor,90543
112,Amanda Cruz,Male,37,Bachelor,Psychology,"Singh, Cunningham and Doyle Institute",2017,3.69,Australia,Unemployed,NA,0
113,David Davis,Female,33,Bachelor,Mathematics,Bailey LLC College,2022,3.58,Australia,Employed,Homeopath,77463
114,George Huffman,Male,24,Bachelor,Chemistry,"Williams, Gonzales and Rhodes College",2021,3.79,UK,Employed,"Therapist, art",118083
115,Joshua Todd,Female,38,Master,Neuroscience,"Briggs, Cox and Ramsey Institute",2018,3.3,Germany,Employed,"Civil engineer, consulting",108712
116,Jonathan Thomas,Female,27,Bachelor,Physics,Hayes-Price College,2015,3.39,Canada,Employed,Research scientist (medical),76141
117,Dale Garcia,Male,31,PhD,Data Analytics,Ruiz-Smith Institute,2021,2.58,Canada,Employed,Multimedia programmer,76479
118,Derrick Harris,Female,27,Master,Statistics,Morgan and Sons Institute,2019,3.88,USA,Employed,Geophysical data processor,114375
119,Terry Jones,Male,29,Master,Chemistry,Wilson Ltd Institute,2021,2.91,UK,Employed,Claims inspector/assessor,78404
120,Bryan Hernandez,Female,33,Bachelor,Marketing,Coleman-Ramirez College,2018,3.62,USA,Employed,"Engineer, drilling",52664
121,Julie Davis,Male,20,Master,Psychology,Jones and Sons College,2018,3.43,USA,Employed,Clinical molecular geneticist,72632
122,Albert Martinez,Male,20,Bachelor,Business Administration,"Smith, Holland and Trujillo University",2015,2.91,USA,Employed,Volunteer coordinator,72966
123,Whitney Lopez,Female,38,Master,Finance,Harrison and Sons College,2018,2.55,Germany,Employed,"Doctor, general practice",79375
124,Brian Preston Jr.,Female,24,Master,Finance,"Simmons, Bonilla and Murphy Institute",2016,2.99,UK,Employed,"Pharmacist, hospital",56160
125,Manuel Pineda,Female,39,Bachelor,Computer Science,"Mendoza, Taylor and Blankenship College",2020,3.69,USA,Employed,"Programmer, systems",77892
126,Keith Jones,Male,31,PhD,Data Analytics,Anthony-Torres College,2021,3.55,UK,Employed,Health visitor,107195
127,Valerie Levy,Female,31,Bachelor,Economics,"Reed, Woodward and Watkins College",2020,3.72,France,Employed,Market researcher,67057
128,Amy Davis,Male,35,Bachelor,Mathematics,Simmons Group University,2015,3.85,USA,Employed,Camera operator,45983
129,Melissa Ross,Female,23,Master,Data Analytics,Bush-Cook College,2019,3.59,Japan,Employed,Computer games developer,44925
130,Brianna Graves,Male,22,Bachelor,Psychology,"Ho, Curry and Morris College",2017,2.64,France,Employed,Magazine features editor,116042
131,Kristen Silva,Female,28,Bachelor,Finance,Williams and Sons University,2022,3.65,Canada,Employed,Architectural technologist,68668
132,Ms. Teresa Pierce,Female,35,Bachelor,Electrical Engineering,Ferguson and Sons Institute,2020,3.26,France,Employed,Archaeologist,59588
133,Autumn Knapp,Female,39,Master,Medicine,Bates-Rivera Institute,2016,3.61,Japan,Employed,Best boy,81496
134,Brandon Martinez,Female,21,PhD,Psychology,Mayer PLC Institute,2022,2.65,Germany,Employed,Insurance risk surveyor,76382
135,Meagan Case,Female,20,Master,Physics,Chang Ltd Institute,2017,3.72,UK,Employed,Adult guidance worker,58294
136,Michael Patrick,Male,36,Bachelor,Mathematics,Mason-Marquez Institute,2017,3.45,Japan,Unemployed,NA,0
137,Jason Hinton,Male,22,Bachelor,Medicine,"Jenkins, Diaz and Delgado College",2017,2.73,Germany,Employed,"Designer, ceramics/pottery",81467
138,Tracy Richardson,Female,38,Bachelor,Neuroscience,Mccullough PLC Institute,2020,3.84,Australia,Employed,"Engineer, drilling",118341
139,Gabrielle Wang,Female,26,Bachelor,Business Administration,Moore Group Institute,2016,3.87,Germany,Employed,"Therapist, sports",108434
140,Samantha Aguirre,Male,39,Bachelor,Psychology,"Jacobs, Terrell and Richards Institute",2020,2.76,France,Unemployed,NA,0
141,Matthew Robles,Male,25,Bachelor,Data Analytics,Harris LLC University,2018,2.62,France,Employed,Orthoptist,88724
142,Kevin Harvey,Female,22,Bachelor,Psychology,"Mitchell, Morris and Morris Institute",2015,2.84,Germany,Employed,Actuary,119625
143,Nancy Taylor,Female,25,Master,Finance,"Clark, Bryan and Hoffman College",2016,2.91,Japan,Employed,Medical physicist,81956
144,Lori Harris,Female,20,Bachelor,Data Analytics,Lynch-Anthony College,2023,2.83,Germany,Employed,Veterinary surgeon,66334
145,Elizabeth Lee,Female,35,Master,Mathematics,Rodriguez-Rodriguez College,2018,3.86,Germany,Unemployed,NA,0
146,Michelle Bowers,Female,25,Bachelor,Neuroscience,"Gray, Acosta and Stewart College",2020,2.79,UK,Employed,Air traffic controller,55696
147,George Jackson,Female,34,PhD,Mathematics,"Thornton, King and Smith College",2023,3.12,UK,Employed,"Administrator, sports",93652
148,Kevin Lucas,Male,35,Master,Physics,Jenkins-Smith University,2023,3.17,Germany,Unemployed,NA,0
149,Shannon Dorsey,Male,24,Bachelor,Mechanical Engineering,Sanchez Inc College,2023,3.02,France,Employed,Mental health nurse,107326
150,Bobby Edwards,Female,38,Bachelor,Mathematics,Knox Inc University,2018,3.49,Canada,Employed,"Surveyor, planning and development",90789
151,Kristi Porter,Male,29,Bachelor,Economics,Cross-Horton College,2023,3.93,Japan,Employed,Cartographer,102285
152,John Harris DDS,Male,29,Bachelor,Mechanical Engineering,Riggs-Rios College,2021,3.66,Japan,Employed,Purchasing manager,44584
153,Michael Moore,Male,31,Bachelor,Physics,"Phillips, West and Vazquez College",2022,3.7,Japan,Employed,Media planner,106867
154,Zachary Griffin,Female,27,PhD,Mathematics,"Myers, Mason and Smith College",2023,3.31,Canada,Employed,Manufacturing engineer,86501
155,James Allen,Male,33,Bachelor,Business Administration,Kelly Ltd Institute,2020,2.51,USA,Employed,Orthoptist,58203
156,Nicholas Murphy MD,Male,33,Master,Medicine,"Murphy, Horn and Chen College",2015,2.52,France,Employed,"Development worker, international aid",90948
157,Brett Little,Male,25,PhD,Psychology,"Stout, Williams and Wood University",2020,2.79,UK,Unemployed,NA,0
158,Luis Holland,Male,37,Master,Mathematics,"Barker, Oconnell and Smith Institute",2020,2.91,France,Employed,Games developer,43732
159,Andrew Vaughn,Female,34,Bachelor,Biology,"Matthews, White and Hill Institute",2018,3.17,UK,Employed,Mechanical engineer,78303
160,Robert Garcia,Male,22,PhD,English Arts,Ramirez PLC College,2017,2.7,Germany,Employed,Television camera operator,46040
161,Catherine Ryan,Male,23,Bachelor,Marketing,Barry-Butler College,2023,3.1,Australia,Employed,Land,100250
162,Christina George,Female,38,Bachelor,Computer Science,Merritt-Turner College,2017,3.91,Germany,Employed,Animator,85511
163,Johnny Romero,Female,36,Bachelor,Electrical Engineering,"Combs, Erickson and Simpson University",2016,3.33,USA,Employed,Transport planner,71476
164,Alexandria Crawford,Male,31,Master,Physics,"Hawkins, Alexander and Scott Institute",2022,2.53,France,Employed,Financial planner,119187
165,Nicholas Moore,Male,28,Bachelor,Business Administration,Mccann PLC Institute,2018,3.6,Japan,Employed,Chartered loss adjuster,116059
166,Joshua Roberts,Male,24,Master,Business Administration,Hernandez-Davis Institute,2021,3.59,UK,Employed,"Producer, radio",99370
167,Michael Gonzalez,Female,32,PhD,Electrical Engineering,Johnson and Sons Institute,2021,3.52,Germany,Employed,Arts development officer,96353
168,Jessica Dominguez,Female,36,Bachelor,English Arts,Harris-Mcfarland College,2023,2.53,Australia,Unemployed,NA,0
169,Regina Bates,Male,25,Master,Data Analytics,Maldonado LLC College,2016,2.58,Canada,Employed,Environmental health practitioner,90874
170,Mary Jensen,Female,24,Bachelor,Medicine,Braun-Russell University,2015,3.41,Japan,Employed,"Administrator, arts",84062
171,Jennifer Sparks,Male,25,Bachelor,Electrical Engineering,"Brown, Larson and James University",2022,3.58,UK,Employed,Art therapist,48167
172,Diana Lyons,Male,27,Bachelor,Mathematics,Walters-Mendez University,2020,2.81,Germany,Employed,"Exhibitions officer, museum/gallery",66907
173,Amanda Morgan,Male,24,Bachelor,Data Analytics,"Gentry, Sullivan and Simmons Institute",2019,3.98,USA,Employed,Dancer,76038
174,Adam Burns,Female,23,Bachelor,Physics,"Jones, Taylor and Miller Institute",2022,3.36,UK,Employed,Media buyer,61251
175,Jill Wilson,Male,27,Bachelor,Neuroscience,Mccormick PLC University,2023,3.34,USA,Employed,"Nurse, adult",44482
176,Joshua Little,Female,28,Bachelor,Mechanical Engineering,Odonnell Inc University,2018,2.93,Canada,Employed,Optometrist,69514
177,Laura Morgan,Male,24,Master,Mechanical Engineering,"Patterson, Leon and Garcia University",2021,2.66,Australia,Employed,Estate agent,108831
178,Jonathan Horne,Female,32,Master,Psychology,Ramsey LLC University,2019,3.39,Canada,Unemployed,NA,0
179,Angela Snyder,Male,20,Bachelor,Marketing,"Bond, Rivas and Stanton College",2022,3.34,UK,Employed,Landscape architect,49537
180,Joseph Hebert,Female,21,Bachelor,Marketing,Fisher LLC College,2023,3.0,UK,Employed,Paramedic,111490
181,Timothy Gonzalez,Female,30,Bachelor,Mechanical Engineering,"Ryan, Martinez and Hamilton Institute",2017,3.38,Japan,Employed,Broadcast presenter,74389
182,Elizabeth Ortiz,Female,24,Master,Neuroscience,Ramirez Inc Institute,2020,2.97,Germany,Unemployed,NA,0
183,Joseph Williams,Male,38,PhD,Biology,Brown-Collins College,2022,2.69,Canada,Employed,"Therapist, art",117765
184,Susan Smith,Female,27,Master,Marketing,Davis PLC College,2019,3.96,Canada,Employed,Radiation protection practitioner,53057
185,Renee Duncan,Male,26,PhD,Computer Science,Daniels-White Institute,2022,3.85,France,Employed,Optometrist,43924
186,Billy Campbell,Male,29,Bachelor,Finance,Sullivan-Brooks Institute,2015,2.82,France,Employed,Travel agency manager,62935
187,Ashley Wilson,Female,21,Bachelor,Data Analytics,Mcguire PLC College,2019,3.83,Germany,Employed,Scientific laboratory technician,53991
188,Amanda Gross,Male,30,Bachelor,Biology,Rodriguez-Edwards Institute,2017,2.82,Japan,Employed,Insurance account manager,99377
189,Mark Martin,Male,21,PhD,Chemistry,"Hart, Lee and Jones Institute",2021,3.3,USA,Employed,Petroleum engineer,109928
190,Richard Owens,Female,29,PhD,Mathematics,Guzman Inc University,2016,2.98,Australia,Unemployed,NA,0
191,Joseph Johnson,Male,36,PhD,Public Health,Reynolds and Sons University,2018,3.77,Australia,Employed,Analytical chemist,108790
192,Samuel Guerra,Male,26,Master,Business Administration,Miller PLC Institute,2019,2.62,Australia,Employed,"Psychotherapist, dance movement",63284
193,Mark Clark,Female,31,Master,Psychology,Monroe-Rodriguez University,2019,2.67,Canada,Unemployed,NA,0
194,Deborah Hawkins,Female,20,Bachelor,Electrical Engineering,"Sutton, Carter and Chandler College",2018,3.18,Canada,Employed,Personal assistant,81404
195,Rita Gilbert,Male,25,Bachelor,Finance,"Reyes, Armstrong and Marsh Institute",2019,2.88,USA,Employed,Minerals surveyor,110294
196,Mr. Gerald Wallace DDS,Female,32,Master,Finance,Costa Inc College,2020,3.62,Japan,Employed,Event organiser,43315
197,Stacy Rowe DDS,Female,34,Bachelor,Finance,"Douglas, Nguyen and Elliott University",2020,2.77,Canada,Employed,Tax adviser,70099
198,Joseph Franco,Female,29,PhD,Data Analytics,Oliver LLC Institute,2020,3.92,UK,Employed,Geographical information systems officer,60739
199,Sean Daugherty,Female,28,Bachelor,English Arts,Rhodes-Flowers University,2020,2.94,Germany,Employed,Animator,57838
200,Ian Williams,Male,24,Bachelor,Electrical Engineering,Nichols and Sons University,2022,3.24,USA,Employed,Analytical chemist,58937
201,Nancy Johnson,Male,26,Bachelor,Economics,Frye-Johnson Institute,2015,4.0,UK,Employed,Interior and spatial designer,103110
202,Courtney Hart,Female,30,Bachelor,Medicine,Ballard Inc University,2016,3.19,Canada,Employed,Minerals surveyor,46114
203,Kayla Love,Male,39,Bachelor,Computer Science,Brown and Sons Institute,2017,3.88,Japan,Employed,Systems analyst,57002
204,Sherry Maxwell,Male,26,Bachelor,Mathematics,King-Bennett University,2019,2.91,Australia,Employed,Archaeologist,73429
205,Angel Hernandez,Female,37,Master,Data Analytics,Skinner-Fleming Institute,2022,3.62,Australia,Employed,"Accountant, chartered public finance",106082
206,Leslie Tucker,Male,32,Master,Finance,Palmer and Sons College,2021,3.71,UK,Employed,"Therapist, music",81809
207,Jason Jacobs,Male,29,Bachelor,Economics,"Christian, Beck and Martin University",2019,3.6,Canada,Employed,Geochemist,55674
208,Sarah Lee,Male,28,Bachelor,Medicine,"Thompson, Alvarado and Brown Institute",2022,2.99,Japan,Unemployed,NA,0
209,Ian Thompson,Female,35,Master,Physics,Benson and Sons College,2022,3.1,Germany,Employed,Translator,58417
210,Jason Knight,Female,24,Bachelor,Physics,Bryant LLC College,2020,3.38,France,Employed,"Designer, fashion/clothing",106566
211,Sarah Alvarez,Female,26,Master,Psychology,Edwards PLC University,2018,2.79,UK,Unemployed,NA,0
212,Angela Davis,Female,23,PhD,Data Analytics,Armstrong-Oneal Institute,2022,2.51,Germany,Employed,"Administrator, education",42397
213,Jeremy King,Male,34,Bachelor,Statistics,"Moore, Moran and Bolton Institute",2022,3.54,Australia,Unemployed,NA,0
214,Jason Williams,Male,21,Bachelor,Physics,"Porter, Bryant and Warner College",2015,3.79,USA,Employed,Quality manager,102543
215,Mary Powell,Female,24,Bachelor,Data Analytics,Rodriguez PLC University,2016,3.41,UK,Employed,Surgeon,116989
216,James Williams,Female,26,Master,Marketing,Carey PLC College,2021,3.2,Canada,Employed,Medical technical officer,116355
217,Kari Gonzalez,Male,33,Master,Marketing,Walker Inc College,2019,3.94,UK,Employed,"Engineer, automotive",67362
218,Ray Kelly,Male,35,PhD,Marketing,Taylor-Diaz Institute,2017,3.25,USA,Employed,Hospital pharmacist,103813
219,David Moody,Male,26,Bachelor,Biology,"Campbell, Hawkins and Hughes College",2021,3.49,Germany,Employed,Garment/textile technologist,46688
220,Mike Watson,Male,27,Bachelor,Data Analytics,"Stokes, Stephens and Hodges University",2022,3.3,France,Unemployed,NA,0
221,Shannon White,Male,31,Master,Chemistry,"Erickson, Potts and Newton University",2016,3.23,France,Employed,"Surveyor, hydrographic",82025
222,Christine Proctor,Female,30,PhD,Medicine,Grant LLC College,2016,3.33,Canada,Employed,Paediatric nurse,85205
223,Terry Silva,Female,22,Bachelor,Physics,"Warren, Williams and Gonzalez University",2023,3.09,Canada,Employed,Magazine features editor,105207
224,Deanna Wade,Female,30,Bachelor,Psychology,Smith-Francis Institute,2022,3.99,Germany,Employed,Arts administrator,91858
225,Ashley Fisher,Female,22,Bachelor,Mathematics,Edwards Group University,2020,3.52,Canada,Unemployed,NA,0
226,Jessica Martinez,Male,21,Master,Physics,"Smith, Moore and Johnson University",2015,2.73,USA,Employed,Research scientist (medical),115722
227,Kevin Lowe,Male,37,Bachelor,Finance,"Garcia, Gomez and Reilly University",2016,3.38,Japan,Employed,Civil Service administrator,119981
228,Lisa Woods MD,Male,27,Master,Chemistry,Smith-Adkins University,2019,3.57,Germany,Employed,Hospital pharmacist,41943
229,Anita Ray,Female,29,Bachelor,Mechanical Engineering,Jones-Terry Institute,2016,3.13,Canada,Employed,Mechanical engineer,102768
230,Benjamin Nelson,Male,29,PhD,Computer Science,Gonzalez Ltd University,2016,3.72,UK,Unemployed,NA,0
231,David Gregory,Female,27,Bachelor,Public Health,Sutton-Baxter College,2018,3.79,Germany,Employed,Multimedia specialist,72724
232,Shelby Gamble,Female,33,Master,Electrical Engineering,Goodman-Garcia University,2018,3.89,UK,Unemployed,NA,0
233,Denise Mitchell,Female,35,Master,Biology,"Hernandez, Mcmahon and Kim Institute",2017,3.63,UK,Employed,Fine artist,58464
234,Frank Watts,Female,37,Master,Business Administration,Gibbs Group Institute,2023,2.82,UK,Employed,Sports administrator,66485
235,Thomas Lester,Male,38,PhD,Neuroscience,"Hill, Thomas and Wilson Institute",2022,3.58,France,Employed,"Conservation officer, historic buildings",112011
236,Kristen Garrett,Female,36,Bachelor,Marketing,"Meyer, Trevino and Stokes Institute",2022,3.4,France,Employed,Physiotherapist,51509
237,Jill Bradley,Male,39,Master,Chemistry,Curtis-Lewis College,2015,3.71,UK,Employed,Occupational hygienist,101659
238,Benjamin Summers,Female,29,Bachelor,Public Health,Garcia-Young Institute,2017,3.52,France,Unemployed,NA,0
239,David Montgomery,Male,24,Master,Electrical Engineering,"Hernandez, Lopez and Werner University",2021,2.7,France,Employed,Lexicographer,117233
240,Scott Newman,Female,26,Bachelor,Public Health,Lee Group University,2021,3.82,Germany,Employed,Personnel officer,43964
241,Leonard Winters,Male,22,Master,Psychology,Smith-Trujillo Institute,2020,2.97,Canada,Unemployed,NA,0
242,Elizabeth Smith,Male,39,Master,Marketing,Garcia-Carter University,2018,2.59,Australia,Employed,"Engineer, aeronautical",92678
243,Michael Lawrence,Female,32,Bachelor,Medicine,Hill and Sons University,2017,2.83,Germany,Employed,Product designer,43353
244,Chloe Martinez,Male,38,Bachelor,Business Administration,"Montgomery, Hunter and Winters University",2021,3.45,Germany,Employed,Aid worker,53986
245,Jessica Rodriguez,Male,36,Bachelor,Statistics,"Stevens, Collins and Winters College",2022,3.43,Germany,Employed,Glass blower/designer,69283
246,Karen Carter,Female,28,Bachelor,Computer Science,Sanders-Mahoney University,2015,3.69,UK,Employed,"Clinical scientist, histocompatibility and immunogenetics",56146
247,Michael Parker,Male,34,Bachelor,Statistics,Gutierrez-Marsh College,2021,3.36,UK,Employed,"Administrator, charities/voluntary organisations",113844
248,Jaclyn Johnson,Female,28,Bachelor,Mathematics,Smith-Brooks Institute,2022,3.15,France,Employed,"Engineer, energy",58531
249,Ashley Benson,Female,24,Bachelor,Physics,Harvey and Sons College,2020,3.25,Canada,Employed,"Engineer, control and instrumentation",100450
250,Michelle Vargas,Male,33,Bachelor,Mathematics,"Conley, Vargas and Miller Institute",2017,3.52,UK,Employed,Airline pilot,48101
251,Mrs. Peggy Franco,Female,39,Master,Statistics,Davis PLC University,2023,3.33,Canada,Employed,Herpetologist,79840
252,Nathan Burke,Female,20,Bachelor,Psychology,Pham-White University,2015,3.63,Canada,Employed,Production manager,54142
253,Maria Pham,Female,37,Bachelor,Public Health,Carey-Lee University,2017,3.43,Germany,Employed,Lexicographer,88600
254,Annette Travis,Male,32,Bachelor,English Arts,Snyder-Greer College,2021,3.71,Canada,Employed,Hospital pharmacist,116117
255,Jeffery Perez,Female,21,Bachelor,Psychology,Gomez-Foster College,2021,2.79,Australia,Employed,Medical sales representative,117811
256,Daniel Martinez,Female,34,Bachelor,Physics,Wilson Ltd University,2016,3.81,USA,Unemployed,NA,0
257,Jeremy Young,Male,20,Master,Mathematics,Murillo and Sons Institute,2016,3.13,Australia,Employed,Sales promotion account executive,68681
258,Allen Sanchez,Male,22,Master,Data Analytics,White Group College,2022,3.7,Canada,Unemployed,NA,0
259,Holly Ortiz,Female,26,Bachelor,Marketing,"Turner, Mckinney and Odonnell University",2020,2.71,Japan,Employed,Furniture conservator/restorer,58387
260,Caitlyn Hayes,Male,26,Bachelor,Chemistry,"Tate, Lopez and Gordon Institute",2018,2.74,France,Unemployed,NA,0
261,Shannon Huerta,Male,29,Master,Neuroscience,Stewart Group Institute,2015,3.72,USA,Employed,Financial manager,49551
262,Marcus Edwards,Male,26,Bachelor,Chemistry,"Garrett, Rowe and Martin University",2023,3.94,Australia,Employed,Interior and spatial designer,87052
263,Elizabeth Meadows,Female,21,Bachelor,Public Health,"Woods, Garcia and Davis University",2019,3.63,Australia,Unemployed,NA,0
264,Lindsey Brown,Female,26,Bachelor,Mathematics,"Dorsey, Day and Ramirez College",2018,3.59,UK,Employed,"Research officer, government",106623
265,Matthew Martinez,Male,30,Bachelor,Marketing,Dickerson and Sons Institute,2017,3.34,Germany,Unemployed,NA,0
266,Lucas Freeman,Female,33,Master,Neuroscience,Rose-Holmes University,2020,3.52,Canada,Employed,Trade mark attorney,47582
267,Tiffany Mclaughlin,Female,36,Master,Data Analytics,"Smith, James and Elliott Institute",2016,3.07,UK,Employed,Further education lecturer,117738
268,Jeffrey Hale,Female,38,Bachelor,Public Health,Anderson-Jackson Institute,2018,3.0,France,Employed,"Programmer, multimedia",54407
269,Jose Lopez,Female,27,Bachelor,English Arts,Hill LLC Institute,2020,2.89,Australia,Employed,Land/geomatics surveyor,75450
270,Stephanie Cox,Female,28,Bachelor,Public Health,Cobb PLC Institute,2018,3.03,Australia,Employed,"Designer, blown glass/stained glass",41373
271,Richard Rice,Male,30,Master,Medicine,"Weber, Jackson and King University",2020,3.47,Japan,Employed,Management consultant,91484
272,Holly Martinez,Female,32,PhD,Marketing,"Lewis, Cunningham and Graham University",2015,3.51,Japan,Employed,Health and safety inspector,53829
273,Alexander Thompson,Female,32,Master,Neuroscience,Walker-Jordan University,2015,3.76,Australia,Employed,Location manager,68706
274,Nicole Hancock,Female,20,Bachelor,Mathematics,Martin-Wright College,2015,3.52,Germany,Employed,Manufacturing engineer,97837
275,Kristopher Castaneda,Male,39,Bachelor,Economics,Osborne-Bell Institute,2023,3.97,Australia,Employed,Patent examiner,59068
276,Phillip Hensley,Female,26,Master,Business Administration,"Wilson, Smith and Edwards University",2016,2.71,Japan,Employed,Sales executive,84483
277,Jason Garcia,Female,22,Bachelor,Data Analytics,"Banks, Williams and Chase College",2021,3.69,Japan,Employed,Wellsite geologist,84546
278,Bryan Jones,Female,27,Master,Computer Science,Boyd-Pham Institute,2019,2.99,UK,Employed,"Horticulturist, amenity",40027
279,Margaret Hernandez,Female,27,Bachelor,Economics,Lang PLC University,2020,3.92,Canada,Employed,Music tutor,57979
280,Garrett Jones,Female,25,Bachelor,Neuroscience,Patterson Inc Institute,2015,3.98,USA,Employed,"Nurse, children's",80762
281,Stephen Sherman,Female,28,Bachelor,Economics,Dixon Ltd College,2022,2.57,UK,Unemployed,NA,0
282,Shane Donovan IV,Male,38,Bachelor,English Arts,"Camacho, Buck and Rodriguez University",2016,3.45,Canada,Employed,Chartered certified accountant,103344
283,Mary Rogers,Female,29,Bachelor,Biology,"Snow, Chaney and Smith College",2015,2.72,France,Employed,Textile designer,104713
284,Sandra Goodman DDS,Female,20,Bachelor,Mechanical Engineering,Russell-Jennings University,2023,2.58,Canada,Unemployed,NA,0
285,Joseph Rhodes,Female,35,Bachelor,Business Administration,Cole Inc College,2015,2.88,Australia,Employed,Advertising account executive,110100
286,Rebecca Allen,Male,20,Bachelor,Psychology,"Harris, Huber and Mathis University",2022,2.79,USA,Employed,Insurance account manager,42197
287,Sheryl Rios,Male,20,Bachelor,Biology,"Garcia, Myers and King Institute",2022,3.42,USA,Employed,"Psychologist, prison and probation services",67044
288,Matthew Ross,Male,30,PhD,Biology,"Lewis, Oliver and Andrews Institute",2023,3.42,USA,Employed,"Administrator, local government",68144
289,Heather Shelton,Female,20,Master,Data Analytics,"Pennington, Wilkerson and Olson College",2019,3.17,Germany,Employed,"Surveyor, quantity",103304
290,Mary Skinner,Female,33,Bachelor,Physics,"Kelley, Roberts and Brown Institute",2017,3.31,USA,Employed,Careers information officer,69924
291,Bradley Johnson,Male,20,Bachelor,Psychology,Blair Ltd College,2017,2.9,USA,Employed,Occupational hygienist,84398
292,Walter Hurst,Male,32,Master,Marketing,Payne-Smith College,2018,3.18,Canada,Employed,Immunologist,100087
293,Jose Hopkins,Female,24,Master,Public Health,Jones-Andrews University,2015,3.89,Australia,Employed,Medical secretary,116815
294,Vincent Moore,Male,35,Master,Neuroscience,Smith-Novak University,2017,3.26,USA,Employed,Further education lecturer,75587
295,William Barker,Female,34,Bachelor,Data Analytics,Mueller-Blake University,2015,2.99,Japan,Employed,Radio broadcast assistant,107953
296,Kenneth Baker,Male,39,Bachelor,Computer Science,Marshall Ltd College,2023,3.33,Germany,Unemployed,NA,0
297,Cheyenne Savage,Male,20,PhD,Neuroscience,"Hampton, Reynolds and Nelson College",2022,3.43,Germany,Employed,"Therapist, sports",57878
298,Mr. David Hall,Male,36,Bachelor,Physics,Underwood-Anthony College,2018,2.95,UK,Employed,Mining engineer,119114
299,Jamie Dorsey,Female,21,PhD,Data Analytics,Mejia Ltd University,2015,3.78,UK,Employed,Engineering geologist,54004
300,Michael Rangel,Male,33,Master,Finance,Mason-Cohen College,2017,3.81,USA,Unemployed,NA,0
301,Cheyenne Sherman,Female,32,Master,Business Administration,"Gordon, Hernandez and Cervantes University",2021,3.4,UK,Employed,"Administrator, sports",57349
302,Deborah Clarke,Male,28,Master,Psychology,Phelps LLC College,2019,2.59,USA,Employed,Operations geologist,100658
303,Julie Harper,Female,37,Bachelor,Marketing,Oliver Inc University,2023,3.09,Australia,Employed,Land/geomatics surveyor,87186
304,Keith Buchanan,Male,28,Bachelor,Medicine,"Peters, Schwartz and Thomas University",2018,2.91,France,Unemployed,NA,0
305,Sarah Watson,Male,37,Bachelor,Psychology,Miranda Group Institute,2016,2.6,Canada,Unemployed,NA,0
306,Robert Smith,Female,31,Bachelor,Statistics,Hensley LLC University,2023,2.77,Canada,Employed,Podiatrist,48036
307,Cathy Garner,Female,39,Bachelor,Economics,Pruitt LLC University,2018,2.99,USA,Employed,Games developer,75220
308,Angela Patterson,Female,26,Bachelor,Chemistry,Hughes-Trujillo College,2020,3.18,Australia,Unemployed,NA,0
309,Allison Haynes,Male,26,Master,Data Analytics,"Saunders, Farmer and Carroll University",2018,3.18,Germany,Employed,Haematologist,87098
310,Jeremy Reed,Female,29,Master,Medicine,"Hernandez, Hartman and Williams Institute",2017,2.78,USA,Employed,Adult nurse,66903
311,Christopher Fleming,Male,21,PhD,Data Analytics,"Wright, Gordon and Gibson University",2021,3.39,USA,Unemployed,NA,0
312,Mitchell Blair,Male,25,Master,Mathematics,"Guerra, Harrison and Wilson College",2020,2.98,Germany,Unemployed,NA,0
313,Scott Casey,Female,39,Master,Business Administration,"Edwards, Becker and Horton University",2016,2.76,France,Employed,"Scientist, physiological",83182
314,Suzanne Grimes DDS,Male,26,Bachelor,English Arts,Johnson PLC College,2019,3.29,Germany,Employed,Hydrographic surveyor,82611
315,Tyler Thompson,Female,29,Bachelor,Marketing,Norman Ltd University,2015,3.3,Germany,Employed,"Development worker, international aid",93477
316,Matthew Allison,Male,38,Bachelor,Medicine,Cook Group College,2020,3.75,UK,Employed,Psychiatrist,85612
317,Karen Garcia,Male,24,Bachelor,Economics,"Jones, Davidson and Yates Institute",2016,2.87,Australia,Employed,Learning mentor,75363
318,Rebecca Edwards,Male,37,Bachelor,Public Health,Gonzales Ltd College,2022,3.28,Germany,Employed,Biomedical engineer,54610
319,Joshua Moore,Male,29,Bachelor,Public Health,Patterson-Collins University,2022,3.79,UK,Employed,"Social research officer, government",109235
320,Rebecca Barrett,Female,20,Bachelor,Statistics,"Rivera, Glenn and Ayers University",2017,3.55,Germany,Employed,"Engineer, site",74037
321,Luke Hill,Female,33,Bachelor,Mathematics,Williams-Edwards College,2017,3.89,Germany,Employed,"Engineer, energy",87036
322,Christopher Wilson,Male,34,Bachelor,Mathematics,"Matthews, Chapman and Smith College",2020,3.79,USA,Employed,Health and safety inspector,97185
323,Wendy Henry,Female,39,Bachelor,Economics,Diaz Group University,2020,3.41,USA,Employed,Chartered public finance accountant,87435
324,Bill Baker,Female,35,Master,Statistics,Bennett-Miller Institute,2022,2.82,UK,Employed,Art gallery manager,115993
325,Christopher Brown,Female,28,Bachelor,Psychology,Russell-Irwin University,2017,2.81,Canada,Employed,Drilling engineer,44930
326,James Garza,Male,33,Bachelor,Business Administration,"Espinoza, Rogers and Miranda University",2019,3.41,UK,Employed,Optometrist,68318
327,Eric Davidson,Male,30,Bachelor,Psychology,Castillo Inc Institute,2017,2.78,Germany,Employed,Conference centre manager,60725
328,Matthew Vance,Female,36,Master,Medicine,Maldonado and Sons University,2015,3.12,France,Employed,Nature conservation officer,40447
329,Cindy Jensen,Male,39,Bachelor,Economics,Bruce PLC College,2019,2.97,Canada,Employed,Engineering geologist,85115
330,Robert Estrada,Female,26,Bachelor,Mathematics,"Landry, Gates and Stone University",2023,3.55,UK,Employed,"Administrator, Civil Service",46348
331,Robert Anderson,Male,38,Master,Finance,Perez-Casey Institute,2017,2.99,UK,Employed,Fisheries officer,74625
332,Leslie Fowler,Male,36,Master,Data Analytics,Lowe PLC College,2023,3.6,Australia,Employed,Police officer,48049
333,Cody Goodwin,Male,32,Master,Data Analytics,Ochoa PLC University,2020,3.01,Canada,Employed,Electronics engineer,71036
334,Wesley Miller,Male,32,Bachelor,Finance,Pierce Ltd Institute,2016,2.85,USA,Employed,"Geologist, wellsite",101307
335,Edwin Hansen,Male,34,Master,Biology,"Taylor, Irwin and Kemp University",2021,2.68,Australia,Employed,Radio broadcast assistant,106753
336,Ryan Beard,Male,35,Master,Chemistry,Hunter and Sons University,2023,3.17,USA,Employed,Animal nutritionist,57594
337,Michele Lucas,Female,28,Bachelor,Economics,Ryan Inc University,2016,2.6,France,Unemployed,NA,0
338,Stephen Brady,Female,25,Bachelor,Computer Science,Ellison-Hines Institute,2020,3.31,USA,Employed,Geophysical data processor,82773
339,Kevin Oliver,Male,38,PhD,Electrical Engineering,Walsh and Sons University,2023,3.18,Germany,Employed,English as a foreign language teacher,56619
340,Vincent Gilbert,Female,39,Bachelor,Marketing,Black Ltd Institute,2023,3.21,UK,Employed,Ecologist,53747
341,Alicia Stone,Male,31,Bachelor,Mechanical Engineering,"Bryant, Sanchez and Robles College",2019,3.87,Japan,Employed,Armed forces technical officer,102320
342,Richard Levine,Male,25,Bachelor,Psychology,Ray-Lindsey College,2017,3.5,France,Employed,"Engineer, broadcasting (operations)",47975
343,Travis Jordan,Female,34,Bachelor,Computer Science,Pierce and Sons University,2023,2.9,Japan,Employed,Radio producer,86748
344,Henry Turner,Male,27,PhD,Computer Science,Wade and Sons University,2015,2.68,Japan,Unemployed,NA,0
345,Trevor Garrett,Male,22,Bachelor,Physics,"Hopkins, Lambert and Walker University",2021,2.5,USA,Employed,Government social research officer,102210
346,Matthew Walker,Female,38,PhD,English Arts,"Hunt, Robinson and Ortiz Institute",2018,3.72,USA,Employed,Publishing copy,93924
347,Renee Stewart,Male,30,Bachelor,Biology,Hampton Ltd College,2017,2.55,Germany,Employed,"Engineer, civil (consulting)",43408
348,Mr. Anthony Padilla,Male,34,Bachelor,Chemistry,Conner-Pennington University,2021,2.56,USA,Employed,Sports therapist,74132
349,Natalie Pearson,Male,34,Bachelor,Mathematics,Anderson-Singh College,2016,2.95,Germany,Employed,Tour manager,46329
350,Michael Chandler,Female,30,Master,Business Administration,"Thompson, Oneill and Stafford University",2022,3.14,Australia,Employed,Production engineer,107633
351,Kurt Green,Female,38,Bachelor,Physics,Chavez-Ortiz Institute,2020,3.86,Japan,Employed,Barrister's clerk,63449
352,James Barnett,Female,32,Bachelor,Marketing,"Kennedy, Wilkerson and Garcia College",2021,3.46,France,Employed,Broadcast presenter,119069
353,Sonia Dawson,Male,32,Bachelor,Mechanical Engineering,"Oneill, Dunn and Hicks University",2017,3.35,Canada,Employed,"Scientist, research (life sciences)",110743
354,Carly Cook,Female,37,Bachelor,Marketing,Walker-Long Institute,2020,3.11,Canada,Employed,Dispensing optician,44746
355,Kelly Conner,Female,30,Master,Biology,"Bradley, Mclaughlin and Wiley University",2017,2.92,USA,Employed,Clinical psychologist,72286
356,Thomas Walker,Female,29,PhD,Psychology,Kelley LLC College,2022,2.78,USA,Employed,Herpetologist,79810
357,Renee Cunningham,Female,23,Bachelor,Business Administration,Ali-Barr Institute,2021,3.49,UK,Employed,"Civil engineer, contracting",61498
358,Kylie Tran,Female,22,Bachelor,Biology,"Compton, Morgan and Johnson Institute",2023,3.38,Australia,Unemployed,NA,0
359,Samuel Garcia Jr.,Male,39,Bachelor,Electrical Engineering,Miller PLC College,2023,3.23,Australia,Employed,Insurance account manager,112936
360,Virginia Rodriguez,Female,23,Master,Finance,"Turner, Torres and Moyer University",2020,2.5,Canada,Unemployed,NA,0
361,Chase Patterson,Male,24,Master,Neuroscience,Davis-Rivas University,2021,3.61,France,Employed,Paediatric nurse,102525
362,Brian Wallace,Female,28,Master,Statistics,"Benitez, Edwards and Frank College",2016,3.54,UK,Unemployed,NA,0
363,Ryan Carpenter,Male,21,Bachelor,Computer Science,Wallace-Franklin College,2023,2.88,USA,Employed,Psychiatric nurse,49923
364,Michael Jackson,Female,34,Bachelor,Chemistry,Hernandez-Edwards College,2017,3.75,Australia,Unemployed,NA,0
365,Cameron Guerrero,Female,35,Master,Business Administration,"Melton, Oconnor and Adams Institute",2022,3.7,France,Employed,"Loss adjuster, chartered",76530
366,Daniel Carter,Male,36,Bachelor,Public Health,Evans and Sons University,2023,2.8,France,Employed,Financial manager,67367
367,Robert Austin,Female,33,PhD,Marketing,Ayers-Hill College,2020,2.7,USA,Employed,"Engineer, water",119450
368,Cindy Stevens,Male,28,PhD,Business Administration,Riley LLC Institute,2017,3.43,Canada,Employed,Farm manager,95553
369,Candice Molina,Female,34,Bachelor,Finance,Francis-Allen University,2016,3.68,Germany,Unemployed,NA,0
370,Wesley Wheeler,Female,33,Bachelor,Electrical Engineering,"Burch, Brennan and Patel Institute",2018,3.04,Germany,Employed,Physiological scientist,87154
371,Elizabeth Smith,Female,36,Master,Mathematics,Reed-Willis College,2016,3.42,UK,Employed,Occupational hygienist,107048
372,Tiffany Barker,Female,38,Bachelor,Data Analytics,French and Sons Institute,2023,2.92,Japan,Unemployed,NA,0
373,Jesus Meyer,Female,21,Master,Mathematics,"Smith, Garcia and Hinton Institute",2021,3.25,Japan,Employed,Broadcast engineer,50928
374,Jeffrey Reid,Female,33,PhD,English Arts,Warren-Lozano University,2015,2.9,Japan,Employed,Multimedia specialist,98883
375,Evelyn White,Female,31,Master,Data Analytics,Reeves Group Institute,2023,3.83,Canada,Unemployed,NA,0
376,Jill Moody,Male,37,Bachelor,English Arts,Griffin Inc College,2017,2.72,Germany,Employed,Nature conservation officer,85577
377,Diane Baker,Female,23,Bachelor,Biology,Torres-Warren University,2022,2.98,Japan,Employed,Chief Operating Officer,54975
378,Keith Lee,Male,31,Master,Finance,Le-Williams Institute,2019,2.97,Germany,Employed,Aeronautical engineer,85990
379,James Cuevas,Female,38,Master,Mathematics,Clark-Young University,2022,3.59,Japan,Employed,"Scientist, biomedical",79229
380,Edwin Davidson,Female,20,Bachelor,Economics,Perez LLC University,2020,3.39,Japan,Employed,Historic buildings inspector/conservation officer,73308
381,Tyler Johnson MD,Female,24,Bachelor,English Arts,Bean Group College,2023,3.02,Canada,Employed,Professor Emeritus,60120
382,James Richard,Female,21,Bachelor,Computer Science,Young-Gilmore College,2019,2.58,Germany,Employed,Media planner,106781
383,Matthew Roberts,Male,30,Master,English Arts,"Burns, Jenkins and Molina University",2017,3.73,Australia,Employed,Building services engineer,117297
384,Dana Goodman,Female,22,Bachelor,Medicine,"Caldwell, Reyes and Jackson College",2022,2.97,UK,Employed,Dispensing optician,46717
385,Rebecca Warren,Female,25,Master,Electrical Engineering,Martin Group University,2015,3.53,Japan,Employed,Field seismologist,67471
386,Christina Williams,Female,24,Master,Finance,"Gray, Aguilar and Long University",2018,2.94,Japan,Employed,Commissioning editor,46265
387,Karen Smith,Female,22,Bachelor,Neuroscience,"Silva, Cox and Hernandez University",2019,3.39,UK,Unemployed,NA,0
388,Raymond Jones,Female,33,Master,Neuroscience,"Austin, Torres and Morrison College",2015,3.73,UK,Unemployed,NA,0
389,Deborah Duran,Female,33,Master,Chemistry,Huerta-Perez University,2023,3.13,UK,Employed,"Conservator, furniture",43502
390,Scott Mcgee,Male,30,Bachelor,Computer Science,Cooke-Browning Institute,2015,2.78,USA,Employed,"Pharmacist, hospital",58958
391,Matthew Murray,Male,22,Master,Public Health,"Sanchez, Moore and Stephens Institute",2020,3.31,UK,Employed,"Scientist, research (maths)",118566
392,Nichole Hansen,Male,26,Master,Electrical Engineering,Gates-Watkins Institute,2022,2.88,Japan,Employed,Garment/textile technologist,64804
393,Caitlyn Becker,Male,33,Master,Statistics,Rich-Conway Institute,2023,3.4,Japan,Employed,"Secretary, company",72020
394,Katherine Lee,Male,20,Bachelor,Data Analytics,Vasquez Inc University,2021,3.28,Japan,Unemployed,NA,0
395,Dakota Mullen,Male,31,Bachelor,Finance,Rollins-Delgado University,2017,2.77,France,Unemployed,NA,0
396,Madison Arnold,Male,28,Bachelor,Electrical Engineering,Johnson-Rogers Institute,2019,3.32,USA,Employed,"Sales professional, IT",67831
397,Lisa Taylor,Male,28,Bachelor,Physics,Robinson-Young Institute,2015,3.46,Australia,Employed,Furniture conservator/restorer,109721
398,Rachel Simmons,Male,38,Bachelor,Biology,Dunlap Inc College,2022,3.28,Australia,Employed,Sports coach,73196
399,John Jackson,Female,34,Bachelor,Economics,Wells-Williams University,2020,3.64,Australia,Unemployed,NA,0
400,Adam Craig,Male,35,Bachelor,Economics,Davis-Peterson University,2017,3.41,Canada,Employed,Psychiatric nurse,112802
401,Maria Blevins,Female,30,Master,Chemistry,Carter and Sons College,2018,3.96,France,Employed,Legal executive,71101
402,Alexander Garza,Male,35,Bachelor,Mechanical Engineering,"Hill, Hall and Miller University",2015,3.87,France,Employed,Publishing rights manager,75359
403,Joe Aguilar,Female,30,Bachelor,Electrical Engineering,"Stevens, Eaton and Black Institute",2017,3.13,Germany,Employed,"Designer, exhibition/display",78745
404,Melanie Hill,Male,29,Bachelor,Mathematics,Campbell-Cox University,2023,3.74,UK,Employed,Analytical chemist,84642
405,Mary Watson,Female,25,Bachelor,Chemistry,"Gonzalez, Page and Martin Institute",2022,3.27,Australia,Employed,Mudlogger,104413
406,Peter Brooks,Female,31,Master,Medicine,Cooke Ltd Institute,2015,3.43,USA,Unemployed,NA,0
407,Christian Williams,Male,25,Bachelor,Physics,White Inc Institute,2020,2.76,France,Employed,Aid worker,95996
408,Donald Porter,Female,20,Bachelor,Electrical Engineering,Clarke LLC College,2023,3.76,UK,Employed,Chiropodist,101928
409,Brian Welch,Female,22,PhD,Chemistry,"Mitchell, Mendez and Miller College",2022,2.93,Japan,Employed,Secondary school teacher,97733
410,Bradley Perkins,Male,35,Bachelor,Economics,Ramos and Sons Institute,2023,3.38,France,Employed,"Education officer, museum",118541
411,Kathryn Peters,Female,37,Master,Marketing,Ibarra-Gibson Institute,2016,3.88,Canada,Employed,Agricultural consultant,94046
412,Alison Turner,Female,38,PhD,Neuroscience,Morales Inc Institute,2015,3.64,France,Unemployed,NA,0
413,Sheri Greene,Male,35,Bachelor,Business Administration,"Johnson, Smith and Jones College",2016,3.98,USA,Employed,Product/process development scientist,58444
414,Cody Anthony,Female,25,Bachelor,Statistics,"Bennett, Smith and Floyd Institute",2019,3.99,Australia,Employed,Technical author,51232
415,Carlos Lin,Male,22,Master,Mathematics,Torres PLC College,2023,2.63,Australia,Unemployed,NA,0
416,Shawn Campos,Male,22,Master,Computer Science,"Moon, Rosario and Baker University",2016,3.83,Germany,Employed,"Investment banker, corporate",86889
417,Ashley Thomas,Female,22,PhD,Physics,Ruiz-Dixon University,2019,3.74,USA,Employed,Sports therapist,61339
418,Adam Ramirez,Female,32,Bachelor,Public Health,"Peterson, Sharp and Huff College",2016,3.07,Germany,Employed,"Optician, dispensing",73232
419,Jeffrey Hubbard,Female,39,Bachelor,Public Health,Roach Inc Institute,2016,3.58,Canada,Employed,Hospital pharmacist,117854
420,Jennifer Burns,Female,28,Bachelor,Finance,Brown-Santos University,2023,3.63,Canada,Employed,Health service manager,82649
421,Lauren Bailey,Female,38,Master,Public Health,"Lloyd, Cline and Morris College",2015,2.54,USA,Employed,Mining engineer,108346
422,Susan Nicholson,Male,35,Master,Data Analytics,"Wilson, Medina and Fox College",2017,3.73,UK,Employed,Software engineer,77428
423,Jonathan Gordon,Female,23,Bachelor,Business Administration,"May, Armstrong and Freeman College",2023,3.03,France,Employed,Claims inspector/assessor,92462
424,Courtney Mcpherson,Female,25,Bachelor,Statistics,"Dominguez, George and Walls College",2015,3.33,Germany,Unemployed,NA,0
425,Kurt Horne,Female,32,Master,Business Administration,Hernandez and Sons Institute,2018,3.85,Canada,Employed,Sports therapist,69557
426,Lauren Johnson,Male,29,Bachelor,Computer Science,Young and Sons College,2015,2.62,USA,Employed,"Psychologist, forensic",95334
427,Lisa Poole,Male,34,Master,Computer Science,"Smith, Daniel and Graves Institute",2016,3.41,UK,Employed,Press sub,107911
428,Jaime Burnett,Male,20,Master,English Arts,Mann Group University,2019,2.9,Australia,Employed,"Teacher, English as a foreign language",49434
429,Veronica Smith,Male,25,PhD,Statistics,"Gonzalez, Jacobson and Johnson University",2023,2.94,UK,Unemployed,NA,0
430,Kathy Carpenter,Female,27,Bachelor,Physics,"Manning, Lynch and Miller College",2018,3.75,Canada,Employed,IT technical support officer,72322
431,Laura Flowers,Male,21,Bachelor,Physics,"Rodriguez, James and Simpson College",2016,2.9,France,Unemployed,NA,0
432,Elizabeth Barnes,Male,33,Master,Mechanical Engineering,Hinton-Savage University,2017,3.93,Canada,Employed,Retail manager,57536
433,Vanessa Haynes,Female,31,Master,Finance,Mckay Inc Institute,2022,2.78,USA,Employed,"Engineer, control and instrumentation",41587
434,Alexander Flowers,Female,38,Bachelor,Medicine,"Allen, Goodman and Pearson Institute",2020,2.88,France,Employed,Technical author,105569
435,Dustin Herring,Male,25,Bachelor,Data Analytics,"Castillo, Mcgee and Hill University",2017,2.51,Australia,Employed,"Psychologist, forensic",70387
436,Maria Sosa,Female,32,PhD,Chemistry,Martin Group Institute,2020,3.15,Australia,Employed,Dramatherapist,89105
437,Sydney Wilson,Female,29,PhD,Computer Science,Irwin-Forbes University,2022,3.19,France,Employed,"Scientist, clinical (histocompatibility and immunogenetics)",97890
438,Jessica West,Female,26,Bachelor,Electrical Engineering,Frederick-Guzman University,2019,2.59,UK,Employed,Geophysicist/field seismologist,112871
439,Walter Adkins,Female,20,Master,Economics,"Kelly, Henry and Terry Institute",2018,2.93,France,Employed,Prison officer,60224
440,Joseph Taylor,Female,25,Bachelor,Psychology,Jones LLC Institute,2017,3.98,France,Employed,Science writer,68645
441,Joseph Massey,Female,21,Bachelor,Physics,Smith and Sons Institute,2015,3.62,Canada,Employed,Claims inspector/assessor,119871
442,Jared Mueller,Male,20,Master,Psychology,Jimenez-Wilson Institute,2023,3.16,UK,Employed,Ship broker,40281
443,Amanda Guerrero,Female,34,Bachelor,Chemistry,Rodriguez Group University,2021,3.73,Australia,Employed,Chief Technology Officer,72827
444,Steven Mclaughlin,Male,21,Bachelor,Economics,Evans-Martin College,2022,2.55,Germany,Employed,"Loss adjuster, chartered",118133
445,Julia Santiago,Female,28,Bachelor,English Arts,"Gomez, Conrad and Morrison University",2018,3.67,Germany,Employed,Armed forces logistics/support/administrative officer,108542
446,Elizabeth Hubbard,Male,34,Bachelor,Chemistry,"Mullins, Walker and Harper Institute",2015,2.75,Canada,Employed,Immunologist,110942
447,Jacob Yoder,Female,39,Bachelor,Marketing,Shepard Ltd College,2021,3.78,France,Employed,Trading standards officer,61573
448,Shannon Taylor,Male,29,Bachelor,Statistics,Chaney and Sons College,2019,3.92,France,Employed,"Copywriter, advertising",93435
449,Anthony Stone,Female,21,PhD,Electrical Engineering,Rodriguez-Reid University,2017,2.61,France,Unemployed,NA,0
450,Raymond Moses,Male,35,PhD,Psychology,Mejia Group Institute,2020,3.86,France,Employed,Passenger transport manager,99710
451,Melissa Chan,Female,25,Bachelor,Psychology,"Adams, Gutierrez and Vincent College",2021,3.48,Germany,Employed,Lawyer,89777
452,Kathy Phelps,Female,21,Bachelor,Computer Science,"Garcia, Hayes and Meyer Institute",2015,3.62,France,Employed,"Pilot, airline",88474
453,Alyssa Perez,Female,37,Bachelor,Computer Science,"Hall, Baxter and Salazar Institute",2016,3.92,Australia,Unemployed,NA,0
454,Jennifer Medina,Female,33,Bachelor,Psychology,Anderson Ltd University,2021,3.13,UK,Employed,"Doctor, hospital",43210
455,Mrs. Kristen Giles,Female,22,Master,Physics,Martin-Dillon Institute,2015,2.74,Japan,Employed,Magazine features editor,43262
456,Nathan Norman,Male,32,Bachelor,Business Administration,"Irwin, Phillips and Brown Institute",2015,3.74,Canada,Employed,Clinical psychologist,59790
457,James Perry,Male,22,PhD,Mathematics,Fox PLC University,2021,3.24,USA,Employed,Field seismologist,72597
458,Anthony Jones,Female,30,Bachelor,Economics,Barton-Reid College,2022,2.99,France,Employed,Passenger transport manager,98618
459,Jack Watkins,Female,37,Master,Electrical Engineering,Johnson-Sullivan College,2022,3.81,Japan,Employed,Haematologist,92386
460,Theresa Singh,Male,22,Master,English Arts,Mendez-Gonzales College,2023,3.91,Germany,Employed,Health visitor,44866
461,Jeanette Warner,Female,39,PhD,English Arts,"Brown, Frank and Wells College",2020,3.96,UK,Employed,"Designer, industrial/product",107605
462,Latoya Bates,Male,24,Bachelor,English Arts,"Robertson, Stewart and Pruitt College",2015,2.85,USA,Employed,Astronomer,112242
463,Peter Jordan,Male,32,Master,Psychology,Hardy Inc University,2017,3.84,Australia,Employed,Magazine journalist,85497
464,Crystal Lewis,Female,35,Master,Marketing,"Le, Holmes and Mueller College",2022,3.6,France,Employed,Chartered accountant,68654
465,Nathaniel Smith,Male,37,Master,Public Health,Morales-Cooper College,2018,3.08,USA,Employed,Immunologist,68773
466,Colin Johnson,Male,32,Bachelor,Medicine,Keith-Hernandez Institute,2018,3.7,Canada,Employed,Logistics and distribution manager,68220
467,Wendy Vincent,Female,24,Bachelor,Neuroscience,Simmons-Shea Institute,2017,2.8,Japan,Employed,Company secretary,51747
468,Colleen Morales,Male,29,Bachelor,Psychology,Hayes Inc Institute,2020,3.31,USA,Employed,Data processing manager,74351
469,Patricia Barnes,Female,37,Bachelor,Data Analytics,"Smith, Nguyen and Smith Institute",2022,3.53,France,Employed,Intelligence analyst,117659
470,Suzanne Hill,Female,30,PhD,English Arts,"Thomas, Jones and Nielsen College",2017,3.21,Australia,Unemployed,NA,0
471,Brittany Williams,Male,22,Master,Mechanical Engineering,"Copeland, White and Reynolds Institute",2018,3.64,UK,Employed,Building control surveyor,46338
472,Cindy Harris,Male,20,Master,Psychology,Walker-Nunez College,2022,2.99,UK,Employed,Diagnostic radiographer,62647
473,Shane Morrow,Male,33,Bachelor,Biology,Evans-Boyd University,2022,3.5,UK,Employed,Private music teacher,66271
474,Jason Smith,Male,33,Bachelor,Medicine,Brooks-Smith Institute,2021,3.04,USA,Employed,Land,114531
475,Joseph Sanchez,Female,35,Master,Mechanical Engineering,Aguirre Group Institute,2019,3.21,USA,Employed,"Designer, ceramics/pottery",83755
476,Willie Smith,Female,34,Bachelor,Mechanical Engineering,Gamble LLC Institute,2019,2.87,Canada,Employed,"Development worker, international aid",97122
477,Haley Carter,Female,33,Bachelor,English Arts,Vasquez Ltd University,2021,2.89,Australia,Employed,"Conservator, museum/gallery",96809
478,Todd Beard,Female,31,Bachelor,Data Analytics,"Bell, Miller and Simmons College",2020,3.41,Canada,Employed,Operations geologist,56728
479,Amanda Haas,Female,35,Bachelor,Computer Science,"Barnes, Cooper and Rodgers Institute",2017,3.75,Australia,Employed,Advertising account executive,71581
480,Donna Day,Female,33,Master,Computer Science,Johns-Anderson University,2021,3.42,Canada,Employed,"Scientist, physiological",53274
481,Lisa Rogers,Male,27,PhD,Marketing,Sloan-Gonzalez College,2016,3.13,Japan,Employed,Fashion designer,83206
482,John Williams,Male,29,Bachelor,Business Administration,Robinson-Hines Institute,2020,3.81,UK,Employed,Manufacturing systems engineer,75574
483,Anna Stephens,Male,35,Bachelor,Mechanical Engineering,Khan LLC Institute,2016,3.93,Canada,Unemployed,NA,0
484,Philip Mcdaniel,Female,30,Bachelor,Computer Science,Martinez PLC University,2019,2.57,Germany,Unemployed,NA,0
485,Katherine Patterson,Female,39,Bachelor,Neuroscience,Crawford-Carr Institute,2020,3.27,Japan,Employed,Travel agency manager,57329
486,Grant Brewer,Male,37,Bachelor,Business Administration,Alexander-Williams University,2021,3.43,UK,Employed,"Engineer, aeronautical",89513
487,Michael Parker,Male,26,Bachelor,Psychology,Moss-Everett College,2023,2.9,USA,Employed,Translator,106407
488,Aaron Hogan,Female,23,Bachelor,Mechanical Engineering,Fields-Wright University,2016,3.7,Australia,Unemployed,NA,0
489,Katherine Orr,Female,23,Bachelor,Biology,Nelson-Thomas Institute,2023,3.47,Canada,Employed,Museum education officer,67561
490,Robert Thomas,Female,31,Master,Business Administration,Schmidt-Robinson University,2016,2.69,Germany,Employed,Proofreader,80895
491,Anne Holmes,Female,38,PhD,Marketing,Melendez-Mills Institute,2023,2.53,USA,Employed,Building control surveyor,84743
492,Robin Smith,Male,25,Bachelor,Neuroscience,Steele Ltd University,2022,3.88,Canada,Employed,Writer,82082
493,Richard Scott,Male,39,PhD,Business Administration,Palmer Group University,2017,3.08,Japan,Unemployed,NA,0
494,Jared Higgins DDS,Male,37,Bachelor,Statistics,Caldwell-Sandoval University,2021,2.87,USA,Unemployed,NA,0
495,Patricia Mason,Male,30,Bachelor,Physics,Baxter-Gillespie Institute,2016,3.12,France,Employed,Warden/ranger,65352
496,Eric Holt,Male,36,Bachelor,Electrical Engineering,Sullivan Group College,2022,3.25,Germany,Unemployed,NA,0
497,Joshua Cortez,Male,22,Master,Mathematics,Pearson Group University,2017,2.87,Germany,Unemployed,NA,0
498,Hayden Holt,Male,25,Bachelor,Medicine,Brown-Reese Institute,2016,3.54,Australia,Employed,Textile designer,109564
499,Brady Dyer,Female,37,Master,Finance,"Pittman, Gomez and Ryan University",2016,3.43,France,Employed,"Therapist, music",109756
500,Kim Chang,Male,38,PhD,Statistics,Ramsey LLC College,2015,2.73,France,Employed,Comptroller,100237
501,Mitchell Parker,Male,36,Master,Economics,Morris Inc College,2020,3.54,USA,Employed,"Administrator, education",43624
502,David Fuller,Male,35,Bachelor,Mathematics,Lopez Group Institute,2023,3.46,Australia,Unemployed,NA,0
503,Christopher Schaefer,Female,28,Master,Business Administration,"Romero, Luna and Randolph Institute",2016,2.87,Germany,Employed,English as a foreign language teacher,110449
504,Kendra Williams,Female,22,Bachelor,Public Health,Flores-Jones University,2021,3.28,France,Employed,IT consultant,52106
505,Anthony Woods,Male,30,Bachelor,Economics,Lopez PLC University,2017,3.46,Germany,Employed,Solicitor,100001
506,Stacy Jones,Female,23,Master,Data Analytics,Woods-Moore University,2018,2.64,UK,Employed,Retail manager,69797
507,Devin Haynes,Male,26,Bachelor,Neuroscience,King-Smith College,2016,3.65,USA,Employed,Tourism officer,112978
508,Scott Henry,Male,29,Master,Biology,Young LLC Institute,2022,2.75,Germany,Employed,Airline pilot,62372
509,Daniel Bird,Male,23,Bachelor,Public Health,"Taylor, Watson and Haynes College",2020,3.77,USA,Employed,Trade union research officer,49398
510,Christopher Fischer,Female,30,PhD,Physics,Orr Group University,2016,2.76,USA,Employed,Toxicologist,46196
511,Joe Cuevas,Male,35,Bachelor,Physics,"Sanchez, Hampton and King Institute",2018,3.55,USA,Employed,"Designer, television/film set",107185
512,Rachel Richardson,Male,38,Bachelor,Psychology,"Anderson, Chang and Ballard Institute",2016,2.57,Australia,Employed,Metallurgist,91105
513,John Wright,Female,26,Master,Data Analytics,"Hendricks, Koch and Davis College",2020,3.86,France,Unemployed,NA,0
514,Laura Walker,Male,33,Master,Physics,Mitchell-Navarro University,2019,2.98,France,Employed,Camera operator,101198
515,Jacqueline Nguyen,Female,35,Master,English Arts,"Mcmillan, Brown and Velez University",2020,3.12,Canada,Employed,"Buyer, industrial",84609
516,Zachary Morton,Male,37,Bachelor,Physics,Becker-Perkins Institute,2015,3.43,Canada,Employed,Illustrator,112612
517,Morgan Mitchell,Male,38,PhD,Neuroscience,"Williams, Carr and Brown Institute",2017,3.67,Canada,Unemployed,NA,0
518,David Daniel,Male,34,Bachelor,Economics,Espinoza Inc Institute,2022,2.88,Canada,Employed,Financial manager,78135
519,Crystal Hobbs,Male,38,Bachelor,Mathematics,Rowland Group University,2016,3.95,Canada,Employed,"Scientist, research (medical)",101397
520,Mitchell Mills,Female,20,Master,Economics,Adams-Burke College,2017,3.23,Germany,Employed,Artist,98407
521,Marcus Smith,Female,26,Bachelor,Neuroscience,Cruz PLC Institute,2019,3.83,Germany,Unemployed,NA,0
522,Mary Riley,Male,36,PhD,Mechanical Engineering,Black LLC Institute,2020,2.59,Germany,Employed,Purchasing manager,62821
523,Joe Gray,Female,21,Master,Medicine,"Cox, Faulkner and Michael University",2020,3.81,USA,Unemployed,NA,0
524,Jose Williamson,Female,34,Master,Finance,Nelson-Vargas College,2019,3.35,UK,Unemployed,NA,0
525,Gregory Jones,Male,39,Bachelor,Medicine,Collins-Reynolds University,2015,3.95,UK,Unemployed,NA,0
526,Gregory Allen,Male,24,Master,Electrical Engineering,Smith-Alvarado College,2021,3.08,UK,Employed,"Journalist, magazine",60751
527,William Myers,Male,29,Bachelor,Physics,Carr and Sons Institute,2023,3.33,USA,Employed,Health and safety adviser,89469
528,James Simmons,Male,36,Master,Psychology,"Clark, Johnson and Bell University",2016,3.92,France,Unemployed,NA,0
529,Arthur Cervantes,Female,36,Bachelor,Biology,Miller-Martin Institute,2015,3.3,Australia,Employed,Geophysicist/field seismologist,60298
530,Craig Pena,Female,20,Bachelor,Business Administration,"Olson, Davis and Foster College",2015,3.56,Australia,Employed,Politician's assistant,111157
531,Jennifer Coleman,Male,27,Bachelor,English Arts,Thomas PLC Institute,2022,2.74,Germany,Employed,Adult guidance worker,100446
532,Kristina Santana,Female,39,Bachelor,Computer Science,Cruz-Tran University,2022,3.98,USA,Employed,Quantity surveyor,81695
533,Marc Garcia,Male,26,Master,Statistics,Guerrero-Wang Institute,2022,3.51,Japan,Employed,Barista,76690
534,Justin Alexander,Female,20,Bachelor,English Arts,Hart LLC Institute,2018,3.05,France,Employed,Community education officer,118940
535,Maria Ruiz,Male,30,Bachelor,Mathematics,"Morales, Dawson and Rodgers Institute",2021,2.84,USA,Employed,Chartered legal executive (England and Wales),56225
536,Joshua Peterson,Male,21,Bachelor,Electrical Engineering,Mercado-Miller Institute,2016,2.69,UK,Employed,"Teacher, adult education",49125
537,Sandra Small,Male,25,Master,Economics,Newman Inc College,2016,2.81,Australia,Employed,Forest/woodland manager,106911
538,Charles Wilkerson,Male,26,Bachelor,Mechanical Engineering,Fisher Ltd College,2022,3.13,Germany,Employed,Information officer,97087
539,Jesse Gonzales DDS,Male,23,Master,Statistics,Henry Inc Institute,2021,3.3,UK,Employed,Tree surgeon,117335
540,Jade Mueller,Female,27,Bachelor,Computer Science,Smith PLC College,2023,2.78,USA,Employed,Museum education officer,50930
541,Morgan Leon,Female,36,Master,Statistics,"Bailey, Fritz and Vance Institute",2022,3.56,Canada,Employed,Aid worker,73393
542,Melissa Tucker,Male,22,Master,Finance,Marshall-Bailey College,2015,2.78,Australia,Employed,"Engineer, water",102136
543,Rodney Holland,Male,34,Bachelor,Business Administration,Vazquez Inc College,2015,3.45,USA,Employed,Estate agent,109881
544,William Lara,Male,22,Bachelor,Data Analytics,Gibson Ltd University,2020,3.93,France,Employed,"Engineer, petroleum",54848
545,Steven Bradshaw,Male,30,Master,Business Administration,Tanner and Sons University,2022,3.4,Germany,Employed,"Designer, industrial/product",79952
546,Jorge Snyder,Female,30,Master,Marketing,Norton Inc College,2023,2.72,France,Employed,"Physicist, medical",72214
547,Melissa Short,Female,39,Bachelor,Psychology,"Robertson, Lopez and Jenkins University",2018,2.82,France,Employed,Microbiologist,53382
548,Elizabeth Bell,Male,29,Master,Medicine,"Clark, Leonard and Page College",2019,3.21,Germany,Employed,"Education officer, environmental",95736
549,Alexis Mitchell,Female,30,Master,Data Analytics,Anderson and Sons University,2016,2.98,USA,Employed,Museum/gallery exhibitions officer,77129
550,Sarah Vaughan,Male,28,Master,Mathematics,Downs-Woodard Institute,2017,3.8,UK,Employed,Chief Operating Officer,112370
551,Bonnie Guerrero,Male,27,Bachelor,Mathematics,Pruitt and Sons College,2021,3.23,Japan,Employed,Sport and exercise psychologist,61396
552,Robert Perry,Male,39,Bachelor,Data Analytics,Waters-Nixon University,2018,3.11,Canada,Employed,"Nurse, learning disability",70129
553,Yesenia Hart,Female,20,Master,Finance,Rogers PLC College,2018,3.06,UK,Employed,Equities trader,40165
554,Jonathan Brown,Male,34,Master,Physics,Schultz-Young University,2023,3.7,UK,Employed,Retail manager,58872
555,Mary Sampson,Female,30,Bachelor,Finance,"Andersen, Reyes and Delgado Institute",2019,3.35,Canada,Employed,"Surveyor, land/geomatics",111788
556,Natasha Vaughn,Female,38,Bachelor,Chemistry,Patton and Sons University,2016,2.98,France,Employed,Exhibition designer,68416
557,Anthony James,Female,21,Master,Electrical Engineering,Clark and Sons Institute,2015,3.46,USA,Employed,Biomedical engineer,100399
558,Sherri Weber,Female,27,Bachelor,Computer Science,Parker-Massey Institute,2017,2.91,Germany,Employed,Patent examiner,55140
559,Carol Parks,Male,38,Bachelor,Public Health,"Daniels, Daniel and Harvey Institute",2017,2.69,Australia,Employed,"Engineer, agricultural",74663
560,Jessica Edwards,Female,37,Master,Mathematics,"Black, Jones and Ochoa Institute",2020,3.12,Germany,Employed,Sales executive,75103
561,Lance Schmidt,Female,32,Bachelor,Biology,"Martin, Ramos and Martinez College",2023,3.58,Germany,Employed,Market researcher,84192
562,Alicia Davenport,Female,35,Bachelor,Psychology,Hanna-Copeland University,2017,2.76,UK,Employed,Ship broker,83743
563,Victoria Miller,Female,25,Bachelor,Mechanical Engineering,Rogers-Long College,2017,2.98,Australia,Employed,Chief Financial Officer,95132
564,Jeff Stewart,Male,26,Master,Physics,"Barron, Richard and Phelps Institute",2016,3.28,UK,Employed,Forensic psychologist,93108
565,Donald Lyons,Male,28,Bachelor,Psychology,"Hernandez, Wilson and Blake College",2023,2.77,UK,Employed,Arts administrator,109571
566,Rebecca Wood,Female,24,Bachelor,Public Health,Foley-Wilkinson Institute,2016,2.5,USA,Employed,Meteorologist,46207
567,Ashley Hunter,Male,36,Bachelor,Biology,Miller-Myers Institute,2017,3.84,UK,Employed,Exhibition designer,95495
568,Tammy Jacobs,Male,26,Bachelor,Electrical Engineering,Bass-Ramirez University,2023,3.08,Australia,Employed,Educational psychologist,76511
569,Reginald Ortiz,Female,35,Bachelor,Chemistry,Farmer-Rodriguez Institute,2023,3.38,Australia,Employed,Retail banker,74029
570,Sean Terry,Male,35,PhD,Mathematics,Adkins Group University,2018,3.41,Canada,Employed,Training and development officer,74268
571,Sarah Mcconnell,Female,28,Bachelor,Physics,Camacho-Alvarado Institute,2018,3.63,UK,Employed,"Engineer, building services",83197
572,William Horton,Male,25,Bachelor,Mechanical Engineering,Harper LLC College,2022,2.83,USA,Employed,Control and instrumentation engineer,52924
573,Samantha Weber,Male,36,Master,Mechanical Engineering,Kelly Ltd College,2023,3.84,USA,Unemployed,NA,0
574,Patrick Russell,Female,23,Bachelor,Mathematics,Olson LLC Institute,2019,3.27,Germany,Employed,"Designer, exhibition/display",94476
575,Matthew Jones,Female,25,Bachelor,Finance,"Graves, Hart and Gutierrez Institute",2017,3.3,USA,Employed,"Surveyor, minerals",60563
576,Jerry Perez,Male,31,Bachelor,Psychology,"Mcclure, Baker and Kim College",2019,3.5,UK,Employed,"Psychologist, educational",46895
577,Mrs. Donna Hunt,Female,28,Bachelor,Public Health,Schwartz Ltd Institute,2017,4.0,Japan,Employed,Claims inspector/assessor,119581
578,Alicia Farmer,Male,27,Master,Biology,"Carpenter, Park and Brooks College",2018,3.51,UK,Employed,Medical physicist,85948
579,Daniel Santos,Male,28,Bachelor,Medicine,"Greer, Mendez and Spencer Institute",2021,3.28,Canada,Employed,Logistics and distribution manager,56930
580,Amanda Cook,Male,25,PhD,Statistics,"Duncan, Glenn and Taylor Institute",2017,2.97,France,Employed,"Surveyor, hydrographic",95985
581,Antonio Johnson,Female,23,Bachelor,Mathematics,"Miller, Thomas and Hill University",2022,3.22,UK,Employed,Acupuncturist,101455
582,Stephen Jones,Male,34,Master,Computer Science,"Flores, Cohen and Sullivan University",2017,3.87,Japan,Unemployed,NA,0
583,Jill Mitchell,Male,28,Bachelor,Mechanical Engineering,Scott-Delgado University,2022,2.58,UK,Employed,English as a foreign language teacher,110027
584,Mitchell Hays,Female,30,Bachelor,Electrical Engineering,"Ramsey, Harrison and Andrews University",2015,3.6,Japan,Employed,Newspaper journalist,42365
585,Morgan Warren,Male,35,Bachelor,Physics,Thompson and Sons University,2018,3.91,Japan,Employed,Advertising copywriter,106483
586,Adrian Ramos,Female,21,Bachelor,Electrical Engineering,Ritter Ltd College,2017,2.95,Canada,Employed,Field seismologist,42261
587,Heather Lindsey,Female,37,Bachelor,Chemistry,"Mendez, Hobbs and Chapman Institute",2022,3.8,Japan,Employed,Planning and development surveyor,64142
588,Amy Allison,Male,24,Master,Physics,Porter LLC Institute,2018,2.55,Germany,Employed,Microbiologist,51103
589,Jennifer Smith,Male,36,Bachelor,Data Analytics,Ball-Peters College,2020,3.31,USA,Employed,"Programmer, systems",56347
590,Elizabeth Parks,Female,23,Bachelor,Data Analytics,Compton-Saunders University,2019,2.99,Australia,Employed,Actor,101667
591,Kevin Williams,Female,27,Master,Physics,"Harrell, Hayes and Baker University",2019,2.7,Canada,Unemployed,NA,0
592,Sean Bradley,Male,25,Bachelor,Statistics,Graham Inc College,2018,3.8,USA,Employed,Social researcher,78943
593,Ashlee Frederick,Male,21,Bachelor,Medicine,"Hernandez, Morales and Long College",2019,3.85,USA,Employed,Purchasing manager,104830
594,Jennifer Morales DDS,Male,28,Bachelor,Chemistry,"Rodriguez, Kelly and Adkins College",2017,2.75,Canada,Employed,"Engineer, maintenance (IT)",94341
595,Nancy Atkins,Male,32,Bachelor,Mechanical Engineering,"Fisher, Davis and Rodriguez University",2017,3.52,Australia,Employed,Plant breeder/geneticist,57280
596,Keith Kaufman,Male,37,Bachelor,Data Analytics,"Schmitt, Tapia and Meyer University",2021,3.44,Australia,Employed,"Teacher, secondary school",74988
597,Kimberly Cain,Female,21,Bachelor,Neuroscience,Reid-Gonzalez College,2018,3.46,Canada,Unemployed,NA,0
598,Shelly Chen,Female,35,PhD,Public Health,Berg-Moon College,2018,3.0,UK,Employed,Tax inspector,97060
599,Alicia Long,Male,38,Master,Biology,Ford Ltd College,2019,3.22,Australia,Employed,Arboriculturist,41452
600,Renee Robinson,Male,24,Bachelor,Mechanical Engineering,"Ferguson, Sullivan and York College",2018,2.7,France,Employed,Community pharmacist,67739
601,Donald Miller,Female,25,Bachelor,Statistics,Martin-King College,2023,3.36,Japan,Employed,Actor,73637
602,Tyrone Douglas,Male,35,Master,Computer Science,"Green, Jackson and Woods University",2016,2.66,Australia,Employed,Health promotion specialist,111455
603,Jason Holmes,Female,39,Master,Physics,"Norris, Mayo and Griffin College",2016,3.65,France,Employed,Commercial art gallery manager,109137
604,Pamela Gilbert,Male,31,Bachelor,English Arts,Fuller-Stephens University,2019,2.79,Canada,Employed,"Pharmacist, hospital",103434
605,Megan Brown,Male,37,Master,Statistics,"Wilson, Thomas and Smith University",2016,3.68,Canada,Employed,Prison officer,102617
606,Jasmin Taylor,Female,21,Master,Mechanical Engineering,"Mahoney, Jacobs and Montgomery Institute",2018,2.89,USA,Employed,"Accountant, chartered",107248
607,Alexa Grant,Female,28,PhD,Public Health,"Martin, Chambers and Bishop University",2022,2.84,Canada,Employed,Fisheries officer,67652
608,Dawn Stokes,Female,21,Bachelor,Computer Science,Herrera-Smith University,2021,2.76,USA,Employed,Insurance account manager,40439
609,Patricia Miles,Female,30,Bachelor,Business Administration,Olson PLC University,2016,3.43,Germany,Employed,Pensions consultant,74175
610,Whitney Miller,Male,31,Bachelor,Medicine,Jordan Inc University,2019,3.05,Germany,Employed,"Scientist, research (medical)",40886
611,Daniel Martinez,Female,21,Bachelor,Computer Science,"Dominguez, Wise and Adams College",2021,3.96,UK,Employed,"Engineer, electrical",74023
612,Eric Hammond,Female,20,Master,Medicine,Garcia Inc Institute,2017,3.54,Germany,Employed,Hospital doctor,57020
613,Maria Jones,Female,38,PhD,Business Administration,Fields PLC University,2020,3.83,France,Employed,"Administrator, education",110527
614,Kathryn Cohen,Female,37,Master,Mechanical Engineering,"Wright, Nelson and Zhang College",2021,3.4,France,Employed,Manufacturing systems engineer,56016
615,Christopher Brown,Male,26,Bachelor,Physics,Garcia LLC Institute,2020,2.51,UK,Employed,Further education lecturer,112110
616,Scott Smith,Female,31,Bachelor,Economics,Sullivan Ltd University,2015,3.33,France,Employed,Environmental education officer,60491
617,Terry Perez,Male,26,Master,Statistics,Reyes Group Institute,2018,3.84,Japan,Employed,Patent examiner,92703
618,Anna Mercer,Male,24,Bachelor,Computer Science,Ellis-Colon Institute,2018,3.23,UK,Employed,Higher education careers adviser,82754
619,Gloria Brandt,Female,32,Bachelor,Marketing,Reyes-Ferguson University,2019,2.69,USA,Unemployed,NA,0
620,Richard Ramirez,Male,25,Bachelor,Chemistry,"Page, Stevenson and Lawson Institute",2016,3.91,Australia,Employed,Print production planner,57565
621,Ronald Wood,Male,34,Bachelor,English Arts,"Long, Carroll and Williams University",2021,3.7,Canada,Unemployed,NA,0
622,Lauren Huff,Female,34,Bachelor,Neuroscience,"Palmer, Clark and Larson Institute",2022,2.54,USA,Unemployed,NA,0
623,Wanda Duncan,Female,38,Bachelor,English Arts,Martin-Kline College,2017,3.05,France,Employed,"Therapist, music",70620
624,Cathy Castillo,Female,34,Master,Statistics,Smith-Bender University,2021,2.71,Germany,Unemployed,NA,0
625,Anthony Robinson,Female,22,Bachelor,Finance,Jones-Rodriguez University,2017,3.36,Japan,Employed,Newspaper journalist,56702
626,Jessica Warner MD,Male,27,Bachelor,Marketing,"Baker, Church and Richmond Institute",2020,2.6,France,Unemployed,NA,0
627,Danny Hernandez,Male,27,Bachelor,Mechanical Engineering,"Potter, Gray and Smith Institute",2020,2.56,UK,Employed,"Scientist, physiological",119272
628,Lisa Day,Male,37,Bachelor,Mathematics,"Murray, Rodriguez and Gordon University",2017,3.83,Australia,Employed,Editorial assistant,111856
629,Alex Freeman,Female,29,Bachelor,Biology,Robbins-Gill College,2019,2.69,Germany,Employed,Technical brewer,83966
630,Edward Peterson,Female,23,Bachelor,Psychology,Howard LLC Institute,2018,3.8,Australia,Employed,"Therapist, music",81961
631,Lauren Morrow,Female,24,PhD,Statistics,"Brown, Jordan and Jackson University",2016,3.46,Germany,Employed,Geochemist,119604
632,Brandon King,Male,29,Master,Physics,Davila-Cole University,2019,3.05,Australia,Employed,"Engineer, civil (contracting)",51827
633,Elizabeth Rodriguez,Male,28,Bachelor,Public Health,Bell-Austin College,2016,3.31,Australia,Employed,"Teacher, special educational needs",46282
634,Henry Baker,Female,30,Bachelor,Mechanical Engineering,"Webb, Williams and Marshall College",2023,3.08,France,Employed,Public affairs consultant,60442
635,Daniel Barnes,Female,33,Bachelor,English Arts,"Clark, Butler and Barrett University",2017,3.19,France,Employed,Geochemist,62059
636,Angela Bryan,Male,29,PhD,Electrical Engineering,"Nash, Harrington and Parsons College",2015,3.8,Canada,Employed,Archaeologist,61449
637,Mallory Murphy,Male,22,Bachelor,Mechanical Engineering,Mccoy-Garner College,2018,3.34,France,Unemployed,NA,0
638,Jason Perez,Female,23,Bachelor,Economics,"Castro, Chambers and Wolfe College",2021,2.84,Germany,Employed,Historic buildings inspector/conservation officer,101735
639,Troy Taylor,Male,35,Bachelor,Biology,"Ross, Bell and Herrera Institute",2017,2.92,France,Employed,Immunologist,96253
640,Amber Vaughn,Female,23,Bachelor,Chemistry,Carroll and Sons College,2015,2.81,France,Employed,Adult nurse,73944
641,Dalton Maxwell,Male,39,Bachelor,Business Administration,Reed-Walsh Institute,2021,2.57,Canada,Employed,Health visitor,106843
642,Casey Lewis,Male,33,Master,Mechanical Engineering,"Richardson, Chavez and Ford University",2017,2.54,France,Unemployed,NA,0
643,Sally Williamson MD,Female,27,Bachelor,Neuroscience,Gould Group College,2015,2.86,Germany,Employed,Animator,117265
644,William Davenport,Male,27,PhD,Business Administration,Montoya-Yang University,2019,2.55,Japan,Unemployed,NA,0
645,Christopher Hall,Male,38,Bachelor,Marketing,Larson Ltd College,2015,3.07,USA,Unemployed,NA,0
646,Melanie Dixon,Male,32,PhD,Psychology,"Gross, Rodriguez and Tanner College",2018,3.15,Japan,Employed,"Nurse, learning disability",89974
647,Kelly Williams,Female,25,Bachelor,Psychology,"Adams, Hayes and Graham College",2019,3.01,Japan,Unemployed,NA,0
648,Rebecca Watts,Female,35,Bachelor,Medicine,"Sandoval, Pham and Lee Institute",2016,3.11,Australia,Unemployed,NA,0
649,Jennifer Murphy,Female,28,Bachelor,Chemistry,Fischer-Mcdonald University,2021,3.0,Australia,Employed,Materials engineer,48425
650,Christopher Kennedy,Female,37,Bachelor,Statistics,West-Silva University,2021,2.61,UK,Employed,Ecologist,68681
651,Dr. Jennifer Johnson,Male,36,Bachelor,Biology,Nguyen-Mccoy University,2017,2.74,Germany,Employed,"Journalist, broadcasting",42891
652,Dr. Melissa Whitaker DVM,Female,33,Bachelor,Biology,"Daugherty, Perry and Johnson University",2018,3.96,Australia,Employed,"Pharmacist, hospital",72484
653,Kaitlyn Martin,Male,22,Bachelor,Economics,Weber-Gordon College,2017,3.9,Germany,Employed,"Pilot, airline",106345
654,Glenn Serrano,Female,36,Master,Finance,Harris PLC College,2016,3.26,UK,Employed,Research scientist (physical sciences),103035
655,Jacob Hamilton,Female,33,Bachelor,Psychology,"Graham, Ramirez and Johnson College",2022,2.72,Germany,Unemployed,NA,0
656,Amanda Benson,Female,38,Bachelor,Business Administration,"Garrett, Clark and Bailey College",2018,3.23,UK,Employed,Aeronautical engineer,102352
657,Daniel Collins,Female,24,Master,Data Analytics,Allen Ltd Institute,2019,2.57,Australia,Employed,Agricultural consultant,67739
658,Susan Newton,Male,27,Master,Neuroscience,Garrett Inc College,2023,2.78,Germany,Employed,Video editor,103844
659,Randy Vargas,Female,22,Master,Medicine,Garcia Ltd Institute,2016,2.96,Canada,Employed,Geographical information systems officer,113607
660,Randall Roberts,Male,30,Master,Finance,"Bean, Patton and Cox University",2021,2.7,Germany,Employed,Interior and spatial designer,103308
661,Jennifer Sanchez,Female,22,Bachelor,Statistics,Bates-Mcknight Institute,2015,2.7,USA,Unemployed,NA,0
662,James Hancock,Male,27,Bachelor,Mathematics,Campbell-Adams College,2021,3.76,UK,Employed,Financial risk analyst,101099
663,Ashley Murray,Female,29,Bachelor,Business Administration,Yates Inc Institute,2021,3.33,France,Employed,IT trainer,86203
664,Derek Marquez,Male,37,Bachelor,English Arts,Martinez Ltd University,2019,2.78,USA,Employed,Music therapist,98839
665,Jeffrey Reed,Male,29,Bachelor,Chemistry,Wise-Daniels Institute,2016,3.64,UK,Employed,"Surveyor, rural practice",102488
666,Stephanie Wilkins,Male,20,Master,Neuroscience,"Brown, Garcia and Stewart College",2020,3.76,Canada,Employed,"Social research officer, government",77173
667,Elizabeth Briggs,Male,35,Bachelor,Physics,"Villa, Hall and Green College",2018,3.53,Japan,Employed,Environmental health practitioner,94583
668,Mr. Peter Vega DDS,Female,26,PhD,Mathematics,Suarez-Martin College,2022,3.82,Australia,Employed,Homeopath,57198
669,Sherry Erickson,Male,28,Bachelor,Finance,"Anderson, Johnson and Fuller Institute",2015,2.5,Australia,Employed,Professor Emeritus,44062
670,Meredith Vaughn,Male,28,Bachelor,Computer Science,Green-Pena Institute,2016,3.47,Australia,Employed,Forensic scientist,79024
671,Rachel Walsh,Female,20,Master,Chemistry,Lambert-Owens College,2017,3.12,Germany,Employed,Clinical psychologist,84513
672,John Wall,Male,34,Master,Economics,Barker-Beltran University,2020,2.58,Australia,Employed,Legal secretary,76082
673,Ronald Kennedy,Female,20,Master,Chemistry,Wolfe and Sons University,2023,2.7,Japan,Employed,Press sub,110757
674,Mary Murray,Female,23,Master,Medicine,"Wise, Morris and Duncan Institute",2020,3.0,Germany,Unemployed,NA,0
675,Brandon Peters,Female,29,Bachelor,Mathematics,"Rivera, Johnson and Duncan University",2018,2.51,Australia,Unemployed,NA,0
676,Lawrence Hunt,Female,33,Bachelor,Statistics,"Hunter, Richardson and Douglas University",2023,3.18,France,Employed,Graphic designer,119476
677,Grant Lloyd MD,Female,24,Bachelor,Data Analytics,Stevenson LLC College,2023,3.93,USA,Employed,Nutritional therapist,85231
678,Brandon Cook,Female,21,Master,Data Analytics,"Thomas, Mcguire and Nguyen University",2015,3.83,France,Employed,Broadcast journalist,41309
679,Joshua Roberts,Male,29,Master,Mathematics,"Willis, Fischer and Gomez College",2019,3.34,Germany,Employed,Science writer,41143
680,Amanda Rodriguez,Male,32,Bachelor,Public Health,Hartman Inc Institute,2018,3.21,France,Employed,Information officer,64735
681,Christine Salas,Male,28,Bachelor,Chemistry,Lee Ltd Institute,2023,3.76,Germany,Employed,"Horticulturist, commercial",92475
682,Jill Watson,Male,36,Master,Marketing,Nichols Group University,2017,2.8,Australia,Unemployed,NA,0
683,Samantha Wilkerson,Male,26,Bachelor,Psychology,Thomas LLC Institute,2019,2.61,Germany,Employed,Adult nurse,67236
684,Diana Thomas,Male,32,Bachelor,Marketing,Adams-Wallace College,2015,3.11,USA,Employed,"Engineer, manufacturing systems",89598
685,Kimberly Russell,Male,22,Master,Data Analytics,"Stanley, Nixon and Humphrey Institute",2022,3.57,Japan,Unemployed,NA,0
686,Terri Daniel,Female,22,Bachelor,Electrical Engineering,Wiley-Smith College,2023,2.78,Australia,Employed,"Engineer, automotive",119191
687,Cassandra Haas,Male,23,Bachelor,Data Analytics,Dalton-Schmidt College,2016,3.03,Australia,Employed,Microbiologist,106334
688,Brandon Smith,Female,25,Bachelor,Mechanical Engineering,"Parsons, Cobb and Soto Institute",2020,3.29,UK,Employed,Theme park manager,88848
689,Angie Carter,Male,29,Master,Public Health,Pittman-Huff Institute,2020,3.84,Japan,Employed,"Scientist, research (maths)",106276
690,Kenneth Morgan,Male,34,PhD,Mathematics,Lucas LLC Institute,2019,3.53,UK,Employed,"Engineer, electronics",95904
691,Cody Jones,Male,21,Bachelor,Economics,Warren-Holmes College,2020,3.86,UK,Employed,"Designer, jewellery",107067
692,Anthony Garcia,Male,39,Master,Mechanical Engineering,"Green, Foster and Yu Institute",2021,2.58,France,Employed,Publishing copy,80325
693,Joseph Clark,Male,24,Bachelor,Computer Science,"Horton, Torres and Martinez Institute",2023,3.85,UK,Employed,Food technologist,49253
694,Adam Snyder,Male,24,Bachelor,Computer Science,Goodwin Inc Institute,2019,3.31,France,Unemployed,NA,0
695,Daniel Aguilar,Female,34,Master,Physics,Walsh Inc University,2022,2.87,Canada,Employed,Clinical psychologist,106043
696,Logan Clark,Male,32,Bachelor,Marketing,"Tanner, Ray and Myers Institute",2018,3.47,Japan,Unemployed,NA,0
697,James Anderson,Female,37,Bachelor,Electrical Engineering,Lewis and Sons University,2023,3.65,Japan,Employed,Chiropractor,44827
698,Paul Mayo,Female,35,Master,Psychology,"Terry, Key and Oliver College",2023,3.83,USA,Employed,Hospital pharmacist,57477
699,Tiffany Fletcher,Male,29,Master,Electrical Engineering,"Curtis, Mitchell and Jackson College",2016,2.73,France,Employed,Medical sales representative,94860
700,Keith Webb,Male,32,Master,Mechanical Engineering,"Hunt, Thomas and Madden University",2017,3.35,Japan,Employed,Newspaper journalist,106214
701,Nicole Lawson,Female,20,Master,Biology,Ward Group College,2019,2.61,UK,Employed,Fitness centre manager,62627
702,Kristen Garcia,Male,21,Master,Data Analytics,Paul-Walls College,2018,2.84,UK,Employed,General practice doctor,110611
703,Melissa Howard,Female,33,Bachelor,Medicine,Zimmerman LLC Institute,2017,3.71,Japan,Employed,Dispensing optician,58209
704,Robert Lucas,Male,37,Bachelor,Physics,"Carlson, Rodriguez and Wright University",2016,3.53,Canada,Employed,Estate agent,112706
705,Amanda Jackson,Male,29,Bachelor,Biology,Weaver PLC University,2020,3.22,Japan,Employed,Arboriculturist,102737
706,Kayla Evans,Male,32,Bachelor,Economics,Henry Group College,2017,2.51,Germany,Employed,"Conservator, museum/gallery",66331
707,Sara Holt,Female,36,Bachelor,Marketing,Wallace-Weaver University,2022,3.32,USA,Employed,English as a foreign language teacher,109738
708,Anthony Hill,Male,31,Bachelor,Finance,Williams Group University,2023,3.78,Canada,Employed,"Restaurant manager, fast food",66698
709,Teresa Herring,Female,35,Bachelor,Psychology,Herrera-Walker University,2021,2.86,Japan,Employed,"Geologist, engineering",107040
710,William Smith,Male,28,PhD,Electrical Engineering,Jackson Group College,2017,2.61,UK,Unemployed,NA,0
711,Kimberly Herrera,Female,26,Master,Mechanical Engineering,Baker PLC College,2018,3.4,UK,Employed,Furniture conservator/restorer,93145
712,Frederick Baxter,Female,21,Bachelor,Neuroscience,Alexander-Collins University,2015,3.65,Australia,Employed,Public librarian,104952
713,Catherine Miller,Female,24,Bachelor,Economics,Smith Ltd University,2023,2.88,UK,Employed,Technical sales engineer,81520
714,Caroline Maxwell,Male,32,Bachelor,Business Administration,Mclean and Sons College,2016,3.15,France,Employed,Database administrator,59656
715,Dylan Ross,Male,35,Master,Chemistry,Reynolds-Bryan College,2022,3.27,UK,Employed,"Surveyor, land/geomatics",83138
716,Karla Phillips,Male,37,Bachelor,Physics,Skinner-Salas University,2019,3.12,Japan,Employed,Fitness centre manager,62269
717,Patrick Moore,Female,31,Master,Data Analytics,Lee-Fletcher University,2018,2.95,Australia,Employed,Museum/gallery conservator,40264
718,Donald Miller,Male,28,Bachelor,Chemistry,Mason-Bell University,2018,2.61,UK,Unemployed,NA,0
719,Heather Parker,Female,26,PhD,Business Administration,"Wade, Kelly and Cooper College",2015,3.74,Australia,Employed,Glass blower/designer,60707
720,Stephanie Moore,Male,23,Bachelor,Electrical Engineering,"French, Cook and Stevenson Institute",2015,3.19,USA,Employed,Quality manager,53779
721,Kyle Stone,Male,29,Bachelor,Marketing,Bush PLC College,2016,3.09,Japan,Employed,"Journalist, broadcasting",82216
722,Rita Davila,Male,39,Bachelor,Biology,"Christian, Johnson and Daugherty College",2015,3.59,Canada,Employed,Database administrator,75046
723,Jonathan Galvan,Male,36,PhD,Statistics,"Phillips, Hernandez and Rich College",2021,2.68,Australia,Employed,Translator,65766
724,Jacob Byrd,Male,38,Master,Psychology,Turner Group Institute,2020,3.15,USA,Employed,Landscape architect,40355
725,Jeffery Everett,Female,20,Master,Physics,Murphy-Reese College,2015,3.56,Japan,Employed,Animator,58328
726,Paul Soto,Female,39,Bachelor,Biology,Warren-Leon Institute,2016,3.44,France,Employed,Stage manager,42140
727,Daniel Vaughn,Male,26,Bachelor,Electrical Engineering,Lester-Russell University,2022,3.09,USA,Employed,Patent examiner,78153
728,Amy Contreras,Male,28,Bachelor,Mechanical Engineering,Boyle Group College,2022,2.67,Canada,Unemployed,NA,0
729,Mr. Justin David,Male,39,Bachelor,Public Health,"Newman, Joseph and Garrett University",2021,4.0,Canada,Employed,Television/film/video producer,99753
730,William Webster,Female,39,Master,Biology,Smith-Baker Institute,2016,3.19,France,Employed,"Research officer, trade union",47499
731,Christopher Thomas,Male,24,Master,Business Administration,"Whitehead, Graham and Russo University",2017,3.57,UK,Employed,Television production assistant,117940
732,Amy Todd,Male,36,Master,Public Health,Morales Inc Institute,2015,2.86,France,Unemployed,NA,0
733,Tammy Joyce,Male,27,PhD,Chemistry,Duran Inc College,2022,2.94,Germany,Employed,Games developer,111926
734,Daniel Vargas,Female,39,Master,Business Administration,Hodges and Sons University,2023,3.23,France,Employed,IT consultant,70698
735,Dustin Wilson,Female,31,Bachelor,Data Analytics,Lee-Chavez College,2018,3.36,UK,Employed,"Psychotherapist, child",40414
736,Charles Bray,Male,33,Master,Mathematics,Decker-Barton Institute,2022,3.65,Canada,Unemployed,NA,0
737,James Wheeler,Female,21,PhD,Finance,West-Roberts Institute,2015,3.85,Germany,Employed,"Lighting technician, broadcasting/film/video",113669
738,Tonya Rosales,Male,36,Bachelor,Business Administration,"Krueger, Diaz and Ferrell University",2020,3.31,UK,Unemployed,NA,0
739,Emma Jones,Female,33,Master,Neuroscience,Fisher PLC Institute,2021,3.91,USA,Employed,Gaffer,58496
740,Victoria Mata,Male,36,Bachelor,Electrical Engineering,Strickland Group University,2018,2.84,Germany,Unemployed,NA,0
741,Robert Hess,Female,26,Master,Psychology,"Smith, Gomez and Chen College",2021,2.8,USA,Employed,Health physicist,109116
742,Steven Johnson,Female,36,PhD,Public Health,Bowman-Brown Institute,2019,2.87,UK,Employed,"Designer, textile",71700
743,Elaine Fernandez,Female,30,Bachelor,Mechanical Engineering,"Caldwell, Hancock and Gonzalez Institute",2016,3.73,USA,Employed,Textile designer,115359
744,Sandra Berry,Female,22,Bachelor,Economics,Hubbard-Jones University,2022,2.97,USA,Employed,"Horticulturist, amenity",62067
745,Susan Smith,Male,22,Bachelor,Chemistry,Nelson-Jones College,2022,2.61,Japan,Employed,Music therapist,45890
746,Christine Smith,Female,34,Master,Neuroscience,"Meyers, White and Roth College",2015,3.63,Japan,Unemployed,NA,0
747,Jamie Larson,Female,35,Master,Mechanical Engineering,Lane Ltd Institute,2021,3.98,Germany,Employed,Recruitment consultant,46956
748,Manuel West,Female,34,Master,Statistics,Gonzales Inc University,2019,3.84,Canada,Employed,"Accountant, chartered certified",50213
749,Pamela Cooper,Male,30,Master,Biology,Oconnell PLC College,2017,2.68,France,Employed,"Physicist, medical",116784
750,Catherine Jones,Female,23,Bachelor,Economics,"Watkins, Andrews and Thomas Institute",2015,2.76,Germany,Employed,Industrial buyer,75773
751,Brian Roberts,Female,22,Bachelor,Finance,Roberts-Johnson College,2017,2.67,Australia,Employed,Warden/ranger,71436
752,Crystal Fisher,Male,24,Bachelor,Economics,"Ramirez, Baker and Lyons College",2016,3.07,Australia,Employed,"Psychologist, forensic",89004
753,Thomas Hoffman,Female,39,Bachelor,Economics,Martin-Lopez College,2017,2.97,France,Unemployed,NA,0
754,Bobby Johnson,Male,32,Master,Economics,Gray-Goodwin University,2023,3.8,France,Unemployed,NA,0
755,Kristen Webster,Male,26,Bachelor,Public Health,Bowman Group University,2023,3.79,Japan,Unemployed,NA,0
756,Antonio Watson,Male,39,Master,Mathematics,Foster-Lambert College,2020,3.58,Australia,Employed,Technical sales engineer,49256
757,Frederick Branch Jr.,Male,24,Master,Physics,Wilson LLC University,2019,2.81,Australia,Employed,Toxicologist,92741
758,Laura Trevino,Male,25,Master,Medicine,Juarez-Ruiz Institute,2022,2.86,USA,Employed,"Scientist, forensic",87925
759,Justin Smith,Female,35,Bachelor,Business Administration,Jennings-Morgan Institute,2020,3.95,Germany,Employed,Leisure centre manager,116737
760,Nathaniel Ramirez,Male,24,Master,Mathematics,"Jordan, Ford and Valdez College",2018,3.75,Canada,Employed,Geoscientist,75008
761,Frank Dixon,Female,25,Master,Public Health,"Flowers, Morris and Clark Institute",2015,2.72,France,Employed,Banker,113607
762,Adam Gould,Female,36,Master,Medicine,"Gonzales, Hudson and Garcia University",2017,3.2,Germany,Employed,Futures trader,99863
763,Kevin Fuller,Female,39,Bachelor,Biology,Reed PLC Institute,2015,3.13,France,Employed,Commercial horticulturist,112210
764,Stacey Gonzalez,Female,36,Master,Physics,Velasquez and Sons College,2021,2.89,UK,Employed,Teaching laboratory technician,48241
765,Angel Riggs,Male,28,Bachelor,Chemistry,"Sherman, Young and Garcia College",2021,3.61,Australia,Unemployed,NA,0
766,Kimberly Wood,Female,21,Master,Chemistry,"Sherman, Huynh and Cook University",2022,3.72,Germany,Employed,Consulting civil engineer,92601
767,Justin Wheeler,Female,28,Master,Computer Science,"Shepard, Leonard and Oconnor University",2020,3.19,Germany,Employed,"Therapist, music",64198
768,Ralph Bass,Female,28,Bachelor,Mechanical Engineering,"Robinson, Johnson and Anderson College",2016,3.49,USA,Employed,"Designer, textile",76141
769,Tiffany Woodward,Female,35,Bachelor,Medicine,Chen-Chapman Institute,2015,3.34,Japan,Employed,Radio broadcast assistant,64415
770,Michelle Porter,Female,29,Master,Mechanical Engineering,Blevins-Parks Institute,2020,3.68,UK,Employed,Commercial art gallery manager,111704
771,Alisha Shaw,Male,20,Master,Neuroscience,Howell-Sanchez University,2018,3.97,Japan,Employed,Agricultural consultant,116575
772,Robert Elliott,Female,22,Master,Public Health,Livingston Ltd Institute,2021,3.2,Germany,Unemployed,NA,0
773,Sarah Gonzales,Female,31,Master,Electrical Engineering,Chavez Group College,2020,3.38,Australia,Employed,"Investment banker, corporate",50753
774,Jennifer Carter,Male,25,Bachelor,Statistics,Freeman-Ayala University,2020,2.65,France,Employed,Microbiologist,68972
775,Patricia Hunt,Male,29,Bachelor,Economics,"Maxwell, Watson and Blackwell Institute",2023,2.7,Germany,Employed,Recycling officer,65406
776,Catherine Wilson,Female,30,Bachelor,Mathematics,"Owens, Hicks and Young University",2021,2.84,UK,Employed,Higher education careers adviser,90379
777,Megan Owens,Male,24,Bachelor,Chemistry,"Norman, Williams and Turner Institute",2022,2.97,France,Employed,Garment/textile technologist,47634
778,Linda Christian,Male,26,Master,Marketing,Valdez PLC College,2018,3.01,USA,Employed,Historic buildings inspector/conservation officer,48141
779,Charles Smith,Male,35,Master,Finance,Morrison-Burke College,2016,3.77,UK,Employed,"Administrator, charities/voluntary organisations",40246
780,Jessica Miller,Male,35,Master,Finance,Brown-Jimenez University,2022,3.72,Japan,Employed,"Scientist, research (life sciences)",50906
781,Stacy Adams,Female,25,Bachelor,Data Analytics,Rose-Alexander Institute,2017,2.94,France,Employed,Prison officer,48826
782,Gregory Jensen,Male,22,Master,English Arts,Phillips-White University,2022,3.97,Japan,Employed,Set designer,79290
783,Sara Hernandez,Male,35,PhD,Computer Science,Morales-Perez University,2022,2.96,USA,Employed,Sales promotion account executive,79166
784,Julie Waters,Male,21,PhD,Computer Science,Russell LLC Institute,2018,2.98,Japan,Employed,Energy manager,56830
785,Ann Clements,Female,24,Master,Electrical Engineering,"Underwood, Mills and Adams College",2022,3.11,Japan,Employed,Risk manager,69723
786,Thomas Sanchez,Male,31,Bachelor,Data Analytics,"Smith, Rosales and Smith University",2017,3.25,France,Unemployed,NA,0
787,Danielle Lee,Male,24,Bachelor,Electrical Engineering,"Ramirez, Huerta and Dawson Institute",2019,2.72,Canada,Employed,"Designer, blown glass/stained glass",111376
788,Mark Serrano,Female,20,PhD,Business Administration,Palmer PLC College,2016,3.04,France,Employed,"Conservator, museum/gallery",54661
789,Kelsey Kline,Female,37,Master,Chemistry,Martinez and Sons Institute,2015,2.67,UK,Employed,Clinical molecular geneticist,107330
790,Katie Miller,Male,34,Bachelor,Economics,Sanders-Martin Institute,2016,3.15,UK,Employed,Regulatory affairs officer,58901
791,Antonio Gibson,Male,35,PhD,Medicine,Wright Group University,2016,3.15,France,Employed,Surgeon,55923
792,Stephen Brown,Male,27,Bachelor,Biology,Bradley-Peck University,2018,3.45,UK,Employed,"Engineer, broadcasting (operations)",97246
793,Troy Madden,Male,30,PhD,Computer Science,"Carr, Adams and Murray University",2018,3.88,France,Employed,"Programmer, multimedia",75439
794,Nicole Sweeney,Male,39,Bachelor,Biology,Dougherty LLC University,2021,2.75,France,Employed,Estate manager/land agent,53602
795,Heather Yu,Female,39,Master,Finance,"Clayton, Bentley and Waters College",2017,2.6,UK,Unemployed,NA,0
796,Amanda Robinson,Male,20,Bachelor,Electrical Engineering,"Hernandez, Stout and Acosta Institute",2016,3.42,Japan,Employed,Ergonomist,96878
797,Laura Jackson,Female,33,Master,Statistics,Larson LLC College,2023,3.73,USA,Employed,Oncologist,102415
798,Natalie Smith,Male,23,Bachelor,Neuroscience,Mcpherson-Campbell Institute,2017,3.8,UK,Unemployed,NA,0
799,Colleen Pearson,Female,25,Master,Psychology,Branch Ltd University,2019,3.73,France,Unemployed,NA,0
800,Ashley Lee,Female,23,Master,Medicine,Sheppard LLC College,2020,2.63,USA,Employed,Best boy,117455
801,Kristen Morgan,Male,34,Master,Data Analytics,Freeman Group College,2017,3.51,France,Employed,IT consultant,48187
802,Luke Mcdonald,Male,23,Bachelor,Biology,Mccoy-King Institute,2023,3.68,UK,Employed,Commissioning editor,76027
803,Ashley Hanna,Female,38,Bachelor,Chemistry,"Stevenson, Scott and Rose College",2018,3.77,Germany,Unemployed,NA,0
804,Steven Morales,Male,34,PhD,Computer Science,"Dixon, Williams and Stevens College",2023,3.63,UK,Unemployed,NA,0
805,Dean Hunt,Male,30,Bachelor,English Arts,"Pierce, Martin and Solis College",2022,3.92,France,Employed,Child psychotherapist,111823
806,Jacob Smith,Male,21,Master,Chemistry,Shelton LLC University,2015,3.29,Australia,Employed,Surgeon,62743
807,Timothy Rosales,Male,36,Bachelor,Physics,Miller LLC College,2023,3.88,Germany,Employed,"Librarian, academic",67558
808,Christopher Ware,Male,22,Bachelor,Marketing,Nichols-Vaughan Institute,2021,3.94,Germany,Employed,"Surveyor, quantity",111987
809,Leonard Alexander Jr.,Female,38,Bachelor,Mechanical Engineering,Lynch-Wright University,2015,3.75,Japan,Employed,Theme park manager,83026
810,Cynthia Clark,Female,33,Master,Public Health,Arnold and Sons Institute,2017,3.15,USA,Employed,Insurance underwriter,96130
811,Marcus Ruiz,Female,25,PhD,Biology,King-Jimenez University,2021,3.01,Australia,Unemployed,NA,0
812,Heather King,Female,31,Bachelor,Psychology,Donovan-Moore College,2022,3.09,USA,Employed,Environmental education officer,97482
813,Patricia Orr,Male,28,Bachelor,English Arts,Golden LLC College,2018,3.99,France,Employed,Firefighter,47702
814,Jeffrey Gutierrez,Female,39,Master,Statistics,Landry-Taylor College,2019,2.74,USA,Employed,Health and safety inspector,46947
815,Melissa Robinson,Female,23,PhD,Public Health,"Armstrong, Stevens and Walters University",2016,3.33,France,Employed,Nutritional therapist,118985
816,Kenneth Mckinney,Male,30,Bachelor,Business Administration,Mitchell-Fischer Institute,2017,3.78,Germany,Employed,"Development worker, international aid",94553
817,Wendy Fowler,Male,33,Bachelor,Economics,Larson-Kelly College,2017,3.66,Australia,Employed,Database administrator,62608
818,Cheryl Hart,Female,22,Bachelor,Business Administration,Hodges-King Institute,2021,3.63,Australia,Employed,"Designer, blown glass/stained glass",88080
819,Brandon Collier,Male,34,Master,Psychology,Alvarez Inc College,2022,2.53,UK,Employed,"Surveyor, rural practice",100123
820,Eric Chen,Female,39,Master,Business Administration,Anderson-Price University,2015,3.54,Germany,Employed,Operational investment banker,109832
821,Bonnie Jacobson,Female,37,Bachelor,Finance,Guzman Group University,2020,2.57,Canada,Employed,Ophthalmologist,66048
822,Melissa Williams,Male,24,Master,Mathematics,"Miller, Hughes and Bowen College",2020,3.24,USA,Employed,Tax adviser,75318
823,Joshua Tran,Female,38,Bachelor,English Arts,Shepherd LLC College,2018,3.05,France,Employed,Chief Marketing Officer,72488
824,Mr. Joseph Armstrong,Male,34,Bachelor,Economics,"Butler, Houston and Hall University",2020,2.95,Canada,Employed,Financial adviser,82951
825,Grant Jenkins,Female,33,Bachelor,Economics,"Wright, Taylor and Reeves University",2023,3.09,Japan,Employed,Equities trader,69550
826,Krystal Cameron,Female,29,Master,Psychology,"Robinson, Hess and Padilla Institute",2015,2.94,Australia,Employed,Company secretary,88270
827,Henry Wood,Female,26,Bachelor,Public Health,Martinez-Bowman Institute,2016,2.68,USA,Unemployed,NA,0
828,Todd Robinson,Male,39,Master,Computer Science,Friedman-Strickland Institute,2021,3.23,Australia,Employed,IT consultant,111258
829,Amanda White,Female,38,Bachelor,Neuroscience,Jackson PLC University,2017,3.26,France,Employed,"Librarian, public",57679
830,Diana Whitaker,Female,22,Bachelor,Medicine,Hughes and Sons College,2021,2.51,France,Unemployed,NA,0
831,Douglas Pace,Female,29,Bachelor,Chemistry,Webster PLC Institute,2015,2.77,Germany,Unemployed,NA,0
832,John Jackson,Female,33,Master,Neuroscience,Davis-Gomez College,2015,3.89,Australia,Employed,Quarry manager,57772
833,April Brown,Female,38,PhD,Data Analytics,Solomon Ltd Institute,2019,2.97,Japan,Employed,Museum/gallery curator,53013
834,Sydney Dickerson,Male,20,Master,Medicine,"Rodriguez, White and Garcia University",2015,2.64,USA,Employed,Contractor,40692
835,Mrs. Rhonda Smith DDS,Female,36,Bachelor,Psychology,Clark-Gibson Institute,2023,2.62,Germany,Employed,Transport planner,119616
836,Mia Smith PhD,Male,36,Bachelor,Electrical Engineering,"Schroeder, Mejia and Hughes University",2019,2.68,France,Employed,Consulting civil engineer,114988
837,Laura Wilcox,Female,25,Bachelor,Computer Science,"Beck, Anderson and Ali Institute",2016,2.71,Japan,Employed,Museum education officer,89121
838,Joanna Snyder,Female,27,Bachelor,Marketing,Brown LLC College,2023,2.78,Japan,Employed,Communications engineer,69709
839,Robert Anderson,Female,35,Bachelor,English Arts,Byrd-Webb University,2020,3.23,Australia,Employed,TEFL teacher,108529
840,Timothy Diaz,Male,35,Bachelor,Electrical Engineering,"Smith, Alvarado and Smith University",2015,3.94,Germany,Employed,Medical laboratory scientific officer,45250
841,Robert Harris,Male,33,Master,Marketing,"Tucker, Brown and Shah College",2021,3.0,USA,Employed,Product manager,56797
842,John Solis,Female,24,Bachelor,Chemistry,Norton LLC University,2021,3.51,France,Employed,Fine artist,67130
843,Gary Jones,Female,21,Bachelor,Neuroscience,Mendez-Frey Institute,2021,3.77,Germany,Employed,Editorial assistant,45411
844,Brian Murray,Male,37,Master,Business Administration,"Hebert, Jones and Santos Institute",2021,3.63,Canada,Employed,Industrial/product designer,113187
845,Lisa Jones,Female,22,Master,Marketing,"Hatfield, Rivera and Carroll Institute",2020,3.3,France,Employed,Fine artist,50541
846,Karen Johnston,Female,36,Bachelor,Economics,Ramirez-Vargas University,2017,3.13,Canada,Employed,Astronomer,55346
847,Shane Clark,Female,31,Bachelor,Marketing,Caldwell-Stanley College,2019,2.57,Australia,Employed,Pharmacologist,48535
848,Paul Pham,Female,20,PhD,Business Administration,Cruz Inc University,2023,2.54,France,Unemployed,NA,0
849,Alex Sullivan,Female,34,Bachelor,Marketing,Michael Ltd College,2023,3.47,Germany,Employed,Housing manager/officer,45545
850,April Gardner DDS,Female,36,Bachelor,Public Health,Gibbs-Delacruz University,2017,3.2,France,Employed,Solicitor,67571
851,Ian Buck,Female,34,Master,Marketing,Oconnor PLC College,2021,3.29,UK,Employed,Chartered accountant,104927
852,Sharon Burton,Female,27,Bachelor,Neuroscience,Bailey-Russo Institute,2017,3.46,Germany,Employed,Occupational hygienist,65067
853,Julie Roberts,Male,33,Bachelor,Electrical Engineering,"Yates, Maldonado and Ross Institute",2022,3.14,Japan,Employed,"Journalist, broadcasting",81385
854,Melissa Baker,Male,23,Bachelor,Business Administration,Martinez-Price University,2022,2.73,Japan,Employed,Water engineer,105377
855,Brian Short,Male,38,Bachelor,Medicine,Wright Inc Institute,2020,2.53,UK,Employed,Quality manager,50958
856,Matthew Wang,Female,27,Master,Data Analytics,King-Perez College,2017,3.99,Canada,Employed,Aeronautical engineer,93991
857,George Jackson,Male,25,Bachelor,Finance,"Mitchell, Williams and Gonzalez College",2018,3.63,Japan,Unemployed,NA,0
858,Debra Smith,Male,28,Master,Marketing,"Nguyen, Dunn and Jackson College",2019,3.2,Germany,Employed,"Psychologist, counselling",76434
859,Robert Henderson,Male,20,Bachelor,Chemistry,Johnson LLC College,2016,3.86,Australia,Employed,Public affairs consultant,56225
860,Angela Johnson,Male,25,Master,Physics,Mcdaniel LLC College,2018,3.53,Japan,Employed,Hydrogeologist,41971
861,Jaime Arnold,Female,24,Bachelor,Medicine,Scott PLC College,2021,3.0,Germany,Employed,Local government officer,72508
862,Denise Anthony,Female,34,Bachelor,Computer Science,"Martinez, Myers and Johnson University",2023,3.74,Australia,Employed,Warehouse manager,57325
863,Zachary Brown,Male,24,Bachelor,Economics,"Rivers, Mullins and Davies Institute",2015,3.92,Japan,Unemployed,NA,0
864,Timothy Gomez,Male,27,Bachelor,Data Analytics,Adams PLC College,2023,3.23,France,Employed,Minerals surveyor,92693
865,Monica Brooks MD,Male,27,Master,Mechanical Engineering,"Lopez, Thompson and Cobb University",2018,3.47,USA,Employed,Seismic interpreter,99344
866,Jennifer Hernandez,Female,27,Master,Finance,Gordon-Brennan University,2021,2.61,Germany,Employed,Clinical embryologist,70112
867,Eric Rivera,Male,29,Master,Public Health,"Thompson, Green and Miller Institute",2022,3.93,Canada,Unemployed,NA,0
868,David Fox,Female,25,Bachelor,Statistics,Smith-Lopez Institute,2018,2.94,Germany,Employed,Insurance account manager,118186
869,Michelle Wilson,Female,34,PhD,Mechanical Engineering,Horton-Wyatt Institute,2019,3.42,Canada,Employed,Travel agency manager,63694
870,Nicholas Andrews,Female,38,Bachelor,Medicine,"Miller, Rose and Lopez Institute",2023,3.32,Australia,Employed,Hospital doctor,77294
871,Zachary Wright,Male,22,Bachelor,Chemistry,Jackson-Woodward Institute,2023,2.62,Australia,Unemployed,NA,0
872,Kimberly Fields,Female,25,PhD,Psychology,Davis-Rhodes University,2018,3.31,Japan,Employed,"Accountant, chartered certified",53672
873,Christopher Brewer,Female,32,Bachelor,Psychology,Gonzalez LLC University,2018,2.52,Japan,Employed,Site engineer,82772
874,Lindsey Watson,Female,36,Master,Computer Science,"Bowen, Wright and Ramos College",2015,3.09,Canada,Employed,"Engineer, civil (contracting)",116617
875,Diane Liu,Female,22,Master,Biology,Robertson Inc College,2015,3.68,USA,Employed,Sport and exercise psychologist,56309
876,Linda Ellis,Male,34,Bachelor,Medicine,Ballard-Johnston Institute,2021,2.5,USA,Employed,"Administrator, education",95152
877,Tammy Henry,Female,33,PhD,Mathematics,Murphy LLC University,2017,3.91,USA,Employed,Mudlogger,75415
878,Adam Hudson,Female,27,Master,Physics,"Williams, Davis and Jones University",2015,3.08,Japan,Employed,Geographical information systems officer,118770
879,Brett Blanchard,Male,32,Master,Medicine,Stanton-Stewart College,2016,3.4,France,Employed,Site engineer,51646
880,Jason Jenkins,Female,32,Bachelor,Medicine,Thompson-Cunningham University,2022,3.37,Australia,Employed,"Investment banker, corporate",81063
881,Michael Lee,Male,30,PhD,Statistics,Bradley Inc Institute,2018,3.71,France,Employed,Radio producer,119737
882,Lawrence Bailey,Female,31,Master,Finance,Mahoney Group Institute,2018,2.59,USA,Employed,Oceanographer,55613
883,Heather Johnson,Male,37,Bachelor,Mathematics,Wallace-Oliver College,2021,3.6,USA,Employed,Chartered accountant,88034
884,Elizabeth Tran,Male,21,Bachelor,Medicine,White LLC University,2016,3.09,UK,Employed,Health and safety inspector,51543
885,Robert Barrera,Male,29,Master,Statistics,Rodriguez-Mitchell College,2021,2.88,Australia,Employed,Primary school teacher,105551
886,John Marsh,Male,25,Bachelor,Public Health,Chandler-Wood Institute,2020,3.53,Japan,Employed,Geographical information systems officer,47730
887,Leah Perkins,Female,29,Master,Mathematics,"Calderon, Knight and Martinez College",2021,3.83,Australia,Employed,"Accountant, chartered public finance",83165
888,Kyle Robles,Female,39,Bachelor,Biology,Johnson and Sons University,2023,2.97,USA,Employed,Podiatrist,77904
889,Yolanda Coleman,Male,22,Master,Public Health,Weaver LLC Institute,2022,3.02,Canada,Employed,Careers information officer,47714
890,Rhonda Cardenas,Female,21,Bachelor,Economics,Brown-Wise University,2016,3.27,Canada,Employed,"Therapist, music",106546
891,William Anderson,Male,29,Master,Marketing,"Guerrero, Goodwin and Herman University",2015,3.06,Australia,Employed,Financial risk analyst,80565
892,Robert Wood,Male,25,PhD,Statistics,Miller and Sons Institute,2022,2.63,Japan,Employed,Health and safety inspector,60445
893,Valerie Boyd,Female,23,Bachelor,Economics,Hawkins and Sons College,2019,3.26,Germany,Unemployed,NA,0
894,Jackie Hughes,Male,31,Bachelor,Physics,Boyd-May Institute,2016,3.12,UK,Employed,"Engineer, production",45493
895,Brian Hopkins,Male,35,Bachelor,Chemistry,"Cole, Anderson and Becker Institute",2021,3.47,Australia,Employed,Tour manager,87932
896,Jeffery Valdez,Female,36,Bachelor,Finance,Torres-Wilson Institute,2023,3.17,Germany,Employed,Arts development officer,89263
897,Kelly Blevins,Male,34,Bachelor,Data Analytics,Osborn-Hickman Institute,2016,2.53,Japan,Employed,Operations geologist,70391
898,Julie Hogan,Male,31,Bachelor,Business Administration,Norris-Frost College,2017,3.04,Germany,Employed,Oceanographer,76847
899,Samantha Allen,Female,30,Bachelor,Electrical Engineering,Jenkins Inc College,2015,3.28,Canada,Employed,Learning disability nurse,74879
900,Tyler West,Male,21,Bachelor,Statistics,Patterson LLC University,2018,3.21,Canada,Employed,Civil Service fast streamer,114922
901,Mark Martin,Female,26,Bachelor,Statistics,Downs Group Institute,2023,3.24,Germany,Employed,"Research officer, government",50842
902,Vanessa Terry,Male,26,PhD,Chemistry,"Conley, Fletcher and Conner Institute",2019,3.36,Japan,Employed,Chief Strategy Officer,88940
903,Ralph Newton,Male,21,Bachelor,Physics,Torres Group University,2020,3.38,Australia,Employed,"Surveyor, building",45383
904,Ryan Campbell,Male,31,Bachelor,English Arts,Torres PLC College,2023,3.7,USA,Employed,"Production designer, theatre/television/film",77756
905,Scott Wright,Female,25,Master,English Arts,"Palmer, Weaver and Estrada University",2023,3.14,UK,Employed,Ceramics designer,68789
906,Carlos Hill,Male,26,Master,Economics,Boone and Sons Institute,2017,3.04,Australia,Employed,Ambulance person,90796
907,Crystal Gordon,Male,35,Bachelor,Biology,"Foster, Edwards and Butler College",2021,3.45,Germany,Employed,Research scientist (maths),90655
908,Marc Short,Male,33,Bachelor,Chemistry,Taylor-Stone Institute,2018,2.97,USA,Employed,Dispensing optician,66112
909,Jennifer Ramos,Male,32,Master,Business Administration,"Brown, Barnes and Williams College",2020,3.49,USA,Employed,Fish farm manager,105645
910,Katherine Diaz,Female,23,Bachelor,Biology,"Myers, Alvarado and Mclean College",2023,3.84,France,Employed,Sport and exercise psychologist,98470
911,Krystal Green,Male,25,Master,Data Analytics,Harris-Robertson Institute,2023,3.79,Australia,Employed,Pathologist,77813
912,Michele Pittman DVM,Male,21,Bachelor,Electrical Engineering,Chen-Chan College,2021,2.91,USA,Unemployed,NA,0
913,David Fisher,Female,29,Bachelor,Physics,Sullivan Inc University,2017,2.87,UK,Employed,"Surveyor, planning and development",88097
914,Gregory Cunningham,Male,30,Master,Finance,Jones Ltd University,2019,3.4,Germany,Employed,Armed forces logistics/support/administrative officer,113210
915,Tamara Ramirez,Male,20,Master,Public Health,Lewis-Berger University,2021,3.67,USA,Employed,"Accountant, chartered",40655
916,Lisa Hurst,Male,37,Bachelor,Finance,Villegas-Hart Institute,2016,2.85,Germany,Employed,Animator,96155
917,Paul Banks,Female,38,Bachelor,Business Administration,"Clark, Campbell and Hernandez University",2018,2.56,UK,Employed,"Journalist, magazine",78840
918,Richard Mccoy,Female,34,PhD,Marketing,Jones Inc College,2020,3.13,Germany,Employed,Professor Emeritus,96332
919,Rebecca Sanchez,Male,28,Bachelor,Public Health,Miller and Sons University,2023,2.62,USA,Employed,Hospital pharmacist,69330
920,Carolyn Summers,Male,22,PhD,Data Analytics,Smith Group College,2019,3.11,USA,Employed,"Nurse, children's",52689
921,Julia Stevens,Male,38,Bachelor,Data Analytics,"Anderson, Scott and Riley University",2020,3.71,Japan,Employed,"Producer, radio",83587
922,Lauren Gutierrez,Male,34,Bachelor,Mathematics,Blair PLC College,2018,2.55,UK,Employed,Medical secretary,47001
923,Dakota Colon,Male,37,Master,Marketing,Hart PLC University,2017,2.8,Canada,Employed,Air cabin crew,47367
924,Garrett Williams,Male,34,Bachelor,Chemistry,Quinn Ltd Institute,2016,2.59,France,Employed,Airline pilot,107715
925,Kelly Santos,Male,21,Bachelor,Public Health,Reynolds-Vega Institute,2023,2.55,Canada,Employed,Insurance broker,81476
926,Roberta French,Male,34,PhD,Physics,"Ritter, Williams and Koch Institute",2018,3.31,Canada,Employed,Primary school teacher,78597
927,Heather Valenzuela,Male,39,Master,Marketing,"Jackson, Robertson and Arnold University",2016,3.26,UK,Employed,Training and development officer,115196
928,Frank Jones,Female,39,PhD,Medicine,"Hernandez, Orr and Morrison College",2020,3.0,France,Employed,Environmental health practitioner,79957
929,Margaret Johnston,Male,35,Bachelor,Computer Science,"Eaton, Gonzalez and Kirk College",2021,3.64,Australia,Employed,Clinical molecular geneticist,77571
930,Jason Rangel,Female,36,Bachelor,Finance,"Maldonado, Rogers and Weiss University",2016,3.68,Australia,Employed,Camera operator,75927
931,Kari Banks,Female,26,PhD,Computer Science,"Rivera, White and Glover Institute",2023,3.33,Australia,Unemployed,NA,0
932,Stephen Patterson,Female,24,Master,Biology,"King, Lawson and Black University",2023,2.95,Japan,Employed,Museum education officer,40066
933,Brenda Lopez,Male,29,Master,Medicine,"Brown, Lara and Brown Institute",2018,2.61,UK,Employed,IT consultant,44898
934,Ashley Garner,Male,37,Bachelor,Data Analytics,"Mack, Rivera and Williams Institute",2019,2.68,Australia,Employed,Early years teacher,112837
935,Brent Taylor,Male,26,Bachelor,Mechanical Engineering,Miller-Khan University,2017,3.84,France,Employed,"Geologist, wellsite",96476
936,Jennifer Jennings,Male,39,Bachelor,Medicine,"Madden, Smith and Hines College",2015,2.75,France,Employed,Adult guidance worker,72621
937,Laura Smith,Female,20,Master,Finance,Johnson-Parker University,2020,3.59,Japan,Employed,Retail merchandiser,109809
938,Kyle Cox,Male,25,Bachelor,Data Analytics,"Roberts, Pruitt and Berry College",2018,2.87,USA,Employed,Social worker,91365
939,Morgan George,Male,38,Master,Biology,Martin Ltd University,2017,2.63,Japan,Employed,"Designer, textile",100302
940,Sherry Brown,Female,27,Master,Medicine,Schneider and Sons Institute,2023,2.81,Canada,Unemployed,NA,0
941,Erica Woods,Male,26,PhD,Mathematics,"Turner, Flores and Brown University",2021,3.09,Australia,Employed,Teaching laboratory technician,114520
942,Michael Johnson DVM,Female,20,Bachelor,Electrical Engineering,Ramirez-Golden Institute,2016,3.14,France,Employed,Technical brewer,111882
943,Heather Hunt,Female,35,Master,Public Health,Vance-Orozco University,2015,3.63,USA,Employed,"Civil engineer, consulting",42493
944,Scott Mendez,Female,20,Bachelor,Mathematics,Ruiz Inc University,2022,2.86,UK,Employed,Architect,54053
945,Anna Burnett,Female,26,Master,Public Health,Skinner Inc Institute,2021,3.24,UK,Employed,"Surveyor, hydrographic",97247
946,Jennifer Anderson,Female,37,Bachelor,Economics,"Medina, Hill and Baker University",2020,2.6,UK,Employed,"Accountant, chartered certified",72836
947,Sean Buck,Male,30,Bachelor,Business Administration,Frazier-Walsh College,2016,3.62,UK,Employed,Lawyer,87841
948,Benjamin Campos,Male,27,Master,English Arts,"Dillon, Carey and Baxter College",2021,2.66,Germany,Employed,"Designer, interior/spatial",104204
949,Joan Williams,Male,27,PhD,Physics,"Sims, Martinez and Nielsen Institute",2020,3.08,Australia,Employed,Chief Strategy Officer,76562
950,Hailey Reynolds,Female,32,Bachelor,Public Health,"Myers, Hartman and Gomez College",2015,3.92,France,Employed,Health service manager,109333
951,Melissa Davis,Male,20,Bachelor,Computer Science,Murillo-Barber University,2016,2.72,Germany,Employed,"Doctor, general practice",115903
952,Nicole Callahan,Male,23,Bachelor,Statistics,"Ross, Holloway and Bell University",2018,3.47,Japan,Employed,Dancer,52532
953,Glenn Williams,Male,23,Bachelor,English Arts,Silva LLC University,2015,3.59,UK,Unemployed,NA,0
954,Steven Henry,Male,29,Bachelor,Electrical Engineering,"Caldwell, Brennan and Williams College",2021,3.12,Japan,Employed,Set designer,77749
955,Olivia Rogers,Male,28,PhD,Electrical Engineering,Green Group Institute,2022,2.78,Canada,Employed,Industrial buyer,113044
956,Jill Garza,Male,34,Bachelor,Statistics,Johnson Group Institute,2016,2.79,Japan,Employed,"Accountant, chartered",64547
957,Sarah Figueroa,Female,38,Bachelor,Economics,Huffman-Smith University,2015,3.33,USA,Employed,"Designer, furniture",74631
958,Brenda Tapia,Male,24,Bachelor,Mechanical Engineering,Hamilton-Allen Institute,2020,3.66,Germany,Employed,Media planner,63126
959,Pamela Lopez,Male,29,Master,Mathematics,"Ramirez, Bryant and Patrick College",2018,2.57,Canada,Employed,Sales executive,61582
960,Jacob Dunlap,Male,39,Bachelor,Economics,Meyer-Parks Institute,2018,3.07,Japan,Unemployed,NA,0
961,Jody Young,Female,22,Master,Medicine,Walker-Wood Institute,2018,2.56,UK,Employed,IT consultant,76114
962,Robert Brown,Female,35,Master,Biology,Garcia Inc Institute,2022,2.59,Australia,Employed,"Chemist, analytical",118536
963,Daniel Cervantes,Female,21,Bachelor,Finance,Knox-Harrison University,2015,2.86,Australia,Employed,Web designer,48470
964,Megan Trevino,Male,33,Master,Neuroscience,"Rogers, Ross and Green Institute",2015,3.4,Japan,Employed,"Solicitor, Scotland",52852
965,Michael Ruiz,Female,34,Master,Chemistry,Miller Ltd University,2016,3.44,Japan,Employed,Volunteer coordinator,74307
966,John Browning,Male,38,Bachelor,Physics,Anthony Inc Institute,2021,3.08,USA,Employed,Customer service manager,108011
967,Mr. Michael Ray,Female,34,Bachelor,Electrical Engineering,"Calderon, Wilson and Romero College",2018,3.17,France,Employed,"Education officer, environmental",73371
968,Clayton Johnson,Male,22,Bachelor,Biology,"Jones, Mercer and Morris Institute",2021,2.83,Canada,Employed,Health service manager,86428
969,Patricia Cruz,Male,36,Master,Psychology,Thomas-Vargas College,2021,3.74,UK,Employed,"Horticulturist, amenity",59688
970,Claudia Woodward,Male,21,Master,Mathematics,White LLC Institute,2018,2.65,France,Employed,"Engineer, biomedical",68257
971,Margaret Murphy,Male,35,Bachelor,Physics,"Sharp, Simpson and Morrison College",2023,3.39,Australia,Unemployed,NA,0
972,Jennifer Francis,Female,30,Bachelor,Business Administration,Miller-Little College,2017,3.64,Germany,Employed,Hospital pharmacist,102738
973,Stephen Thompson,Female,29,Bachelor,Economics,Ramos Group Institute,2016,2.81,France,Unemployed,NA,0
974,Jacob Hawkins,Male,33,Bachelor,Mathematics,"Roberts, Chandler and Bell Institute",2019,3.75,Germany,Employed,Animal technologist,97325
975,Amanda Cox,Male,29,PhD,Marketing,Waters LLC University,2022,3.53,USA,Employed,Public relations account executive,102153
976,William Strong,Male,35,Bachelor,English Arts,Turner-Miller University,2022,2.6,Japan,Employed,Economist,67568
977,Phillip Powell,Male,20,Bachelor,Chemistry,"Avery, Higgins and Hawkins University",2019,3.46,Japan,Employed,Animator,81169
978,Margaret Jackson,Female,24,Bachelor,Marketing,Reyes-Allen Institute,2016,2.64,USA,Employed,Financial controller,63884
979,Andrew Owens,Female,33,Bachelor,Electrical Engineering,Wilson-Walker University,2022,3.47,France,Unemployed,NA,0
980,Lisa Ortiz,Male,21,Bachelor,Psychology,Kane Ltd Institute,2015,3.57,USA,Employed,Dramatherapist,44917
981,Sierra Hall,Female,31,Bachelor,Mechanical Engineering,Rocha Inc University,2021,3.87,UK,Employed,Legal secretary,57835
982,Phillip Davis,Male,36,PhD,Physics,Clark-Cunningham University,2018,2.9,Australia,Employed,Physiological scientist,106066
983,Kimberly Cole,Female,24,PhD,Mathematics,"Warner, Cooper and Calderon Institute",2023,3.24,France,Employed,"Therapist, speech and language",117749
984,James Smith,Male,24,Bachelor,Psychology,Marks-Melendez Institute,2021,3.53,USA,Employed,Customer service manager,47190
985,Robert Rush,Female,33,Master,Chemistry,White LLC Institute,2020,3.44,France,Employed,Fish farm manager,56774
986,Ryan Wilson,Male,39,Bachelor,Chemistry,Garcia LLC College,2017,2.57,Canada,Employed,Operational researcher,119493
987,Jessica Burke,Female,25,Bachelor,Medicine,Floyd Inc University,2019,2.65,France,Employed,"Psychologist, clinical",84490
988,Melinda Odonnell,Male,37,Master,Mathematics,Frederick Ltd College,2016,3.2,France,Unemployed,NA,0
989,Ashley Parks,Male,27,Bachelor,Neuroscience,"Calderon, Brown and Schmitt College",2020,3.93,USA,Unemployed,NA,0
990,Alexandra Wiggins,Male,36,Master,Mathematics,Burke PLC College,2017,2.7,UK,Employed,Media planner,81316
991,Sarah Hughes,Female,32,Bachelor,Physics,Willis PLC College,2019,3.79,Canada,Employed,Artist,94145
992,Travis Hinton,Male,27,Bachelor,Marketing,Waters Group College,2020,3.74,USA,Unemployed,NA,0
993,Scott Martinez,Female,30,Bachelor,Data Analytics,"Todd, Pacheco and Watson University",2018,3.24,USA,Employed,Information officer,82108
994,Adam Miller,Female,29,Bachelor,Computer Science,"Owens, Ward and Carroll University",2022,3.83,Australia,Employed,"Designer, jewellery",64049
995,Ricky Boyd,Female,37,Bachelor,Electrical Engineering,Moore and Sons Institute,2023,2.89,Australia,Employed,Manufacturing engineer,112313
996,Troy Jimenez,Female,34,Bachelor,Chemistry,Thompson-Little University,2021,2.51,Canada,Unemployed,NA,0
997,Charles Schroeder,Female,27,Bachelor,Public Health,Valdez Group Institute,2022,2.86,France,Employed,Accounting technician,94230
998,William Davis,Female,34,Bachelor,Medicine,Bowen-Mendoza University,2016,3.18,France,Employed,"Accountant, chartered certified",99421
999,Linda Sanchez,Male,37,PhD,Economics,Turner PLC University,2019,3.18,UK,Employed,Higher education careers adviser,76146
1000,Glenda Reed,Female,27,Bachelor,Biology,"Ballard, Bennett and Oneal Institute",2018,3.52,USA,Unemployed,NA,0
