user_id,passion,hobby,education_level,age,skills,openness,conscientiousness,extraversion,agreeableness,neuroticism,salary_importance,work_life_balance,career_title
user_0001,Gardening,Skiing,High School,46,"Graphic Design,Singing,Empathy,Robotics",10,5,8,8,4,4,6,Financial Analyst
user_0002,Writing,Hiking,Master's,64,"Writing,Photography,Conflict Resolution",7,7,4,3,2,8,4,Plumber
user_0003,Photography,Scuba Diving,Master's,63,"Video Editing,UI/UX Design,Digital Marketing",10,4,7,4,5,4,8,UX Designer
user_0004,Sports,Dancing,Master's,49,"Data Analysis,Research,Empathy,Writing,Sewing",8,7,6,5,7,9,5,Chef
user_0005,Photography,Baking,Vocational,19,"Singing,UI/UX Design,Time Management,Empathy",10,6,7,5,2,6,7,Plumber
user_0006,Meditation,Playing Guitar,Bachelor's,53,"First Aid,Sewing,Robotics,Writing",8,7,2,6,6,6,4,Sales Representative
user_0007,Cooking,Traveling,Master's,59,"Leadership,Public Speaking",5,6,5,7,6,5,7,Pilot
user_0008,Acting,Reading,Vocational,50,"Negotiation,Public Speaking,AI Prompt Engineering,Financial Literacy,Driving",8,10,3,8,1,5,6,HR Manager
user_0009,Music,Reading,Master's,64,"Singing,Critical Thinking,Programming,Leadership",8,5,9,6,4,4,7,Lawyer
user_0010,History,Pottery,Associate's,40,"Research,Video Editing,Graphic Design,Negotiation",5,10,3,6,3,9,4,Financial Analyst
user_0011,Collecting,Skiing,High School,23,"Video Editing,Singing,Writing,Public Speaking,Financial Literacy",5,7,3,4,4,6,5,Journalist
user_0012,Dancing,Origami,Master's,20,"Photography,Weightlifting,Conflict Resolution",6,4,7,10,5,6,9,Plumber
user_0013,Film,Gardening,Vocational,38,"Photography,Time Management",7,5,9,6,5,9,4,Sales Representative
user_0014,Meditation,Rock Climbing,Bachelor's,61,"Video Editing,Sewing,Empathy,Project Management",3,7,5,9,3,4,6,Sales Representative
user_0015,Writing,Fishing,Master's,57,"Sewing,Cooking,Programming,Financial Literacy,First Aid",7,9,6,6,4,8,4,Cybersecurity Specialist
user_0016,Fashion,Drawing,Vocational,42,"Graphic Design,Creativity",6,8,2,6,4,8,8,Graphic Designer
user_0017,Fitness,Chess,High School,29,"Programming,Critical Thinking,Data Analysis",8,7,9,4,6,6,7,Data Scientist
user_0018,Gardening,Rock Climbing,Bachelor's,18,"Foreign Languages,Video Editing,Sewing,Graphic Design",5,6,8,6,4,3,5,Actor
user_0019,Sports,Yoga,Associate's,49,"Graphic Design,Carpentry,Foreign Languages",9,3,5,7,5,6,9,Civil Engineer
user_0020,DIY,Skiing,Bachelor's,56,"Electrical Repair,Data Analysis,Project Management",5,9,4,4,4,5,6,Electrician
user_0021,Gardening,Swimming,Doctorate,56,"Critical Thinking,Cooking,AI Prompt Engineering",8,8,5,7,2,7,3,Farm Worker
user_0022,Psychology,Skiing,Bachelor's,54,"Cooking,Video Editing,First Aid",6,8,8,9,4,3,6,Mechanic
user_0023,Fashion,Baking,Associate's,34,"UI/UX Design,Graphic Design,Creativity",10,5,10,3,3,5,8,Graphic Designer
user_0024,Entrepreneurship,Photography,Bachelor's,56,"Time Management,Video Editing,Singing,Leadership,UI/UX Design",3,9,5,6,7,5,10,Actor
user_0025,Animals,Reading,Bachelor's,58,"Leadership,Empathy,Public Speaking",4,7,4,7,2,7,7,Elementary Teacher
user_0026,Volunteering,Running,Master's,62,"Electrical Repair,Negotiation,Video Editing",8,7,10,7,2,6,9,Mechanic
user_0027,Magic,Reading,Bachelor's,44,"Empathy,Leadership,Public Speaking",3,8,1,5,3,6,7,Elementary Teacher
user_0028,Writing,Yoga,High School,63,"Programming,Conflict Resolution",8,4,8,9,3,6,5,Psychologist
user_0029,Photography,Painting,Associate's,25,"UI/UX Design,Creativity,Graphic Design",5,9,7,5,7,7,5,Graphic Designer
user_0030,Technology,Scuba Diving,Bachelor's,40,"Data Analysis,Programming",5,7,3,7,4,8,2,Software Engineer
user_0031,Cars,Fishing,Master's,42,"Time Management,Data Analysis,Negotiation,Conflict Resolution,Electrical Repair",4,7,5,6,3,10,3,Social Worker
user_0032,Dancing,Playing Guitar,Associate's,25,"Negotiation,Cybersecurity,Project Management",4,10,6,8,5,9,4,Psychologist
user_0033,Cooking,Bird Watching,Doctorate,52,"Singing,Carpentry,Writing",10,6,6,9,3,5,6,Lawyer
user_0034,Technology,Reading,Bachelor's,26,"Robotics,Video Editing,Singing",7,6,4,4,6,6,8,Plumber
user_0035,Music,Painting,Associate's,27,"Creativity,Graphic Design,UI/UX Design",4,8,4,5,3,7,8,Graphic Designer
user_0036,Environment,Running,Associate's,52,"Sewing,Empathy",8,10,5,5,4,6,4,Marketing Manager
user_0037,Art,Video Gaming,Associate's,40,"Electrical Repair,Conflict Resolution",6,10,3,6,5,5,8,Plumber
user_0038,Art,Painting,Bachelor's,39,"Graphic Design,Creativity,UI/UX Design",6,7,9,10,8,3,6,Graphic Designer
user_0039,Art,Chess,Doctorate,26,"Digital Marketing,Project Management,Cybersecurity",4,6,3,8,3,6,3,UX Designer
user_0040,Reading,Knitting,Bachelor's,22,"Video Editing,Leadership",7,5,5,9,7,5,8,Journalist
user_0041,Environment,Rock Climbing,Doctorate,23,"Financial Literacy,Driving,Cybersecurity,Negotiation,Conflict Resolution",4,7,9,6,3,9,4,Plumber
user_0042,Gardening,Singing,Associate's,39,"Time Management,Conflict Resolution,Writing",10,4,5,7,5,5,8,Marketing Manager
user_0043,Collecting,Cooking,Bachelor's,47,"Foreign Languages,Photography",10,8,7,7,5,5,9,UX Designer
user_0044,Entrepreneurship,Knitting,Master's,37,"Data Analysis,Critical Thinking,Programming",3,5,4,8,6,5,6,Data Scientist
user_0045,Fashion,Reading,High School,62,"Robotics,Data Analysis,Conflict Resolution,Foreign Languages",5,8,1,6,2,8,3,Dentist
user_0046,Volunteering,Board Games,Bachelor's,31,"Leadership,Public Speaking",8,6,5,7,5,9,3,Elementary Teacher
user_0047,Film,Video Gaming,Vocational,23,"Project Management,Sewing",8,7,5,9,4,4,9,Biomedical Engineer
user_0048,Sports,Skiing,High School,33,"Sewing,Cybersecurity,Programming,Conflict Resolution",9,2,5,8,7,6,8,Electrician
user_0049,Cars,Gardening,Vocational,49,"Data Analysis,Digital Marketing,Writing,Financial Literacy,AI Prompt Engineering",8,3,4,7,4,5,8,Chef
user_0050,Meditation,Meditation,Bachelor's,41,"Sewing,Writing,Graphic Design",5,10,4,4,6,7,4,Plumber
user_0051,Art,Astronomy,Bachelor's,50,"Financial Literacy,Cybersecurity,Leadership,Sewing",10,7,4,7,5,5,7,UX Designer
user_0052,Sports,Photography,Associate's,23,"Research,Project Management,Singing",6,7,3,4,3,10,4,Civil Engineer
user_0053,Magic,Reading,Bachelor's,41,"First Aid,Empathy,Critical Thinking",3,7,6,9,3,10,4,Registered Nurse
user_0054,Languages,Singing,Doctorate,34,"Negotiation,Project Management,Empathy",8,5,3,4,4,5,8,Social Worker
user_0055,Animals,Chess,Doctorate,25,"Critical Thinking,Data Analysis,Programming",6,7,5,9,1,6,4,Data Scientist
user_0056,Collecting,Gardening,Master's,26,"Programming,Critical Thinking",9,4,8,7,6,5,4,Software Engineer
user_0057,Technology,Cycling,Master's,61,"Carpentry,Digital Marketing",6,10,8,8,6,8,3,Sales Representative
user_0058,Writing,Running,Bachelor's,18,"Photography,Critical Thinking,Time Management,Research",9,7,7,6,7,5,10,Psychologist
user_0059,Environment,Hiking,Doctorate,52,"Project Management,Programming,UI/UX Design",9,4,7,10,6,5,4,Environmental Scientist
user_0060,Gaming,Reading,Vocational,38,"Critical Thinking,Data Analysis",10,5,8,6,6,5,4,Software Engineer
user_0061,Psychology,Origami,Associate's,47,"Time Management,Data Analysis",6,7,6,9,4,7,7,Lawyer
user_0062,Film,Painting,Vocational,36,"Conflict Resolution,Cooking,UI/UX Design,Research",10,5,8,4,8,5,8,Lawyer
user_0063,Acting,Board Games,Master's,24,"Data Analysis,Carpentry,Electrical Repair",4,7,9,10,7,4,8,Financial Analyst
user_0064,Fitness,Video Gaming,Associate's,25,"Carpentry,Research",3,9,6,8,3,5,7,Farm Worker
user_0065,Photography,Dancing,Bachelor's,50,"Driving,Critical Thinking",8,7,6,4,5,5,6,HR Manager
user_0066,Dancing,Video Gaming,High School,26,"Programming,Public Speaking",7,10,4,5,7,8,4,Electrician
user_0067,Sports,Traveling,High School,19,"Photography,Weightlifting",7,7,3,5,3,7,5,Sales Representative
user_0068,Animals,Fitness,High School,46,"Critical Thinking,Empathy,First Aid",7,4,3,5,1,6,5,Registered Nurse
user_0069,History,Collecting Stamps,Vocational,59,"Writing,Foreign Languages,Weightlifting,Singing",10,3,6,7,4,5,8,Biomedical Engineer
user_0070,Cars,Origami,Master's,33,"Video Editing,Research",5,9,2,6,4,4,3,Financial Analyst
user_0071,Entrepreneurship,Chess,Vocational,19,"AI Prompt Engineering,Digital Marketing,Programming,Weightlifting",4,10,3,4,1,5,8,Psychologist
user_0072,Film,Running,Associate's,44,"UI/UX Design,Creativity",6,6,6,9,4,5,9,Graphic Designer
user_0073,Animals,Reading,Doctorate,62,"Time Management,Project Management,Photography,Robotics",5,6,2,8,4,5,8,UX Designer
user_0074,Photography,Bird Watching,Master's,34,"Critical Thinking,Empathy",5,7,5,4,5,5,7,Registered Nurse
user_0075,Volunteering,Rock Climbing,Associate's,22,"Cybersecurity,Driving,Video Editing,Time Management",2,7,4,7,4,8,4,Plumber
user_0076,Cars,Bird Watching,Doctorate,38,"Cybersecurity,Singing,Weightlifting",8,3,6,7,3,7,4,Actor
user_0077,Psychology,Yoga,Vocational,29,"Cybersecurity,Time Management",9,6,10,5,6,6,6,Mechanic
user_0078,Cars,Meditation,High School,49,"Cooking,Empathy,Graphic Design",7,7,4,7,4,9,3,Electrician
user_0079,Photography,Chess,High School,45,"Programming,Critical Thinking",6,5,4,6,4,7,4,Software Engineer
user_0080,Entrepreneurship,Cycling,Bachelor's,54,"Carpentry,Electrical Repair,Graphic Design",8,8,4,4,3,5,3,Architect
user_0081,Cooking,Origami,Bachelor's,28,"Singing,Weightlifting",7,6,7,8,4,6,4,Psychologist
user_0082,Cooking,Collecting Stamps,Bachelor's,28,"Data Analysis,Cooking",5,6,9,9,6,5,3,Journalist
user_0083,Photography,Cycling,High School,43,"Project Management,Public Speaking,Negotiation,Programming,Foreign Languages",9,8,10,5,4,7,4,Chef
user_0084,Cooking,Skiing,Associate's,23,"Conflict Resolution,Data Analysis,Critical Thinking,Research,Video Editing",2,7,3,5,3,9,3,Financial Analyst
user_0085,Chess,Knitting,Associate's,29,"Public Speaking,First Aid,Electrical Repair,Digital Marketing,Robotics",4,10,3,7,4,5,7,Construction Worker
user_0086,Gaming,Swimming,Master's,32,"Robotics,Video Editing",5,7,3,7,6,5,8,Actor
user_0087,Writing,Knitting,Doctorate,20,"Data Analysis,Sewing,Electrical Repair",6,5,6,8,3,10,3,Chef
user_0088,Reading,Singing,Doctorate,34,"Data Analysis,Critical Thinking,Programming",4,7,2,5,3,7,10,Data Scientist
user_0089,Collecting,Reading,Doctorate,57,"Data Analysis,Foreign Languages,Project Management,Time Management,Sewing",10,4,6,8,7,6,7,UX Designer
user_0090,Reading,Chess,Bachelor's,59,"Time Management,AI Prompt Engineering,Writing,Public Speaking,Carpentry",7,8,5,7,6,3,5,Statistician
user_0091,Chess,Origami,Associate's,62,"Public Speaking,Empathy,Writing",5,8,5,8,4,4,5,AI Engineer
user_0092,Astronomy,Rock Climbing,Doctorate,61,"Conflict Resolution,Digital Marketing",7,8,4,8,4,3,7,Cybersecurity Specialist
user_0093,Writing,Hiking,Bachelor's,31,"Empathy,Writing,Sewing,Leadership,Conflict Resolution",8,6,9,4,5,10,2,Journalist
user_0094,Acting,Board Games,Master's,54,"Carpentry,Photography",7,10,1,2,5,6,6,AI Engineer
user_0095,Travel,Chess,Associate's,47,"Financial Literacy,UI/UX Design,Data Analysis,Driving,Programming",5,9,9,5,6,6,2,HR Manager
user_0096,Gaming,Dancing,Associate's,28,"Empathy,Robotics,Cybersecurity,Graphic Design",8,5,5,9,5,5,7,Sales Representative
user_0097,Photography,Skiing,Vocational,61,"First Aid,Financial Literacy,Foreign Languages",9,6,7,8,5,6,10,Plumber
user_0098,Music,Playing Guitar,Associate's,56,"Cybersecurity,Financial Literacy,First Aid,Foreign Languages",8,6,5,5,4,4,8,Actor
user_0099,Volunteering,Singing,Master's,43,"Programming,Leadership",10,6,6,5,4,7,9,Dentist
user_0100,Writing,Fishing,Associate's,58,"Conflict Resolution,First Aid,Financial Literacy,Cybersecurity",6,4,3,4,2,6,9,Pilot
user_0101,Film,Fishing,Doctorate,26,"Financial Literacy,Writing",8,9,4,5,5,8,4,AI Engineer
user_0102,Animals,Singing,Vocational,39,"Driving,Singing,Financial Literacy",7,8,7,4,6,5,5,HR Manager
user_0103,Dancing,Bird Watching,Vocational,65,"Empathy,Research,Singing,Sewing",9,4,6,10,8,6,9,Chef
user_0104,Languages,Origami,Associate's,41,"Time Management,Critical Thinking,Electrical Repair,Conflict Resolution",4,6,5,7,3,3,6,Lawyer
user_0105,Chess,Hiking,Master's,25,"Leadership,Critical Thinking,Foreign Languages,Public Speaking,Conflict Resolution",9,7,10,5,3,5,7,Pilot
user_0106,Gardening,Rock Climbing,Doctorate,29,"Writing,Cooking",5,8,4,6,3,7,2,Civil Engineer
user_0107,Environment,Cooking,Master's,28,"Research,Sewing,Graphic Design,Project Management,AI Prompt Engineering",7,2,8,6,4,4,6,Environmental Scientist
user_0108,Fitness,Volunteering,Bachelor's,23,"Empathy,First Aid,Critical Thinking",4,9,5,5,5,6,3,Registered Nurse
user_0109,Cooking,Photography,High School,37,"Electrical Repair,Empathy,Leadership,AI Prompt Engineering",9,5,7,9,5,4,8,Chef
user_0110,Travel,Cooking,Bachelor's,19,"Digital Marketing,Empathy,Project Management",5,6,8,9,6,6,9,Environmental Scientist
user_0111,Cars,Astronomy,High School,42,"Sewing,Singing,AI Prompt Engineering,Public Speaking",7,2,10,8,6,5,7,HR Manager
user_0112,Entrepreneurship,Cycling,Master's,34,"Cybersecurity,Project Management,Photography,Driving,Financial Literacy",5,7,8,9,5,7,9,Farm Worker
user_0113,Psychology,Painting,Bachelor's,24,"Critical Thinking,Data Analysis",10,6,7,5,8,4,7,Biomedical Engineer
user_0114,Technology,Scuba Diving,Bachelor's,36,"Public Speaking,Singing,Writing",8,8,6,6,4,5,7,Financial Analyst
user_0115,Dancing,Singing,Master's,60,"Project Management,Graphic Design,Sewing,Leadership,Empathy",7,10,3,6,4,4,8,UX Designer
user_0116,Cooking,Reading,Doctorate,42,"First Aid,Empathy,Critical Thinking",3,5,4,5,6,7,7,Registered Nurse
user_0117,Sports,Origami,Doctorate,23,"Robotics,Cooking,Carpentry,Data Analysis",1,10,2,4,5,4,7,Biomedical Engineer
user_0118,Chess,Astronomy,Vocational,25,"Cybersecurity,Empathy,Public Speaking",9,8,4,5,3,6,7,Journalist
user_0119,Photography,Drawing,Associate's,35,"Graphic Design,Creativity,UI/UX Design",10,8,9,3,3,9,5,Graphic Designer
user_0120,Animals,Playing Guitar,Doctorate,39,"Foreign Languages,Driving",9,2,6,7,3,6,9,Mechanic
user_0121,Magic,Rock Climbing,Associate's,32,"Critical Thinking,First Aid",8,7,4,6,5,3,6,Registered Nurse
user_0122,Entrepreneurship,Knitting,Vocational,23,"Electrical Repair,Research,Time Management,Graphic Design,Conflict Resolution",6,6,2,7,4,9,4,Journalist
user_0123,Reading,Gardening,Master's,53,"Robotics,Graphic Design",7,5,7,7,5,5,6,AI Engineer
user_0124,Technology,Singing,High School,32,"Cooking,Singing,Sewing,AI Prompt Engineering,Writing",9,3,7,9,3,6,8,Psychologist
user_0125,Meditation,Skiing,Associate's,53,"Cybersecurity,Data Analysis,Public Speaking,Weightlifting",8,4,6,5,5,8,3,Construction Worker
user_0126,Travel,Cycling,Bachelor's,31,"Robotics,Research,Photography,Cybersecurity,Cooking",9,6,4,7,7,4,8,Financial Analyst
user_0127,Animals,Pottery,Vocational,49,"Leadership,Empathy",5,9,5,5,4,8,3,Dentist
user_0128,Animals,Cooking,Doctorate,26,"Video Editing,Driving",10,5,5,6,7,4,6,HR Manager
user_0129,Psychology,Board Games,Vocational,35,"Cooking,Critical Thinking,Electrical Repair,Research,Project Management",6,7,5,7,2,5,8,UX Designer
user_0130,DIY,Traveling,Master's,58,"Photography,AI Prompt Engineering,Cybersecurity",9,8,6,8,6,4,5,HR Manager
user_0131,Dancing,Board Games,Associate's,53,"Time Management,Driving,Cybersecurity,Foreign Languages,Empathy",6,9,3,4,5,5,6,HR Manager
user_0132,Acting,Gardening,Doctorate,21,"First Aid,Sewing,Research",6,9,10,6,4,5,7,AI Engineer
user_0133,Gaming,Gardening,Associate's,46,"AI Prompt Engineering,Conflict Resolution",6,7,6,9,5,5,7,Environmental Scientist
user_0134,Film,Gardening,Bachelor's,42,"Research,Driving,Cooking,Singing,Public Speaking",8,9,3,8,4,6,6,HR Manager
user_0135,Animals,Running,Doctorate,56,"Sewing,Empathy,Photography",10,6,8,7,6,7,4,Environmental Scientist
user_0136,Volunteering,Chess,Master's,38,"Empathy,Leadership",6,5,4,7,4,6,10,Elementary Teacher
user_0137,Film,Yoga,Bachelor's,54,"Graphic Design,Research,Cybersecurity,Cooking",9,6,8,4,6,3,9,Cybersecurity Specialist
user_0138,Gaming,Running,Bachelor's,23,"Digital Marketing,Weightlifting,Photography,Driving",5,10,1,3,6,3,7,Lawyer
user_0139,Gaming,Singing,Doctorate,18,"Driving,Negotiation",10,4,10,6,7,5,5,Pilot
user_0140,Magic,Astronomy,High School,42,"Singing,Empathy,Critical Thinking,Programming",9,3,10,7,5,9,3,AI Engineer
user_0141,Chess,Skiing,Vocational,38,"Data Analysis,Carpentry",4,7,8,10,6,6,9,Chef
user_0142,Dancing,Hiking,Master's,62,"Financial Literacy,Robotics,Graphic Design,Empathy,Driving",7,7,7,10,4,4,7,Cybersecurity Specialist
user_0143,Sports,Fitness,Associate's,48,"Critical Thinking,First Aid,Empathy",7,9,8,4,2,4,5,Registered Nurse
user_0144,Entrepreneurship,Rock Climbing,Master's,27,"Critical Thinking,Programming,Data Analysis",9,6,8,6,5,10,4,Data Scientist
user_0145,Photography,Painting,Doctorate,43,"Financial Literacy,Project Management,Critical Thinking,Driving",6,8,7,7,5,3,4,Architect
user_0146,Gaming,Video Gaming,Doctorate,45,"Critical Thinking,Programming,Data Analysis",8,10,4,9,5,7,7,Software Engineer
user_0147,Dancing,Cooking,Doctorate,54,"Conflict Resolution,Sewing",9,4,7,4,4,5,7,Financial Analyst
user_0148,Animals,Volunteering,Doctorate,37,"Empathy,Public Speaking",7,7,3,6,2,6,9,Elementary Teacher
user_0149,Animals,Painting,Master's,54,"Research,Cooking,Foreign Languages,Carpentry",9,7,6,5,5,5,6,HR Manager
user_0150,Film,Baking,Associate's,48,"Electrical Repair,Negotiation,Sewing,Critical Thinking,Writing",8,8,6,7,8,5,7,Civil Engineer
user_0151,Gaming,Hiking,Associate's,64,"Empathy,Graphic Design",7,6,5,8,4,5,5,Statistician
user_0152,Magic,Gardening,Master's,34,"Financial Literacy,Sewing,Project Management,Negotiation,Video Editing",7,4,5,4,5,6,9,Financial Analyst
user_0153,Entrepreneurship,Playing Guitar,Master's,48,"Data Analysis,Programming,Critical Thinking",9,8,3,4,4,7,7,Data Scientist
user_0154,Environment,Bird Watching,Vocational,22,"Negotiation,Digital Marketing,Public Speaking,Driving",6,4,7,8,4,6,6,Electrician
user_0155,Animals,Pottery,Associate's,38,"First Aid,Empathy,Critical Thinking",5,9,9,8,4,6,7,Registered Nurse
user_0156,Photography,Pottery,Bachelor's,40,"Writing,Research,Weightlifting,AI Prompt Engineering",5,7,2,4,3,4,8,UX Designer
user_0157,Cars,Chess,Vocational,27,"Carpentry,Negotiation,AI Prompt Engineering",6,6,5,7,5,7,4,Social Worker
user_0158,Travel,Meditation,Vocational,59,"Programming,Digital Marketing,Public Speaking,Project Management,Time Management",10,4,8,3,5,2,7,Pilot
user_0159,Magic,Knitting,Bachelor's,40,"Empathy,Critical Thinking",10,7,6,6,5,9,5,Registered Nurse
user_0160,Languages,Meditation,Vocational,57,"Carpentry,Empathy,Driving,Cooking",7,1,7,8,2,5,9,Civil Engineer
user_0161,Dancing,Reading,Vocational,51,"Robotics,Project Management,AI Prompt Engineering,Data Analysis,Carpentry",6,10,8,4,3,8,7,Civil Engineer
user_0162,Technology,Board Games,Doctorate,40,"Programming,Data Analysis,Critical Thinking",7,5,5,5,4,8,5,Data Scientist
user_0163,Acting,Chess,Bachelor's,32,"Critical Thinking,AI Prompt Engineering",10,3,9,4,7,5,7,Lawyer
user_0164,Dancing,Pottery,High School,42,"Cybersecurity,Research,Cooking",8,6,3,7,4,5,4,Social Worker
user_0165,Collecting,Running,Bachelor's,54,"AI Prompt Engineering,First Aid,Driving,Video Editing",8,10,3,6,3,5,6,Marketing Manager
user_0166,Gaming,Bird Watching,Associate's,37,"Sewing,Cybersecurity,Video Editing,Empathy",5,9,5,6,4,6,5,Architect
user_0167,Entrepreneurship,Astronomy,Associate's,53,"Carpentry,Video Editing",6,8,1,6,5,4,6,Social Worker
user_0168,Technology,Gardening,Doctorate,43,"Critical Thinking,Programming,Data Analysis",8,4,6,5,8,5,6,Data Scientist
user_0169,Art,Astronomy,Master's,50,"AI Prompt Engineering,Carpentry,Driving",5,8,3,7,2,9,3,Financial Analyst
user_0170,Entrepreneurship,Dancing,Doctorate,43,"Time Management,Photography,Leadership,Programming,Empathy",6,7,5,3,4,10,5,Environmental Scientist
user_0171,Meditation,Chess,Vocational,56,"Electrical Repair,UI/UX Design,Video Editing",8,8,4,7,5,6,6,Construction Worker
user_0172,Writing,Pottery,Associate's,39,"Research,Leadership",9,7,1,7,4,4,10,Architect
user_0173,Environment,Playing Guitar,Associate's,47,"Weightlifting,Time Management,Conflict Resolution,Programming,Writing",6,6,8,9,3,4,7,Pilot
user_0174,Technology,Pottery,Master's,18,"Digital Marketing,Critical Thinking,Graphic Design,Video Editing",4,8,4,6,5,4,6,Lawyer
user_0175,Chess,Meditation,Associate's,29,"Writing,Empathy,Photography",4,8,5,8,2,6,5,Financial Analyst
user_0176,History,Dancing,Vocational,24,"UI/UX Design,Graphic Design",3,9,3,3,5,5,4,Cybersecurity Specialist
user_0177,Gardening,Bird Watching,Master's,35,"Carpentry,Sewing,UI/UX Design,Leadership,First Aid",10,9,4,3,4,5,10,Biomedical Engineer
user_0178,Gaming,Gardening,Master's,40,"Conflict Resolution,Driving,Sewing,Carpentry,Electrical Repair",10,8,7,6,3,5,7,Pilot
user_0179,Animals,Cycling,Associate's,41,"Carpentry,Singing,First Aid,Digital Marketing",2,8,2,8,4,4,7,AI Engineer
user_0180,Travel,Swimming,Doctorate,41,"Conflict Resolution,Video Editing,First Aid,Electrical Repair",4,8,8,7,4,3,8,Lawyer
user_0181,Photography,Running,Bachelor's,42,"Project Management,Research,Empathy",10,4,5,4,3,5,7,Actor
user_0182,Collecting,Skiing,Master's,52,"Research,Writing,Critical Thinking,First Aid",8,5,9,8,5,5,5,Statistician
user_0183,Meditation,Chess,Bachelor's,58,"Electrical Repair,Empathy",5,7,6,8,5,7,8,Financial Analyst
user_0184,Music,Swimming,High School,40,"Time Management,Financial Literacy,Singing",10,6,9,6,4,10,3,Construction Worker
user_0185,Writing,Knitting,Master's,36,"Financial Literacy,Project Management,Conflict Resolution,Carpentry,Research",5,4,6,9,5,4,8,Statistician
user_0186,Photography,Photography,Bachelor's,28,"Creativity,UI/UX Design,Graphic Design",5,10,2,7,5,5,7,Graphic Designer
user_0187,Cooking,Knitting,High School,24,"UI/UX Design,Weightlifting",7,9,5,3,6,5,6,Financial Analyst
user_0188,Acting,Traveling,Master's,36,"Leadership,Empathy",3,8,4,8,5,5,7,Elementary Teacher
user_0189,Technology,Rock Climbing,Associate's,48,"Conflict Resolution,Singing,UI/UX Design,First Aid,Electrical Repair",9,10,2,5,4,6,7,Dentist
user_0190,Volunteering,Skiing,Doctorate,52,"UI/UX Design,Negotiation,Writing,Singing",5,9,4,6,3,5,7,Lawyer
user_0191,Fitness,Reading,High School,51,"Negotiation,Critical Thinking,Writing",6,8,6,7,3,10,1,Civil Engineer
user_0192,Fitness,Collecting Stamps,Vocational,18,"Photography,Foreign Languages,Weightlifting,Singing",10,8,7,7,3,9,3,Actor
user_0193,Writing,Swimming,Doctorate,33,"Critical Thinking,Financial Literacy,Empathy,Singing",5,9,2,6,8,7,9,Marketing Manager
user_0194,Animals,Crafts,Bachelor's,42,"Public Speaking,Leadership",5,8,8,5,7,6,10,Elementary Teacher
user_0195,Fashion,Baking,High School,32,"Project Management,Programming",9,4,7,6,6,7,9,HR Manager
user_0196,Psychology,Astronomy,High School,39,"Robotics,Sewing",3,9,2,5,3,5,5,Farm Worker
user_0197,Meditation,Knitting,Associate's,44,"Graphic Design,Creativity,UI/UX Design",9,6,8,6,5,6,4,Graphic Designer
user_0198,Entrepreneurship,Writing,Associate's,38,"Financial Literacy,Empathy,Public Speaking",5,4,5,7,3,5,9,Pilot
user_0199,Chess,Gardening,Doctorate,31,"Digital Marketing,Financial Literacy",6,5,3,7,6,6,10,Construction Worker
user_0200,Languages,Playing Guitar,High School,20,"Cybersecurity,AI Prompt Engineering,Project Management,Negotiation,Sewing",8,9,10,7,4,8,9,AI Engineer
user_0201,Environment,Skiing,High School,21,"Financial Literacy,Project Management,Cybersecurity,Singing",7,4,5,6,3,7,4,UX Designer
user_0202,Chess,Video Gaming,Doctorate,30,"Cybersecurity,Video Editing",5,6,2,4,6,4,7,Actor
user_0203,Gaming,Scuba Diving,Bachelor's,30,"Singing,Negotiation,Cooking",10,6,10,4,1,5,5,Chef
user_0204,Fashion,Yoga,Associate's,52,"Electrical Repair,Programming,Sewing,Financial Literacy",10,3,7,7,7,8,7,Civil Engineer
user_0205,Gardening,Baking,High School,60,"Photography,Leadership,Driving,Writing,Sewing",5,7,8,6,2,8,8,Electrician
user_0206,Film,Singing,Bachelor's,24,"Public Speaking,Empathy",10,3,6,6,3,9,3,Elementary Teacher
user_0207,Psychology,Meditation,Associate's,21,"Digital Marketing,AI Prompt Engineering,Cybersecurity,Graphic Design",10,4,7,6,6,6,8,Biomedical Engineer
user_0208,DIY,Origami,Bachelor's,41,"Robotics,AI Prompt Engineering",6,10,5,7,3,10,5,Architect
user_0209,Dancing,Cycling,Doctorate,32,"Photography,Leadership,Driving,Digital Marketing,Time Management",7,8,6,2,3,6,7,Social Worker
user_0210,Fashion,Scuba Diving,Doctorate,45,"Carpentry,Research",8,8,4,4,6,4,10,Dentist
user_0211,Fashion,Traveling,Associate's,38,"Conflict Resolution,Negotiation,Foreign Languages,Sewing",6,6,2,7,2,4,6,Biomedical Engineer
user_0212,Environment,Running,Doctorate,34,"Electrical Repair,Video Editing,Programming,Empathy",7,7,4,4,6,4,8,AI Engineer
user_0213,Technology,Fishing,Doctorate,30,"Data Analysis,Programming,Critical Thinking",10,9,8,5,4,5,6,Software Engineer
user_0214,Animals,Playing Guitar,Vocational,34,"Graphic Design,Time Management,Video Editing,UI/UX Design",10,6,9,6,4,6,5,Statistician
user_0215,Magic,Cycling,Master's,59,"Public Speaking,Empathy,Research,Time Management",9,5,7,7,5,10,4,Cybersecurity Specialist
user_0216,Collecting,Cycling,Vocational,65,"Financial Literacy,Sewing",4,10,5,7,2,5,3,UX Designer
user_0217,Acting,Fishing,Master's,62,"Project Management,Public Speaking,Driving",3,9,5,8,6,5,8,Sales Representative
user_0218,Fitness,Astronomy,Bachelor's,27,"Cooking,Graphic Design,Writing",9,7,3,6,3,5,10,Lawyer
user_0219,Reading,Board Games,Doctorate,26,"Writing,Singing,Photography",9,5,7,8,1,6,8,Social Worker
user_0220,Photography,Photography,Associate's,45,"Driving,UI/UX Design,Time Management,Graphic Design",2,9,8,4,4,4,6,Electrician
user_0221,History,Skiing,High School,37,"Negotiation,AI Prompt Engineering,Robotics",8,7,5,4,2,5,7,Construction Worker
user_0222,Technology,Painting,Doctorate,23,"Empathy,Public Speaking",3,9,6,6,3,6,6,Dentist
user_0223,Fashion,Bird Watching,High School,39,"Empathy,Singing,Photography",8,4,8,6,5,7,3,Chef
user_0224,Acting,Scuba Diving,Doctorate,60,"Video Editing,Time Management",7,6,4,8,4,4,5,Mechanic
user_0225,Psychology,Collecting Stamps,Associate's,21,"Financial Literacy,Programming,Graphic Design,Video Editing,Driving",7,8,10,3,6,7,8,Actor
user_0226,Volunteering,Scuba Diving,High School,38,"Conflict Resolution,AI Prompt Engineering,Singing,Graphic Design,Carpentry",5,10,1,5,2,5,5,AI Engineer
user_0227,Volunteering,Yoga,Associate's,49,"Empathy,Carpentry,Programming,Negotiation,Driving",7,8,10,4,5,6,7,UX Designer
user_0228,Sports,Origami,Bachelor's,19,"Digital Marketing,Project Management,Cooking,Weightlifting",10,5,6,6,3,6,8,Journalist
user_0229,Photography,Meditation,Vocational,45,"UI/UX Design,AI Prompt Engineering,Cooking,Electrical Repair",7,4,9,4,4,3,7,Lawyer
user_0230,Acting,Yoga,Doctorate,63,"Foreign Languages,UI/UX Design,Sewing",9,9,9,4,2,6,7,Plumber
user_0231,Dancing,Cooking,Associate's,27,"Sewing,Cooking",7,6,3,6,6,5,6,Mechanic
user_0232,Music,Crafts,Bachelor's,60,"Public Speaking,Leadership",4,10,5,7,4,3,7,Elementary Teacher
user_0233,Cars,Dancing,Vocational,42,"Writing,Project Management,Carpentry,Photography,Digital Marketing",9,6,7,9,5,8,5,HR Manager
user_0234,Travel,Photography,Vocational,46,"Cybersecurity,Cooking,Conflict Resolution,Electrical Repair,Weightlifting",5,7,1,5,5,8,2,Environmental Scientist
user_0235,History,Baking,Master's,56,"Leadership,Data Analysis",7,7,7,8,1,6,8,AI Engineer
user_0236,Art,Running,Bachelor's,51,"Photography,Critical Thinking",10,5,8,4,7,6,7,Mechanic
user_0237,History,Traveling,High School,62,"Electrical Repair,Robotics,Financial Literacy",4,5,1,7,3,5,7,Chef
user_0238,Entrepreneurship,Swimming,Associate's,46,"Carpentry,Electrical Repair",5,7,4,6,5,5,5,Civil Engineer
user_0239,DIY,Cycling,High School,25,"Financial Literacy,Negotiation,Graphic Design,Leadership,Cybersecurity",5,6,9,5,4,5,10,HR Manager
user_0240,Animals,Fitness,Bachelor's,31,"First Aid,Empathy",3,6,1,5,3,5,4,Registered Nurse
user_0241,Acting,Hiking,High School,57,"Programming,Electrical Repair,Writing,Conflict Resolution",4,7,6,8,7,9,4,Statistician
user_0242,Film,Bird Watching,Bachelor's,44,"Graphic Design,AI Prompt Engineering,Programming,Digital Marketing,Weightlifting",7,10,2,4,5,4,6,Sales Representative
user_0243,Art,Skiing,Associate's,20,"Conflict Resolution,Public Speaking,Driving",10,6,6,6,3,5,6,Civil Engineer
user_0244,Cooking,Cooking,Doctorate,36,"Electrical Repair,Empathy,Time Management",6,6,3,5,4,8,9,Lawyer
user_0245,Writing,Board Games,Bachelor's,53,"Critical Thinking,Writing",9,10,7,7,3,5,5,Cybersecurity Specialist
user_0246,Psychology,Hiking,Master's,21,"Time Management,Empathy",4,6,3,4,5,6,8,Financial Analyst
user_0247,Gardening,Chess,Master's,54,"UI/UX Design,Project Management,AI Prompt Engineering,Time Management",9,6,7,5,7,6,2,Plumber
user_0248,Fitness,Hiking,High School,25,"Electrical Repair,Financial Literacy",10,9,6,3,5,5,5,HR Manager
user_0249,Gaming,Astronomy,Doctorate,31,"Financial Literacy,Photography",5,9,9,7,4,6,9,Construction Worker
user_0250,Environment,Reading,High School,61,"Cooking,Video Editing,Empathy,Time Management",6,6,8,8,2,5,7,Psychologist
user_0251,Astronomy,Astronomy,High School,59,"Writing,Project Management,Financial Literacy",6,9,3,5,2,7,6,UX Designer
user_0252,Animals,Baking,Doctorate,38,"Photography,Time Management",7,8,9,5,3,8,3,Chef
user_0253,Cars,Running,Vocational,54,"Carpentry,AI Prompt Engineering,Data Analysis,Conflict Resolution,Research",6,10,7,8,6,6,7,AI Engineer
user_0254,Photography,Dancing,Bachelor's,37,"Leadership,Critical Thinking,Carpentry",7,6,9,4,3,9,4,Statistician
user_0255,Entrepreneurship,Fishing,Master's,32,"Programming,Data Analysis",6,6,3,5,8,5,7,Software Engineer
user_0256,Magic,Gardening,Doctorate,56,"Cooking,Electrical Repair",6,2,9,7,4,6,7,Chef
user_0257,Chess,Hiking,Associate's,30,"Critical Thinking,First Aid,Singing",5,8,7,6,2,7,8,Journalist
user_0258,History,Reading,Associate's,57,"Empathy,Public Speaking,Leadership",8,5,3,5,8,4,9,Elementary Teacher
user_0259,Fashion,Gardening,Vocational,19,"Weightlifting,Driving,Public Speaking,Data Analysis,Video Editing",6,7,6,10,6,9,4,Architect
user_0260,Meditation,Scuba Diving,Doctorate,46,"Critical Thinking,Cooking,Robotics,Photography",10,5,7,6,6,6,7,Journalist
user_0261,Animals,Volunteering,Bachelor's,31,"Empathy,Leadership,Public Speaking",3,7,6,7,4,6,7,Elementary Teacher
user_0262,Dancing,Dancing,Bachelor's,47,"Critical Thinking,Sewing,Negotiation",5,7,4,6,4,7,6,Pilot
user_0263,Gaming,Skiing,High School,37,"Video Editing,Time Management,Foreign Languages,Digital Marketing,AI Prompt Engineering",7,8,7,10,5,6,6,Psychologist
user_0264,Meditation,Scuba Diving,Master's,45,"Time Management,Research,Cooking,Singing,Cybersecurity",9,5,7,7,8,6,7,Financial Analyst
user_0265,Fashion,Fishing,Master's,24,"Carpentry,Critical Thinking,Video Editing,Graphic Design,AI Prompt Engineering",10,7,2,5,3,8,4,Biomedical Engineer
user_0266,Meditation,Painting,Master's,58,"Sewing,Project Management",6,10,4,7,4,6,4,Financial Analyst
user_0267,Travel,Hiking,Doctorate,38,"Time Management,Research,UI/UX Design,Driving",4,6,4,4,4,7,4,Farm Worker
user_0268,Entrepreneurship,Rock Climbing,Vocational,36,"Negotiation,Weightlifting",8,6,8,5,3,4,7,Social Worker
user_0269,Music,Playing Guitar,Bachelor's,62,"Financial Literacy,Cooking,Cybersecurity,Video Editing,Foreign Languages",8,7,8,7,4,4,7,Plumber
user_0270,Meditation,Traveling,Associate's,44,"Critical Thinking,Conflict Resolution,Driving",6,7,3,5,5,7,6,AI Engineer
user_0271,Reading,Painting,High School,26,"Conflict Resolution,Electrical Repair,Weightlifting,Research,Cybersecurity",5,10,8,8,4,5,9,Dentist
user_0272,Meditation,Video Gaming,Bachelor's,40,"Carpentry,Foreign Languages,AI Prompt Engineering",8,8,8,3,5,5,9,Architect
user_0273,Gaming,Meditation,Associate's,20,"Time Management,Writing",10,5,6,8,7,4,8,UX Designer
user_0274,Environment,Board Games,Associate's,47,"Leadership,Weightlifting",6,10,5,5,6,6,10,Plumber
user_0275,History,Gardening,Associate's,52,"Writing,Electrical Repair",10,6,8,6,1,6,8,Chef
user_0276,Cooking,Gardening,Doctorate,56,"Empathy,Research,Time Management,First Aid",9,10,8,5,3,5,8,Chef
user_0277,DIY,Collecting Stamps,High School,36,"Graphic Design,Project Management,Leadership,Conflict Resolution,Research",10,4,9,5,5,7,3,Actor
user_0278,Entrepreneurship,Meditation,Master's,33,"Critical Thinking,Programming",4,7,4,4,3,5,7,Software Engineer
user_0279,Magic,Singing,Vocational,49,"Sewing,Video Editing,Digital Marketing,Driving,Electrical Repair",10,4,5,5,5,8,5,Biomedical Engineer
user_0280,Entrepreneurship,Reading,Bachelor's,46,"First Aid,Critical Thinking,Empathy",10,5,7,4,4,5,7,Registered Nurse
user_0281,Film,Fishing,Master's,61,"Data Analysis,UI/UX Design",10,10,8,4,4,4,8,AI Engineer
user_0282,Languages,Cycling,Associate's,59,"Electrical Repair,Sewing,Driving,Empathy,Digital Marketing",4,8,7,6,6,6,7,Marketing Manager
user_0283,Technology,Cycling,Master's,33,"Data Analysis,Critical Thinking",6,9,8,3,3,6,9,Software Engineer
user_0284,Film,Origami,Vocational,56,"Cybersecurity,Data Analysis",2,7,7,6,3,7,4,Biomedical Engineer
user_0285,Cooking,Chess,Associate's,47,"Financial Literacy,Electrical Repair",7,5,10,4,4,4,5,HR Manager
user_0286,Art,Knitting,Bachelor's,39,"First Aid,Robotics",8,6,5,7,7,8,4,Environmental Scientist
user_0287,Cooking,Skiing,Bachelor's,24,"Singing,Sewing,Foreign Languages",5,8,2,7,4,5,4,AI Engineer
user_0288,DIY,Video Gaming,Bachelor's,28,"Critical Thinking,Data Analysis,Programming",4,9,1,6,3,4,6,Data Scientist
user_0289,Psychology,Board Games,Bachelor's,48,"Video Editing,Conflict Resolution,Empathy,Sewing,Research",2,3,6,9,1,5,7,Social Worker
user_0290,Gaming,Traveling,Associate's,39,"Video Editing,Public Speaking,Financial Literacy,Graphic Design",6,3,8,9,5,5,3,Sales Representative
user_0291,Photography,Photography,Associate's,40,"Creativity,UI/UX Design,Graphic Design",4,8,4,7,1,6,8,Graphic Designer
user_0292,Astronomy,Knitting,High School,52,"Writing,Singing,Robotics,Research",5,8,2,7,5,5,4,Electrician
user_0293,Dancing,Hiking,Doctorate,60,"Driving,Conflict Resolution,Singing,Project Management,Empathy",8,7,7,5,5,8,4,AI Engineer
user_0294,Magic,Traveling,Master's,20,"Cybersecurity,Financial Literacy,Project Management",8,7,7,7,5,8,4,Pilot
user_0295,Art,Painting,Master's,45,"Graphic Design,UI/UX Design,Creativity",10,5,8,5,5,2,6,Graphic Designer
user_0296,Gardening,Singing,Vocational,20,"Cooking,Graphic Design,Data Analysis",8,9,9,8,2,7,8,Civil Engineer
user_0297,Photography,Traveling,Master's,20,"Data Analysis,Research,Conflict Resolution",4,7,3,4,5,6,9,Farm Worker
user_0298,Writing,Reading,Master's,44,"Data Analysis,Programming,Critical Thinking",7,5,5,8,6,6,7,Software Engineer
user_0299,Psychology,Gardening,Master's,29,"AI Prompt Engineering,Graphic Design,Financial Literacy,Robotics,Research",9,6,8,7,3,5,7,Biomedical Engineer
user_0300,Reading,Crafts,Master's,35,"Public Speaking,Leadership,Empathy",10,5,7,6,4,7,4,Elementary Teacher
user_0301,Technology,Yoga,Vocational,45,"Cooking,AI Prompt Engineering,Research,Weightlifting",5,6,3,8,5,6,8,Journalist
user_0302,Music,Bird Watching,Master's,25,"Weightlifting,Digital Marketing",5,8,5,6,4,5,6,Actor
user_0303,Environment,Cycling,Associate's,32,"Digital Marketing,Empathy",7,7,3,7,1,5,5,Electrician
user_0304,Art,Origami,Bachelor's,27,"UI/UX Design,AI Prompt Engineering,Electrical Repair",2,6,7,7,5,8,3,Pilot
user_0305,Travel,Fishing,Vocational,20,"First Aid,Project Management",10,6,7,6,6,4,8,Marketing Manager
user_0306,Fitness,Collecting Stamps,Vocational,58,"Time Management,Singing,Conflict Resolution",6,3,6,5,8,5,6,Statistician
user_0307,Meditation,Video Gaming,Associate's,18,"Empathy,Conflict Resolution,Digital Marketing,Cooking,Foreign Languages",6,6,6,8,2,6,8,Pilot
user_0308,Astronomy,Fitness,Master's,47,"First Aid,Empathy,Critical Thinking",7,7,7,9,4,9,3,Registered Nurse
user_0309,Technology,Yoga,Vocational,59,"Programming,Writing",10,6,5,4,4,6,7,Civil Engineer
user_0310,Environment,Painting,Doctorate,43,"Research,Conflict Resolution,Negotiation",3,9,3,6,2,6,8,Farm Worker
user_0311,Reading,Board Games,Associate's,62,"Research,Driving,Graphic Design",4,9,6,7,2,5,8,Chef
user_0312,Technology,Video Gaming,Master's,20,"Negotiation,Carpentry,Financial Literacy,Singing",7,4,6,5,6,5,5,AI Engineer
user_0313,Animals,Crafts,Bachelor's,36,"Empathy,Leadership,Public Speaking",5,7,4,5,3,5,7,Elementary Teacher
user_0314,Volunteering,Singing,High School,48,"Electrical Repair,AI Prompt Engineering,Negotiation,Research",5,6,4,10,5,5,9,Social Worker
user_0315,Writing,Cycling,Vocational,35,"Cybersecurity,Project Management",6,5,4,6,4,5,5,Chef
user_0316,Gaming,Traveling,Vocational,48,"Foreign Languages,Electrical Repair,Empathy,Financial Literacy",7,7,1,5,2,6,8,Dentist
user_0317,Gardening,Swimming,Master's,39,"Writing,Time Management,Driving,Cybersecurity",5,7,6,7,3,6,5,Journalist
user_0318,Languages,Yoga,Vocational,34,"Writing,Negotiation,Critical Thinking",4,8,2,7,2,6,8,Statistician
user_0319,Cooking,Scuba Diving,Master's,36,"Carpentry,Robotics,Cybersecurity",10,6,6,5,3,5,7,UX Designer
user_0320,Fashion,Chess,Associate's,29,"Singing,Cybersecurity,Public Speaking",4,10,8,6,1,6,8,Civil Engineer
user_0321,Fitness,Cycling,High School,43,"Sewing,Project Management,Electrical Repair,UI/UX Design,Cooking",7,8,9,7,2,5,4,Architect
user_0322,Fitness,Board Games,Master's,60,"Research,Time Management,Empathy",6,7,7,9,5,7,3,Statistician
user_0323,Volunteering,Reading,Bachelor's,42,"Leadership,Public Speaking",4,8,9,10,5,10,3,Elementary Teacher
user_0324,Collecting,Video Gaming,Doctorate,60,"Leadership,Video Editing",5,3,5,10,3,5,5,Architect
user_0325,Film,Dancing,Bachelor's,27,"Negotiation,Video Editing,Programming,Critical Thinking,Electrical Repair",10,10,5,7,4,5,10,UX Designer
user_0326,Photography,Photography,Master's,39,"Graphic Design,UI/UX Design",6,7,7,10,5,6,6,Graphic Designer
user_0327,Cars,Chess,Bachelor's,46,"Data Analysis,Critical Thinking,Programming",5,8,2,7,4,3,8,Data Scientist
user_0328,Astronomy,Running,Doctorate,47,"Programming,Research,Project Management",5,6,5,7,2,7,8,Chef
user_0329,Magic,Scuba Diving,Doctorate,33,"Data Analysis,Sewing",4,8,1,7,1,2,7,Pilot
user_0330,Reading,Rock Climbing,Associate's,58,"Cybersecurity,Robotics,Data Analysis,Negotiation,Leadership",8,3,8,9,3,5,8,Sales Representative
user_0331,Fashion,Origami,Doctorate,26,"Carpentry,Public Speaking,First Aid,Negotiation",7,6,9,4,5,4,7,Psychologist
user_0332,Travel,Board Games,Doctorate,29,"AI Prompt Engineering,Sewing",6,8,7,4,4,3,8,Social Worker
user_0333,Volunteering,Reading,Associate's,45,"Empathy,Leadership,Public Speaking",9,3,4,7,7,7,5,Elementary Teacher
user_0334,Psychology,Singing,Master's,52,"Foreign Languages,Electrical Repair",8,5,10,6,6,4,6,Biomedical Engineer
user_0335,Technology,Painting,Bachelor's,56,"Carpentry,Cybersecurity,Critical Thinking,Programming",6,8,3,8,2,8,3,HR Manager
user_0336,Acting,Photography,Bachelor's,62,"Graphic Design,Programming",8,4,7,7,5,5,7,Financial Analyst
user_0337,Art,Bird Watching,High School,34,"Graphic Design,Critical Thinking",7,2,4,4,4,7,7,Sales Representative
user_0338,Art,Rock Climbing,Bachelor's,38,"Creativity,Graphic Design,UI/UX Design",9,4,10,8,2,7,8,Graphic Designer
user_0339,Psychology,Hiking,Associate's,28,"Empathy,Data Analysis",10,7,8,7,6,6,5,Financial Analyst
user_0340,Dancing,Cooking,Associate's,42,"Photography,Leadership,Digital Marketing,Foreign Languages,Data Analysis",5,6,3,5,7,4,7,Dentist
user_0341,Technology,Scuba Diving,Associate's,53,"Graphic Design,Cooking",6,7,7,8,5,4,7,Environmental Scientist
user_0342,Meditation,Video Gaming,Vocational,53,"Critical Thinking,Conflict Resolution,Foreign Languages,Photography,Graphic Design",3,8,7,5,3,6,9,Dentist
user_0343,Volunteering,Writing,Doctorate,23,"Project Management,Video Editing",5,6,7,9,2,4,6,Farm Worker
user_0344,Travel,Collecting Stamps,Bachelor's,25,"Robotics,Foreign Languages,Empathy",9,7,7,6,9,6,4,Psychologist
user_0345,Film,Collecting Stamps,Bachelor's,49,"Project Management,Sewing,Electrical Repair,Data Analysis",6,6,7,10,6,4,5,Pilot
user_0346,Reading,Reading,Master's,60,"Empathy,Public Speaking,Leadership",9,4,7,5,1,10,5,Elementary Teacher
user_0347,Fitness,Writing,Bachelor's,49,"Singing,Cooking,Research,Conflict Resolution",8,10,4,7,4,5,5,Financial Analyst
user_0348,Gardening,Rock Climbing,Bachelor's,46,"Public Speaking,Carpentry,Singing,Driving,Conflict Resolution",5,6,7,7,3,4,10,Farm Worker
user_0349,Environment,Cycling,Master's,61,"Driving,Singing,Time Management,Writing,Conflict Resolution",7,4,3,5,3,5,8,Pilot
user_0350,History,Writing,Associate's,36,"Public Speaking,Programming,Time Management,Project Management",6,7,9,5,4,7,4,AI Engineer
user_0351,Technology,Dancing,Bachelor's,40,"Driving,Digital Marketing",7,7,4,6,3,7,3,Lawyer
user_0352,Reading,Reading,Master's,58,"Empathy,Leadership,Public Speaking",6,7,7,4,4,5,8,Elementary Teacher
user_0353,Animals,Cycling,Bachelor's,24,"Cooking,Writing,Leadership",6,4,2,8,3,6,8,Psychologist
user_0354,Cars,Rock Climbing,High School,52,"Critical Thinking,First Aid,Public Speaking",10,7,6,5,9,5,9,Pilot
user_0355,Volunteering,Astronomy,Master's,35,"Public Speaking,Empathy,Leadership",9,7,8,5,8,5,6,Elementary Teacher
user_0356,Volunteering,Video Gaming,Doctorate,53,"Weightlifting,Programming,Financial Literacy",5,4,7,10,2,5,7,Biomedical Engineer
user_0357,Cars,Running,Master's,45,"Leadership,Photography",8,6,1,7,6,4,3,UX Designer
user_0358,Gardening,Rock Climbing,High School,58,"Conflict Resolution,Foreign Languages,First Aid",6,9,9,6,2,5,7,Lawyer
user_0359,Music,Singing,Bachelor's,57,"Empathy,Public Speaking,Leadership",10,7,10,4,5,5,5,Elementary Teacher
user_0360,Art,Photography,Associate's,22,"UI/UX Design,Creativity,Graphic Design",7,8,7,3,5,9,4,Graphic Designer
user_0361,DIY,Pottery,High School,51,"Writing,Weightlifting,Graphic Design,Digital Marketing",7,3,10,7,7,9,1,Sales Representative
user_0362,Reading,Hiking,Vocational,24,"Photography,First Aid,Electrical Repair",5,9,4,7,5,9,3,UX Designer
user_0363,Dancing,Fishing,Master's,45,"Driving,Digital Marketing,First Aid,Weightlifting,Research",3,7,4,9,7,8,3,HR Manager
user_0364,Fitness,Volunteering,Bachelor's,38,"Critical Thinking,First Aid,Empathy",5,8,4,8,4,4,7,Registered Nurse
user_0365,Magic,Chess,Associate's,23,"Critical Thinking,Photography,Conflict Resolution",7,7,2,5,3,7,7,UX Designer
user_0366,Environment,Bird Watching,Bachelor's,65,"UI/UX Design,Robotics,Cooking,Cybersecurity,Foreign Languages",9,5,7,5,6,3,7,Cybersecurity Specialist
user_0367,DIY,Singing,Master's,65,"Electrical Repair,Cybersecurity,Programming,Sewing",8,3,7,7,7,4,6,Biomedical Engineer
user_0368,Fitness,Fishing,Master's,23,"Carpentry,Digital Marketing",8,9,7,7,3,6,8,Journalist
user_0369,DIY,Painting,Associate's,29,"Research,Critical Thinking,Photography,Graphic Design",5,7,9,7,4,4,5,Plumber
user_0370,Entrepreneurship,Reading,High School,36,"Critical Thinking,Programming",6,8,8,10,6,8,6,Software Engineer
user_0371,Technology,Reading,Master's,37,"Critical Thinking,Programming,Data Analysis",8,10,7,4,3,7,6,Data Scientist
user_0372,Reading,Rock Climbing,Vocational,56,"Robotics,Critical Thinking,Empathy",4,6,9,2,5,6,9,Civil Engineer
user_0373,Photography,Collecting Stamps,Bachelor's,33,"Time Management,Driving,Financial Literacy,Electrical Repair",8,10,6,3,3,9,2,Marketing Manager
user_0374,Entrepreneurship,Scuba Diving,Bachelor's,65,"Graphic Design,Data Analysis,Singing,Public Speaking",7,5,3,9,6,6,6,HR Manager
user_0375,DIY,Astronomy,High School,18,"Leadership,AI Prompt Engineering,Video Editing,Critical Thinking",8,6,8,6,3,7,6,HR Manager
user_0376,Cooking,Pottery,Bachelor's,39,"Project Management,Graphic Design,Cooking,Cybersecurity,Leadership",7,8,5,5,3,6,5,Marketing Manager
user_0377,Collecting,Singing,Associate's,65,"UI/UX Design,Foreign Languages,Critical Thinking,Weightlifting",9,4,5,8,6,5,6,Pilot
user_0378,DIY,Bird Watching,Vocational,53,"Public Speaking,Photography,Project Management,Digital Marketing,Carpentry",7,7,2,4,1,4,10,Psychologist
user_0379,Magic,Bird Watching,High School,46,"Cybersecurity,Singing,Writing,Electrical Repair",5,7,2,4,4,5,8,Statistician
user_0380,Fitness,Cooking,Vocational,65,"Time Management,Weightlifting,Driving,Photography",9,4,7,6,6,6,9,Plumber
user_0381,Environment,Bird Watching,Doctorate,24,"Programming,Critical Thinking,Driving,Data Analysis",3,5,2,6,2,5,7,Electrician
user_0382,Entrepreneurship,Chess,Doctorate,43,"Data Analysis,Programming,Critical Thinking",3,9,3,7,2,5,8,Data Scientist
user_0383,Cars,Yoga,Associate's,21,"Singing,AI Prompt Engineering",8,5,6,7,4,5,6,Actor
user_0384,Travel,Board Games,Master's,27,"Programming,Critical Thinking,Data Analysis",5,6,8,6,3,5,8,Data Scientist
user_0385,Fashion,Origami,Bachelor's,48,"Time Management,AI Prompt Engineering,Foreign Languages,Graphic Design",4,7,6,4,6,6,8,Pilot
user_0386,Animals,Fitness,Bachelor's,53,"First Aid,Empathy,Critical Thinking",5,7,8,7,4,10,3,Registered Nurse
user_0387,Chess,Yoga,Vocational,51,"Critical Thinking,Time Management,Public Speaking,Singing,Graphic Design",5,6,3,5,3,5,10,Dentist
user_0388,Film,Baking,Master's,34,"First Aid,Time Management,Graphic Design,Sewing",6,5,5,4,4,10,3,Farm Worker
user_0389,Chess,Reading,Associate's,50,"Critical Thinking,First Aid,Empathy",5,9,2,5,3,6,5,Registered Nurse
user_0390,Music,Reading,Bachelor's,25,"Carpentry,Financial Literacy",7,8,2,3,3,6,7,Architect
user_0391,History,Dancing,Doctorate,61,"Research,Critical Thinking,Graphic Design,Project Management,Programming",6,7,10,4,6,6,6,Cybersecurity Specialist
user_0392,Acting,Skiing,Vocational,45,"Graphic Design,Critical Thinking,Sewing",2,9,6,5,1,4,8,Journalist
user_0393,Acting,Baking,Doctorate,46,"Writing,Programming,Conflict Resolution,Electrical Repair,Time Management",9,8,8,3,3,5,7,Statistician
user_0394,Collecting,Chess,Master's,23,"Critical Thinking,Data Analysis,Programming",10,8,9,7,5,5,8,Software Engineer
user_0395,Writing,Chess,Doctorate,44,"Data Analysis,Writing,AI Prompt Engineering,Financial Literacy,Negotiation",6,8,6,5,4,4,8,Architect
user_0396,Fashion,Playing Guitar,Master's,32,"UI/UX Design,AI Prompt Engineering,Conflict Resolution,Robotics",8,6,7,6,4,5,4,Construction Worker
user_0397,Collecting,Cooking,Master's,31,"Cybersecurity,Empathy,Graphic Design,Driving",8,8,8,7,4,5,10,Actor
user_0398,Volunteering,Reading,Bachelor's,44,"Empathy,Public Speaking,Leadership",7,6,4,6,5,4,8,Elementary Teacher
user_0399,Dancing,Running,Vocational,49,"Cooking,Research,Negotiation,Sewing",8,10,8,4,4,5,10,Electrician
user_0400,Art,Traveling,Bachelor's,47,"Data Analysis,Research",3,7,1,7,1,4,5,HR Manager
user_0401,Art,Painting,Bachelor's,44,"Creativity,Graphic Design,UI/UX Design",4,7,4,6,1,6,10,Graphic Designer
user_0402,Environment,Reading,Vocational,48,"Critical Thinking,Leadership,Carpentry,Graphic Design",6,5,2,6,3,5,8,Environmental Scientist
user_0403,Languages,Playing Guitar,Vocational,45,"UI/UX Design,Foreign Languages,Weightlifting,Electrical Repair,Conflict Resolution",10,5,6,7,2,6,9,Lawyer
user_0404,Gardening,Reading,Doctorate,48,"Critical Thinking,Data Analysis",7,4,5,4,3,7,10,Data Scientist
user_0405,Fitness,Baking,Doctorate,38,"Programming,Robotics,First Aid,Weightlifting",8,9,1,6,6,5,8,Plumber
user_0406,Languages,Collecting Stamps,Doctorate,46,"Weightlifting,Research,Financial Literacy,Video Editing",8,6,8,6,3,4,4,Biomedical Engineer
user_0407,DIY,Baking,Vocational,51,"Photography,Graphic Design,Leadership,Singing",9,8,2,6,3,7,3,Mechanic
user_0408,Sports,Playing Guitar,Associate's,64,"Leadership,Data Analysis,Empathy,Public Speaking,Robotics",6,6,1,5,3,10,4,Sales Representative
user_0409,Fitness,Meditation,Doctorate,18,"Cooking,Digital Marketing,Research,Empathy,Time Management",8,6,6,3,6,6,8,Farm Worker
user_0410,Languages,Singing,Doctorate,54,"Cybersecurity,Video Editing,Leadership",5,10,8,6,5,7,8,Dentist
user_0411,Dancing,Painting,Doctorate,45,"Graphic Design,Public Speaking,Foreign Languages,Weightlifting,Project Management",7,4,10,7,4,5,8,Farm Worker
user_0412,Gaming,Pottery,Bachelor's,34,"Financial Literacy,Foreign Languages,Electrical Repair,Cybersecurity,UI/UX Design",7,5,9,6,7,8,4,Sales Representative
user_0413,Fashion,Painting,Doctorate,50,"Cybersecurity,Photography",9,5,9,6,5,5,8,HR Manager
user_0414,Collecting,Swimming,High School,25,"Time Management,Critical Thinking,Public Speaking,Leadership",9,6,9,7,4,4,7,Biomedical Engineer
user_0415,Music,Astronomy,Vocational,27,"Public Speaking,UI/UX Design,Weightlifting,Critical Thinking,Photography",5,10,5,7,1,6,6,Pilot
user_0416,Art,Swimming,Bachelor's,54,"Time Management,Electrical Repair,Weightlifting,Cooking",5,9,4,4,5,5,7,Plumber
user_0417,Fashion,Writing,Bachelor's,27,"Graphic Design,Research,AI Prompt Engineering,Driving",6,7,6,6,4,9,4,Environmental Scientist
user_0418,Animals,Fitness,Vocational,23,"First Aid,Critical Thinking,Empathy",3,7,3,4,3,8,3,Registered Nurse
user_0419,Volunteering,Hiking,Bachelor's,50,"Data Analysis,Driving",7,7,7,5,3,5,7,Sales Representative
user_0420,Writing,Astronomy,Master's,56,"Video Editing,Time Management,Public Speaking,Writing",6,8,5,2,1,6,8,Farm Worker
user_0421,Entrepreneurship,Chess,High School,25,"Singing,Carpentry",6,6,2,4,4,5,3,Psychologist
user_0422,Film,Cooking,High School,57,"Carpentry,Programming,Cybersecurity,Public Speaking",6,7,10,3,4,5,7,Lawyer
user_0423,Entrepreneurship,Singing,High School,21,"Digital Marketing,Sewing,AI Prompt Engineering",5,6,6,8,3,5,7,Marketing Manager
user_0424,Art,Fishing,Bachelor's,53,"Graphic Design,Writing,Programming,Foreign Languages,Financial Literacy",2,10,4,7,1,4,8,Marketing Manager
user_0425,Gaming,Skiing,Vocational,37,"Electrical Repair,Graphic Design,Conflict Resolution,Financial Literacy,Leadership",7,7,7,7,5,5,5,Environmental Scientist
user_0426,Magic,Running,Bachelor's,20,"Robotics,Electrical Repair",8,8,9,4,4,4,4,Lawyer
user_0427,Sports,Singing,Doctorate,42,"Robotics,Financial Literacy,Photography,Time Management",7,6,8,8,4,8,9,Biomedical Engineer
user_0428,Writing,Knitting,Doctorate,25,"Empathy,Singing,First Aid",8,4,4,5,2,2,5,Chef
user_0429,Psychology,Video Gaming,Associate's,33,"Cooking,Photography,Electrical Repair,AI Prompt Engineering",10,2,8,8,4,7,8,Environmental Scientist
user_0430,Music,Writing,Vocational,44,"Sewing,Video Editing,Singing,Graphic Design,Research",6,7,1,5,5,6,8,Statistician
user_0431,History,Dancing,Bachelor's,29,"Data Analysis,Electrical Repair",6,5,7,7,2,7,7,Cybersecurity Specialist
user_0432,Magic,Scuba Diving,Associate's,30,"Robotics,AI Prompt Engineering",5,6,5,7,3,6,4,Dentist
user_0433,Chess,Scuba Diving,Doctorate,56,"Programming,Photography,Robotics",4,8,6,5,2,5,8,Pilot
user_0434,Travel,Writing,Doctorate,54,"Graphic Design,Time Management,Project Management",6,7,6,7,4,6,9,Architect
user_0435,Collecting,Writing,High School,62,"Driving,Singing,Weightlifting,Electrical Repair",9,8,6,7,4,3,8,Financial Analyst
user_0436,Volunteering,Crafts,Bachelor's,25,"Empathy,Leadership,Public Speaking",6,6,7,3,5,8,7,Elementary Teacher
user_0437,Photography,Scuba Diving,Bachelor's,22,"Photography,Carpentry,Cooking",6,5,7,10,4,9,3,Mechanic
user_0438,Languages,Skiing,Associate's,34,"Data Analysis,Writing,Digital Marketing",3,7,2,6,5,7,5,Sales Representative
user_0439,Fashion,Board Games,High School,58,"Time Management,Data Analysis,Graphic Design,Public Speaking,UI/UX Design",10,6,6,6,4,6,9,Biomedical Engineer
user_0440,Fitness,Volunteering,Bachelor's,40,"Critical Thinking,Empathy,First Aid",10,7,8,5,6,4,5,Registered Nurse
user_0441,Reading,Origami,Master's,57,"Cooking,Financial Literacy",6,8,5,9,4,5,7,Actor
user_0442,Psychology,Astronomy,Bachelor's,54,"Empathy,Leadership,Public Speaking",6,7,2,2,5,7,8,Elementary Teacher
user_0443,Fitness,Meditation,Bachelor's,50,"Critical Thinking,Time Management,Weightlifting,Singing",10,3,8,8,4,5,8,Civil Engineer
user_0444,Music,Pottery,Master's,60,"Public Speaking,Digital Marketing,Leadership",7,2,8,5,4,6,6,Construction Worker
user_0445,Writing,Fishing,Vocational,60,"Cybersecurity,Electrical Repair,AI Prompt Engineering,Cooking,Conflict Resolution",4,8,9,7,1,4,7,Actor
user_0446,Chess,Painting,Associate's,40,"UI/UX Design,Graphic Design",6,7,10,6,5,9,4,Graphic Designer
user_0447,Entrepreneurship,Cooking,High School,41,"Graphic Design,Negotiation",6,10,6,8,3,8,1,Financial Analyst
user_0448,Animals,Traveling,Associate's,20,"Photography,Critical Thinking",7,9,10,6,5,6,7,Journalist
user_0449,Cooking,Painting,Doctorate,24,"UI/UX Design,Graphic Design,Creativity",8,6,6,6,4,6,8,Graphic Designer
user_0450,Languages,Collecting Stamps,Bachelor's,63,"Data Analysis,Project Management",7,6,8,5,5,4,6,Social Worker
user_0451,Reading,Skiing,Vocational,20,"Conflict Resolution,Singing,Critical Thinking",8,3,5,6,4,5,9,Biomedical Engineer
user_0452,Chess,Bird Watching,Vocational,64,"Research,Writing",5,9,8,4,3,5,7,Sales Representative
user_0453,Volunteering,Video Gaming,Vocational,38,"Leadership,Cybersecurity,Writing,First Aid",6,9,9,9,5,6,6,Pilot
user_0454,Collecting,Playing Guitar,Bachelor's,31,"Foreign Languages,Weightlifting,Video Editing,Time Management",8,9,4,4,6,4,8,Farm Worker
user_0455,Fashion,Pottery,Associate's,32,"Electrical Repair,Leadership",5,10,6,5,4,7,4,Chef
user_0456,Languages,Bird Watching,Associate's,35,"Programming,Carpentry,Electrical Repair,Digital Marketing,First Aid",10,7,9,4,4,8,3,Construction Worker
user_0457,Writing,Astronomy,Associate's,32,"Data Analysis,Graphic Design",4,10,2,6,5,7,4,Journalist
user_0458,Fitness,Baking,Doctorate,35,"Cybersecurity,AI Prompt Engineering,Project Management",8,4,8,6,4,8,9,Marketing Manager
user_0459,Meditation,Meditation,Doctorate,18,"Financial Literacy,Leadership,Sewing,Project Management,Conflict Resolution",10,4,7,7,4,6,7,AI Engineer
user_0460,Languages,Running,Bachelor's,64,"Cooking,Research,Graphic Design,Conflict Resolution,Photography",6,8,9,2,3,7,6,Sales Representative
user_0461,Acting,Meditation,Vocational,37,"Writing,Research",5,9,6,7,2,4,9,Construction Worker
user_0462,Gardening,Meditation,High School,54,"UI/UX Design,Project Management",5,5,7,6,4,4,7,Chef
user_0463,Travel,Knitting,High School,52,"Photography,Writing,Data Analysis,Cooking,Time Management",7,10,2,7,5,6,8,AI Engineer
user_0464,Fitness,Volunteering,Bachelor's,40,"Empathy,Critical Thinking",4,7,9,7,2,5,8,Registered Nurse
user_0465,Photography,Painting,Bachelor's,35,"Graphic Design,Creativity,UI/UX Design",8,8,8,8,4,9,3,Graphic Designer
user_0466,Fitness,Meditation,Vocational,50,"First Aid,Photography,Programming,Project Management,Electrical Repair",6,8,9,6,5,7,7,Sales Representative
user_0467,Astronomy,Video Gaming,Bachelor's,54,"Empathy,Graphic Design",10,5,7,5,6,9,4,Statistician
user_0468,Photography,Cooking,Master's,64,"Electrical Repair,Video Editing,UI/UX Design,Driving,Carpentry",9,2,7,5,7,6,6,Lawyer
user_0469,Cars,Running,Associate's,60,"Cybersecurity,Empathy",7,7,6,4,3,5,4,Statistician
user_0470,Dancing,Pottery,Associate's,44,"Carpentry,First Aid,Photography,Leadership,Public Speaking",4,9,6,7,3,5,8,Environmental Scientist
user_0471,Travel,Knitting,High School,18,"Data Analysis,Cybersecurity,UI/UX Design,Project Management",8,3,8,6,5,6,7,Plumber
user_0472,Photography,Scuba Diving,Bachelor's,26,"Robotics,First Aid,Carpentry,Programming,AI Prompt Engineering",9,6,8,6,5,5,5,Dentist
user_0473,Technology,Reading,Master's,30,"Data Analysis,Critical Thinking,Programming",9,8,4,5,4,4,6,Data Scientist
user_0474,Music,Gardening,Bachelor's,30,"Negotiation,UI/UX Design,Digital Marketing",3,8,3,7,4,8,5,Biomedical Engineer
user_0475,Travel,Writing,Doctorate,22,"Weightlifting,Data Analysis,Research",6,7,7,9,7,6,8,Cybersecurity Specialist
user_0476,Gaming,Skiing,Vocational,57,"UI/UX Design,Singing,Video Editing",7,6,6,8,4,6,3,Psychologist
user_0477,Cars,Photography,Vocational,22,"Creativity,UI/UX Design,Graphic Design",7,6,8,7,4,7,8,Graphic Designer
user_0478,Gaming,Astronomy,Master's,28,"Data Analysis,AI Prompt Engineering,Cooking,Financial Literacy",7,6,9,6,1,6,4,HR Manager
user_0479,Music,Collecting Stamps,Master's,46,"Leadership,Financial Literacy,Empathy,Digital Marketing,Time Management",8,8,1,4,9,7,8,Psychologist
user_0480,Reading,Board Games,Vocational,57,"Public Speaking,Project Management",5,6,6,9,4,6,6,Mechanic
user_0481,Art,Playing Guitar,Doctorate,56,"Empathy,Weightlifting,Cooking,Project Management,First Aid",8,7,1,4,4,7,9,Journalist
user_0482,DIY,Fishing,Associate's,33,"Singing,Public Speaking,UI/UX Design",10,3,8,4,5,6,6,Plumber
user_0483,Cars,Reading,High School,49,"Photography,Public Speaking",8,4,5,6,5,8,3,Farm Worker
user_0484,Languages,Traveling,Vocational,33,"Foreign Languages,Empathy",7,6,4,6,1,6,9,Cybersecurity Specialist
user_0485,Photography,Yoga,Associate's,54,"Financial Literacy,Photography,First Aid,Conflict Resolution,Research",5,8,10,5,5,10,3,Biomedical Engineer
user_0486,Reading,Pottery,Master's,65,"Sewing,Project Management,Robotics,Research,Writing",5,8,7,7,7,4,7,Farm Worker
user_0487,Gaming,Baking,Vocational,34,"Electrical Repair,Critical Thinking,Video Editing,Singing,AI Prompt Engineering",4,7,3,4,3,4,6,Civil Engineer
user_0488,Travel,Reading,High School,50,"Writing,Video Editing,UI/UX Design,Foreign Languages",9,10,3,7,3,6,5,UX Designer
user_0489,Chess,Gardening,High School,42,"Photography,Sewing,Foreign Languages",7,10,2,6,4,4,2,Lawyer
user_0490,Reading,Baking,Vocational,33,"Public Speaking,UI/UX Design,Robotics,Negotiation,Financial Literacy",7,3,6,6,4,6,5,UX Designer
user_0491,History,Meditation,Doctorate,28,"Data Analysis,Sewing",5,5,5,8,5,6,8,Electrician
user_0492,Reading,Cooking,Bachelor's,34,"Leadership,Singing,Driving,Weightlifting",5,8,8,9,3,7,7,Statistician
user_0493,Languages,Dancing,Vocational,35,"UI/UX Design,Empathy,Video Editing",8,8,4,8,4,4,4,Environmental Scientist
user_0494,Psychology,Swimming,Master's,44,"Empathy,Foreign Languages,Carpentry,Negotiation",7,3,9,10,4,5,5,Environmental Scientist
user_0495,Animals,Singing,Vocational,29,"Public Speaking,Empathy,Carpentry",5,8,5,5,6,7,9,Farm Worker
user_0496,Entrepreneurship,Photography,Master's,31,"Programming,Data Analysis,Critical Thinking",8,9,5,7,5,5,5,Data Scientist
user_0497,Languages,Reading,Bachelor's,56,"UI/UX Design,Writing,Sewing,Cooking",9,4,7,6,4,8,2,Social Worker
user_0498,Film,Knitting,Bachelor's,57,"Negotiation,Conflict Resolution",8,7,2,2,1,9,4,Construction Worker
user_0499,Dancing,Rock Climbing,Master's,35,"Negotiation,Electrical Repair,AI Prompt Engineering",8,7,8,5,5,9,3,Biomedical Engineer
user_0500,Technology,Rock Climbing,High School,65,"Driving,Electrical Repair,Digital Marketing,AI Prompt Engineering",3,9,8,6,3,6,6,Journalist
user_0501,Collecting,Scuba Diving,High School,64,"Critical Thinking,AI Prompt Engineering,Photography,Cybersecurity,Project Management",8,4,4,6,7,5,8,Dentist
user_0502,Meditation,Writing,Master's,47,"Weightlifting,Electrical Repair,Data Analysis",10,6,7,6,6,4,8,Chef
user_0503,Animals,Traveling,Master's,39,"Leadership,Empathy",7,6,3,3,8,6,8,Elementary Teacher
user_0504,Photography,Traveling,Master's,56,"Financial Literacy,Cooking",6,9,5,6,6,4,6,Plumber
user_0505,Dancing,Baking,Bachelor's,29,"Empathy,Public Speaking,Leadership",6,4,6,7,6,7,6,Elementary Teacher
user_0506,Collecting,Knitting,Bachelor's,38,"Research,Driving,UI/UX Design,Project Management",7,7,7,8,3,5,7,Financial Analyst
user_0507,Collecting,Video Gaming,Associate's,27,"Robotics,Digital Marketing,Writing,Driving",7,9,3,3,6,5,4,Architect
user_0508,Fitness,Pottery,Doctorate,25,"Conflict Resolution,Cybersecurity,Time Management,Writing",5,7,9,3,4,7,4,Psychologist
user_0509,Psychology,Hiking,Doctorate,32,"UI/UX Design,Conflict Resolution",8,6,8,4,6,5,8,Cybersecurity Specialist
user_0510,Gardening,Swimming,Doctorate,48,"Sewing,Video Editing,Graphic Design,Leadership",5,6,1,8,4,4,7,AI Engineer
user_0511,Environment,Astronomy,Master's,21,"Electrical Repair,Financial Literacy,Carpentry,Time Management",8,8,9,6,4,5,6,Psychologist
user_0512,DIY,Hiking,Doctorate,59,"Negotiation,Empathy",9,9,7,3,4,4,6,Actor
user_0513,Volunteering,Gardening,Master's,43,"Empathy,Public Speaking,Leadership",3,6,6,8,6,6,8,Elementary Teacher
user_0514,History,Cooking,Doctorate,65,"Sewing,Cybersecurity,Research,Driving,Graphic Design",5,10,5,7,1,5,10,HR Manager
user_0515,Astronomy,Crafts,Master's,58,"Empathy,Leadership,Public Speaking",9,6,9,5,6,5,4,Elementary Teacher
user_0516,Dancing,Fishing,High School,63,"Video Editing,Robotics,Cybersecurity",10,6,9,5,2,3,8,Civil Engineer
user_0517,Meditation,Meditation,Master's,63,"Sewing,Photography",8,4,3,6,6,5,5,Social Worker
user_0518,Gardening,Cycling,High School,26,"Financial Literacy,Carpentry,Graphic Design",9,3,6,5,6,6,4,Actor
user_0519,Gaming,Cooking,Bachelor's,60,"Digital Marketing,Critical Thinking",5,8,4,7,5,3,5,Construction Worker
user_0520,Psychology,Fishing,Master's,40,"Cybersecurity,Data Analysis,Driving",6,7,9,5,1,7,4,Pilot
user_0521,History,Running,Vocational,55,"First Aid,Project Management,Empathy,AI Prompt Engineering",7,7,4,7,8,7,4,Civil Engineer
user_0522,Fashion,Photography,Associate's,61,"Cybersecurity,Project Management,Singing,Photography,Graphic Design",10,4,7,6,5,5,7,AI Engineer
user_0523,Meditation,Painting,Associate's,45,"Programming,AI Prompt Engineering,Digital Marketing,Graphic Design,First Aid",10,6,7,4,9,7,6,Lawyer
user_0524,Writing,Dancing,Associate's,35,"Conflict Resolution,Research,Digital Marketing",9,8,7,5,4,6,9,Journalist
user_0525,Magic,Cycling,Vocational,51,"Time Management,Robotics,Research,Writing",4,7,6,7,5,5,6,Actor
user_0526,Dancing,Origami,High School,28,"Sewing,Video Editing,Carpentry,Negotiation",4,6,6,6,3,3,7,Biomedical Engineer
user_0527,Music,Writing,Master's,63,"Driving,Project Management,Video Editing",6,7,5,7,5,5,8,Marketing Manager
user_0528,Fashion,Cooking,Bachelor's,40,"Leadership,Critical Thinking,First Aid,Foreign Languages,Cybersecurity",7,10,5,10,4,9,3,HR Manager
user_0529,Writing,Photography,Doctorate,33,"Carpentry,Time Management",4,9,6,7,6,3,8,Journalist
user_0530,Volunteering,Traveling,Doctorate,26,"Writing,Leadership,Driving,Weightlifting,Singing",10,8,1,4,6,3,7,Dentist
user_0531,Gaming,Baking,Associate's,33,"AI Prompt Engineering,Electrical Repair",8,4,8,7,5,5,8,HR Manager
user_0532,Technology,Gardening,Bachelor's,49,"Carpentry,Negotiation,Data Analysis,Cooking,UI/UX Design",4,10,3,7,3,9,4,Social Worker
user_0533,Travel,Reading,Doctorate,58,"Photography,UI/UX Design,Critical Thinking,Financial Literacy,Leadership",6,6,5,6,4,6,9,Marketing Manager
user_0534,Fashion,Fishing,Associate's,40,"Programming,Negotiation",4,8,5,8,2,6,4,Biomedical Engineer
user_0535,Writing,Pottery,Master's,27,"Data Analysis,UI/UX Design,Writing,Programming,Project Management",4,8,1,5,3,3,4,Financial Analyst
user_0536,Chess,Cooking,Master's,35,"Electrical Repair,Driving",6,7,7,10,4,4,10,Lawyer
user_0537,Collecting,Scuba Diving,Vocational,25,"Critical Thinking,Public Speaking,Project Management",9,6,8,4,4,5,10,Statistician
user_0538,Sports,Cycling,Bachelor's,49,"Research,Driving,Cybersecurity,Project Management,Cooking",5,6,7,5,4,5,8,Dentist
user_0539,Acting,Dancing,Master's,18,"Public Speaking,Driving,Robotics",4,8,3,9,5,8,3,Civil Engineer
user_0540,Astronomy,Photography,Bachelor's,33,"Empathy,Leadership,Carpentry",8,6,8,6,2,5,4,Chef
user_0541,Psychology,Astronomy,High School,62,"Photography,Conflict Resolution,Time Management",6,7,4,6,3,4,7,Pilot
user_0542,Magic,Painting,Bachelor's,19,"Graphic Design,Conflict Resolution,Public Speaking",6,7,7,7,2,6,6,Financial Analyst
user_0543,Astronomy,Gardening,Master's,45,"Critical Thinking,Data Analysis",7,6,10,5,3,5,8,Lawyer
user_0544,Art,Cooking,High School,18,"Driving,Empathy",8,5,8,5,6,4,4,Statistician
user_0545,Cooking,Chess,Bachelor's,41,"Critical Thinking,Data Analysis,Driving,Programming",5,7,2,5,5,6,5,Lawyer
user_0546,Technology,Playing Guitar,Doctorate,35,"Time Management,Video Editing,Graphic Design",6,8,10,4,5,6,8,Biomedical Engineer
user_0547,Psychology,Video Gaming,High School,22,"Critical Thinking,Empathy,Writing,Sewing",9,6,9,4,2,7,7,Financial Analyst
user_0548,Psychology,Chess,Master's,40,"Electrical Repair,Financial Literacy,Cybersecurity,Data Analysis",9,8,8,5,3,8,5,Architect
user_0549,Fashion,Photography,Master's,21,"Graphic Design,Creativity,UI/UX Design",8,8,4,6,1,7,5,Graphic Designer
user_0550,Environment,Knitting,Bachelor's,56,"Photography,Carpentry,Programming,Time Management",7,9,3,9,5,5,8,Architect
user_0551,Fitness,Rock Climbing,Vocational,36,"Singing,Data Analysis,Carpentry,Digital Marketing",9,8,4,3,4,5,6,Marketing Manager
user_0552,Acting,Chess,High School,59,"Robotics,Photography,Singing",7,9,9,6,5,5,6,UX Designer
user_0553,Chess,Running,Associate's,64,"Foreign Languages,Weightlifting,AI Prompt Engineering",6,7,5,5,3,4,10,HR Manager
user_0554,Music,Drawing,Doctorate,42,"UI/UX Design,Creativity,Graphic Design",7,6,5,6,3,5,10,Graphic Designer
user_0555,Fashion,Playing Guitar,Doctorate,64,"Negotiation,Project Management,Weightlifting,Writing,Graphic Design",8,10,5,5,3,7,5,Civil Engineer
user_0556,DIY,Cooking,Doctorate,36,"Critical Thinking,Carpentry",8,6,7,6,4,7,8,Pilot
user_0557,Photography,Video Gaming,Doctorate,43,"Empathy,Leadership",4,6,6,10,5,6,9,Lawyer
user_0558,Animals,Reading,High School,39,"Leadership,Public Speaking",7,7,3,5,3,6,9,Elementary Teacher
user_0559,Environment,Meditation,Bachelor's,28,"Cooking,Writing,Project Management,Digital Marketing",7,10,7,7,5,7,7,Pilot
user_0560,Reading,Volunteering,Vocational,23,"Empathy,Leadership",4,8,3,7,5,7,3,Elementary Teacher
user_0561,Art,Yoga,Master's,30,"Creativity,Graphic Design",9,5,7,7,5,5,3,Graphic Designer
user_0562,Cooking,Writing,Bachelor's,27,"AI Prompt Engineering,Robotics,Critical Thinking,Negotiation",6,10,5,6,3,5,7,Biomedical Engineer
user_0563,Magic,Painting,Doctorate,27,"Project Management,Video Editing,Electrical Repair,Empathy",8,2,5,7,8,8,6,Plumber
user_0564,Technology,Knitting,Bachelor's,37,"Critical Thinking,Programming,Data Analysis",3,10,5,7,2,6,7,Data Scientist
user_0565,Astronomy,Running,Master's,32,"Graphic Design,Time Management,Cybersecurity,Foreign Languages,Leadership",8,7,4,8,5,8,3,Architect
user_0566,Music,Dancing,Master's,48,"UI/UX Design,Data Analysis,Public Speaking",9,6,7,7,3,6,8,Plumber
user_0567,Magic,Swimming,Vocational,31,"Public Speaking,Empathy,Project Management",7,6,4,3,4,6,6,UX Designer
user_0568,Dancing,Writing,Master's,22,"Robotics,AI Prompt Engineering,Conflict Resolution,Carpentry,Programming",10,6,7,10,3,6,7,HR Manager
user_0569,Meditation,Singing,Bachelor's,27,"Writing,Empathy,Project Management",4,7,2,6,3,7,6,Sales Representative
user_0570,Dancing,Painting,High School,59,"AI Prompt Engineering,Sewing",10,3,8,4,7,7,8,Chef
user_0571,Psychology,Singing,Associate's,54,"Cybersecurity,Digital Marketing,Foreign Languages,UI/UX Design",6,7,9,5,3,7,7,Architect
user_0572,History,Gardening,Vocational,43,"Robotics,Empathy,Singing",8,6,5,6,5,5,6,AI Engineer
user_0573,Technology,Painting,High School,22,"UI/UX Design,Creativity,Graphic Design",5,9,5,8,4,5,8,Graphic Designer
user_0574,Music,Board Games,Associate's,30,"Financial Literacy,UI/UX Design,Public Speaking",8,5,8,6,5,5,5,Biomedical Engineer
user_0575,Astronomy,Gardening,High School,38,"Critical Thinking,Programming",6,5,7,6,2,7,5,Actor
user_0576,Technology,Painting,Doctorate,61,"Cooking,Foreign Languages",9,4,10,3,4,7,9,Mechanic
user_0577,Animals,Rock Climbing,High School,36,"Project Management,Driving,Electrical Repair",6,7,5,6,5,5,10,Pilot
user_0578,DIY,Collecting Stamps,Doctorate,51,"Electrical Repair,Research,Project Management,Cooking",7,8,6,5,4,5,10,Social Worker
user_0579,History,Collecting Stamps,High School,27,"Data Analysis,Research,Programming,Project Management,Sewing",4,5,7,10,4,7,6,Financial Analyst
user_0580,Art,Meditation,High School,22,"UI/UX Design,Creativity",3,3,7,9,4,5,8,Graphic Designer
user_0581,Art,Dancing,Associate's,43,"Conflict Resolution,AI Prompt Engineering,UI/UX Design,Driving,Project Management",6,6,6,10,6,8,8,Pilot
user_0582,Reading,Pottery,Bachelor's,34,"AI Prompt Engineering,Financial Literacy",10,7,7,5,2,8,4,Dentist
user_0583,Cooking,Meditation,Bachelor's,22,"Video Editing,Conflict Resolution,Electrical Repair",9,5,5,8,5,6,7,AI Engineer
user_0584,Dancing,Chess,Master's,36,"Data Analysis,Programming,Critical Thinking",4,8,3,8,4,6,5,Data Scientist
user_0585,Animals,Hiking,High School,46,"Critical Thinking,First Aid",6,6,1,2,5,5,6,Registered Nurse
user_0586,Cars,Cooking,High School,27,"First Aid,Video Editing",7,7,9,4,1,5,9,Marketing Manager
user_0587,Art,Photography,Associate's,25,"Creativity,UI/UX Design",8,9,8,3,3,7,7,Graphic Designer
user_0588,Meditation,Reading,Master's,56,"Graphic Design,Empathy,Driving",6,8,9,4,5,6,4,AI Engineer
user_0589,Fashion,Traveling,Vocational,49,"Data Analysis,Research,Driving,Foreign Languages",3,10,10,3,1,4,9,Statistician
user_0590,DIY,Volunteering,Bachelor's,60,"Public Speaking,Empathy,Leadership",5,9,1,3,4,6,8,Elementary Teacher
user_0591,Fitness,Pottery,High School,62,"Financial Literacy,Electrical Repair,Foreign Languages,Negotiation,Robotics",4,5,4,8,2,6,8,Statistician
user_0592,Technology,Cooking,Master's,56,"Singing,Foreign Languages,Video Editing",6,7,5,6,3,6,8,Lawyer
user_0593,Entrepreneurship,Reading,Master's,44,"Critical Thinking,Data Analysis,Programming",7,7,7,9,2,6,4,Data Scientist
user_0594,Collecting,Bird Watching,High School,40,"Foreign Languages,UI/UX Design,Robotics,Financial Literacy,Cybersecurity",4,5,7,5,7,5,7,Financial Analyst
user_0595,Film,Chess,Associate's,44,"Programming,Weightlifting,UI/UX Design",5,9,9,3,4,6,3,Statistician
user_0596,DIY,Collecting Stamps,Associate's,39,"Time Management,Foreign Languages,Digital Marketing",6,8,2,7,4,4,7,Cybersecurity Specialist
user_0597,Acting,Skiing,Bachelor's,64,"Video Editing,Weightlifting,Cooking",4,10,7,6,7,3,8,Lawyer
user_0598,Volunteering,Crafts,Bachelor's,42,"Public Speaking,Leadership",8,8,10,2,4,7,7,Elementary Teacher
user_0599,Gaming,Traveling,High School,54,"Programming,Empathy,Project Management,Electrical Repair,Financial Literacy",8,8,10,6,7,6,9,HR Manager
user_0600,Photography,Baking,Bachelor's,34,"First Aid,Graphic Design",5,9,3,7,5,6,7,Cybersecurity Specialist
user_0601,Fitness,Cooking,Bachelor's,45,"Empathy,Public Speaking",7,4,5,6,5,5,9,Elementary Teacher
user_0602,Reading,Knitting,Associate's,58,"Research,Carpentry,Critical Thinking,Programming,Weightlifting",7,8,4,7,5,4,6,Dentist
user_0603,History,Collecting Stamps,Master's,18,"Leadership,Empathy,First Aid",10,6,10,5,4,4,4,Pilot
user_0604,Environment,Painting,Vocational,41,"Weightlifting,Photography",7,5,8,4,2,7,8,Social Worker
user_0605,Astronomy,Hiking,High School,40,"Electrical Repair,Empathy,Research,Writing",7,8,10,8,5,6,8,Marketing Manager
user_0606,Collecting,Origami,Doctorate,35,"Data Analysis,Time Management,Research,Sewing,Critical Thinking",8,8,6,10,5,5,8,Dentist
user_0607,Sports,Singing,Associate's,57,"AI Prompt Engineering,Video Editing",9,6,6,10,6,6,7,Mechanic
user_0608,Fashion,Swimming,Doctorate,36,"Creativity,Graphic Design,UI/UX Design",5,6,5,7,6,5,4,Graphic Designer
user_0609,Film,Dancing,Associate's,27,"Data Analysis,Programming,Cooking,Cybersecurity",8,8,5,6,3,5,6,Financial Analyst
user_0610,Writing,Knitting,Associate's,56,"Leadership,Photography,Data Analysis",7,8,3,4,4,6,8,Architect
user_0611,Meditation,Fishing,Vocational,30,"Research,Writing",7,8,2,6,3,5,7,Psychologist
user_0612,Fashion,Drawing,High School,40,"Graphic Design,Creativity,UI/UX Design",7,5,7,7,4,6,6,Graphic Designer
user_0613,Music,Photography,Bachelor's,24,"Empathy,Critical Thinking,First Aid,Cooking,Sewing",9,6,6,6,7,6,8,Journalist
user_0614,Fitness,Reading,Bachelor's,45,"Empathy,First Aid,Critical Thinking",6,6,9,9,3,4,9,Registered Nurse
user_0615,DIY,Photography,Associate's,42,"Creativity,Graphic Design",7,7,3,7,5,9,8,Graphic Designer
user_0616,Languages,Knitting,Associate's,62,"UI/UX Design,Project Management,Time Management",8,6,2,4,5,5,6,Actor
user_0617,Fashion,Writing,High School,51,"Time Management,Writing,Driving",7,9,7,3,6,4,8,Journalist
user_0618,Fitness,Scuba Diving,High School,40,"Driving,Financial Literacy,Empathy",8,6,7,4,5,5,6,Environmental Scientist
user_0619,Travel,Video Gaming,Bachelor's,30,"Data Analysis,Cooking,Photography,Robotics,Time Management",10,5,5,8,4,5,9,Dentist
user_0620,Reading,Volunteering,Bachelor's,47,"Public Speaking,Empathy",7,6,2,7,1,5,6,Elementary Teacher
user_0621,Dancing,Baking,High School,33,"Weightlifting,Electrical Repair",5,6,7,8,2,6,4,Statistician
user_0622,Dancing,Traveling,Master's,23,"Foreign Languages,Photography,Project Management,Video Editing",7,7,6,7,3,6,9,Marketing Manager
user_0623,Dancing,Gardening,Doctorate,42,"Photography,Critical Thinking,Video Editing,Carpentry,AI Prompt Engineering",10,5,7,8,5,4,7,Construction Worker
user_0624,Art,Skiing,Vocational,25,"Data Analysis,Public Speaking,Weightlifting",6,7,3,2,3,3,7,Dentist
user_0625,Photography,Origami,Master's,62,"Video Editing,Data Analysis,Digital Marketing,Empathy,Robotics",7,6,5,7,4,9,4,Marketing Manager
user_0626,History,Yoga,Doctorate,18,"Carpentry,Leadership",7,7,7,6,4,5,4,HR Manager
user_0627,Chess,Painting,Bachelor's,30,"Graphic Design,Creativity",10,7,7,6,4,4,8,Graphic Designer
user_0628,Technology,Video Gaming,Master's,29,"Data Analysis,Programming,Critical Thinking",8,6,6,5,5,5,4,Software Engineer
user_0629,Sports,Writing,Bachelor's,34,"Electrical Repair,Programming,Robotics,Negotiation",6,7,8,10,4,6,6,Architect
user_0630,Volunteering,Baking,Doctorate,19,"Foreign Languages,Conflict Resolution,Digital Marketing",5,10,4,6,2,6,9,Dentist
user_0631,Travel,Baking,High School,30,"Financial Literacy,Data Analysis,First Aid,Weightlifting,Driving",5,4,8,10,2,4,5,Construction Worker
user_0632,Animals,Swimming,Associate's,37,"Public Speaking,Time Management,Leadership",9,7,6,6,6,7,8,AI Engineer
user_0633,Dancing,Reading,Bachelor's,61,"Electrical Repair,Driving,Project Management",9,7,3,7,4,4,4,Chef
user_0634,Writing,Astronomy,Associate's,18,"Public Speaking,Photography,Critical Thinking,Robotics,Time Management",8,5,8,5,3,9,4,Chef
user_0635,Meditation,Reading,High School,34,"Negotiation,Weightlifting,Critical Thinking",5,7,8,5,4,6,8,Dentist
user_0636,Animals,Traveling,High School,36,"Public Speaking,Writing,UI/UX Design",10,6,6,7,1,5,8,Lawyer
user_0637,Fitness,Collecting Stamps,Associate's,29,"Driving,Weightlifting,Cooking,Research,Time Management",10,6,6,8,8,8,1,UX Designer
user_0638,Fitness,Photography,Associate's,54,"Singing,Carpentry,Video Editing,Research,Weightlifting",4,8,6,8,3,4,7,Chef
user_0639,Film,Scuba Diving,Associate's,47,"Foreign Languages,Electrical Repair,Programming,UI/UX Design",8,6,4,6,4,6,9,UX Designer
user_0640,Photography,Meditation,Master's,41,"AI Prompt Engineering,Singing,Weightlifting",6,4,4,6,4,5,8,Actor
user_0641,Languages,Board Games,Master's,47,"Graphic Design,Public Speaking",8,6,3,6,5,3,7,Farm Worker
user_0642,Psychology,Fishing,High School,25,"Cybersecurity,Photography",6,7,1,6,4,5,7,Pilot
user_0643,Cars,Yoga,Doctorate,18,"AI Prompt Engineering,Cybersecurity,Photography,Data Analysis,Graphic Design",3,7,6,7,3,5,8,Chef
user_0644,Dancing,Bird Watching,High School,50,"Video Editing,Public Speaking,UI/UX Design,Data Analysis,Critical Thinking",5,3,4,6,5,5,7,Financial Analyst
user_0645,Fashion,Rock Climbing,Doctorate,57,"Foreign Languages,Project Management",6,4,4,8,7,4,8,Dentist
user_0646,Astronomy,Bird Watching,Associate's,36,"Time Management,Writing",5,8,5,8,2,5,4,Financial Analyst
user_0647,Reading,Painting,High School,36,"Data Analysis,Time Management,Video Editing,Programming,Critical Thinking",5,5,6,9,3,5,5,Cybersecurity Specialist
user_0648,DIY,Video Gaming,Associate's,18,"Negotiation,Leadership,Conflict Resolution",10,5,8,2,2,6,5,Statistician
user_0649,Photography,Drawing,Doctorate,45,"Creativity,UI/UX Design",7,4,2,5,5,5,8,Graphic Designer
user_0650,Psychology,Traveling,Master's,60,"Project Management,Cybersecurity,Cooking,Time Management",7,6,10,6,2,5,7,Sales Representative
user_0651,Technology,Writing,Doctorate,37,"Programming,Data Analysis,Critical Thinking",10,3,7,4,7,6,8,Software Engineer
user_0652,DIY,Board Games,Doctorate,23,"Empathy,Public Speaking",8,8,5,8,5,10,3,Elementary Teacher
user_0653,Astronomy,Video Gaming,Doctorate,36,"Photography,Empathy,Carpentry",4,8,4,8,5,5,4,Marketing Manager
user_0654,Art,Astronomy,Vocational,18,"Sewing,Foreign Languages,Time Management,Singing",10,6,10,7,3,6,8,Financial Analyst
user_0655,Meditation,Bird Watching,Master's,40,"AI Prompt Engineering,Weightlifting,Singing,Conflict Resolution",10,1,5,5,5,5,4,Sales Representative
user_0656,Volunteering,Cycling,Master's,43,"Programming,Data Analysis,Critical Thinking",5,8,7,7,4,6,8,Data Scientist
user_0657,Technology,Board Games,Doctorate,43,"Critical Thinking,Data Analysis",8,7,6,9,5,5,7,Data Scientist
user_0658,Travel,Fishing,High School,26,"Singing,Robotics,Empathy",5,6,7,5,4,9,5,Marketing Manager
user_0659,Meditation,Board Games,High School,40,"Foreign Languages,AI Prompt Engineering",7,8,3,3,7,6,10,HR Manager
user_0660,Volunteering,Dancing,Master's,36,"Public Speaking,Leadership",5,5,9,8,2,6,5,Elementary Teacher
user_0661,Animals,Reading,Bachelor's,29,"Empathy,Critical Thinking,First Aid",5,8,10,6,3,6,7,Registered Nurse
user_0662,Music,Playing Guitar,Bachelor's,65,"Research,Programming",8,9,7,9,5,7,9,Sales Representative
user_0663,Art,Fishing,Associate's,56,"Critical Thinking,Project Management,AI Prompt Engineering",4,8,4,5,4,5,8,Chef
user_0664,Astronomy,Scuba Diving,Doctorate,40,"Electrical Repair,Cybersecurity,Critical Thinking",4,8,8,4,2,9,3,Financial Analyst
user_0665,Gaming,Pottery,High School,21,"Weightlifting,Foreign Languages,Cybersecurity,AI Prompt Engineering",3,10,3,5,2,10,2,HR Manager
user_0666,DIY,Running,Vocational,25,"Empathy,Robotics,Research,Project Management",5,8,3,7,3,6,8,Chef
user_0667,Art,Chess,Associate's,55,"Critical Thinking,Robotics,Graphic Design,Public Speaking,First Aid",7,7,5,1,2,5,7,Cybersecurity Specialist
user_0668,Entrepreneurship,Swimming,Associate's,24,"Critical Thinking,Empathy,First Aid",6,7,4,6,5,4,9,Registered Nurse
user_0669,Reading,Astronomy,Doctorate,65,"Research,Data Analysis",4,9,6,6,4,5,8,Plumber
user_0670,Animals,Board Games,Master's,34,"Video Editing,Electrical Repair,Empathy",9,3,6,7,6,8,3,Mechanic
user_0671,Gaming,Yoga,Associate's,54,"Public Speaking,AI Prompt Engineering,First Aid,Negotiation,Driving",6,8,1,4,3,4,9,Environmental Scientist
user_0672,Sports,Rock Climbing,Vocational,46,"Programming,Electrical Repair,Public Speaking,Negotiation,Writing",10,8,10,6,2,5,6,Cybersecurity Specialist
user_0673,History,Running,Associate's,22,"Carpentry,First Aid,Sewing,Research,Conflict Resolution",10,7,8,2,4,10,5,Statistician
user_0674,Dancing,Skiing,High School,29,"Time Management,Cooking,Public Speaking,Singing,Cybersecurity",10,4,8,4,5,6,5,Electrician
user_0675,Art,Collecting Stamps,Vocational,40,"Graphic Design,Leadership",4,7,6,3,2,6,7,HR Manager
user_0676,Technology,Singing,Doctorate,44,"Financial Literacy,Foreign Languages",9,6,3,6,2,6,8,Sales Representative
user_0677,Chess,Skiing,Associate's,48,"AI Prompt Engineering,Programming,Carpentry,Negotiation",8,7,9,8,1,5,10,Lawyer
user_0678,Languages,Fishing,Master's,63,"Photography,Video Editing,Robotics,Time Management",7,8,1,4,3,5,7,Financial Analyst
user_0679,Animals,Skiing,Master's,64,"Singing,Empathy,Data Analysis,Conflict Resolution,Weightlifting",8,8,9,5,5,6,7,Social Worker
user_0680,Sports,Hiking,Master's,36,"Cooking,Digital Marketing,Research",8,4,8,6,5,5,9,Psychologist
user_0681,Chess,Swimming,Associate's,23,"Singing,Leadership,Graphic Design,UI/UX Design",7,3,3,9,4,6,7,Mechanic
user_0682,Meditation,Singing,Vocational,52,"Sewing,UI/UX Design,Foreign Languages",7,5,7,2,1,5,8,Sales Representative
user_0683,Reading,Reading,Bachelor's,33,"Public Speaking,Leadership,Empathy",7,10,3,7,5,4,6,Elementary Teacher
user_0684,Reading,Reading,Doctorate,28,"Project Management,Leadership",6,6,2,6,4,5,8,Cybersecurity Specialist
user_0685,Psychology,Yoga,High School,39,"Time Management,AI Prompt Engineering,Data Analysis,Empathy",6,7,10,4,7,7,10,Electrician
user_0686,Environment,Bird Watching,Doctorate,26,"Empathy,Sewing,Time Management",4,6,4,3,4,8,3,Chef
user_0687,Cars,Video Gaming,Bachelor's,38,"Carpentry,Leadership,Empathy,Time Management,First Aid",8,8,10,6,4,9,4,Dentist
user_0688,Chess,Pottery,Master's,50,"Critical Thinking,Cooking,Video Editing,Sewing,Carpentry",6,8,1,5,1,7,9,Social Worker
user_0689,History,Fishing,High School,40,"Carpentry,Data Analysis,Critical Thinking,First Aid",6,6,5,8,5,4,4,Statistician
user_0690,Dancing,Traveling,Vocational,60,"Project Management,Data Analysis,Photography,Singing",10,10,5,7,4,5,6,Environmental Scientist
user_0691,Travel,Reading,Bachelor's,19,"Photography,Critical Thinking,Time Management,Foreign Languages",7,8,4,5,3,6,4,Actor
user_0692,Chess,Swimming,Bachelor's,34,"Conflict Resolution,Project Management",2,10,2,7,5,5,9,Farm Worker
user_0693,Photography,Drawing,Associate's,42,"Creativity,Graphic Design,UI/UX Design",7,7,9,4,1,7,7,Graphic Designer
user_0694,Acting,Meditation,Bachelor's,32,"First Aid,Writing,Project Management",4,9,4,5,5,8,3,Electrician
user_0695,Collecting,Baking,Doctorate,31,"Foreign Languages,Graphic Design",7,9,5,7,2,3,7,Social Worker
user_0696,Sports,Collecting Stamps,Bachelor's,58,"Financial Literacy,Negotiation,Writing",3,10,2,5,2,3,7,HR Manager
user_0697,Cars,Knitting,Master's,40,"Critical Thinking,Data Analysis,Digital Marketing,Weightlifting,Sewing",7,7,7,8,5,4,6,Actor
user_0698,Photography,Photography,Associate's,44,"Creativity,UI/UX Design,Graphic Design",8,5,10,7,7,9,4,Graphic Designer
user_0699,Environment,Fishing,Associate's,61,"Foreign Languages,Video Editing,Research,Electrical Repair",3,10,4,5,2,4,9,Architect
user_0700,Cars,Singing,High School,37,"Foreign Languages,Digital Marketing,Time Management,Weightlifting,Carpentry",6,9,5,7,3,5,9,Psychologist
user_0701,Gaming,Reading,Doctorate,19,"Graphic Design,Sewing,Cybersecurity,Cooking,UI/UX Design",9,5,5,5,6,6,7,Biomedical Engineer
user_0702,Travel,Cooking,Master's,43,"Critical Thinking,Research,Carpentry",6,7,8,10,4,6,7,Architect
user_0703,Fitness,Knitting,Bachelor's,32,"Critical Thinking,Empathy,First Aid",8,6,4,7,5,4,7,Registered Nurse
user_0704,DIY,Origami,Associate's,23,"Graphic Design,Leadership",4,7,9,4,6,8,6,Cybersecurity Specialist
user_0705,Animals,Astronomy,Bachelor's,30,"Research,Cooking,Foreign Languages,Leadership",10,4,7,4,7,6,3,Mechanic
user_0706,Animals,Bird Watching,Bachelor's,36,"Graphic Design,Digital Marketing,Foreign Languages,Singing,First Aid",10,6,9,6,5,5,7,Journalist
user_0707,DIY,Knitting,Associate's,52,"Electrical Repair,Digital Marketing",10,6,6,6,5,3,5,Pilot
user_0708,Dancing,Skiing,Associate's,39,"Research,Financial Literacy,Graphic Design",10,4,5,7,6,4,4,Sales Representative
user_0709,History,Board Games,Master's,25,"Programming,Critical Thinking,Data Analysis",8,9,2,5,4,9,4,Data Scientist
user_0710,Music,Chess,Doctorate,31,"Singing,Writing,Cooking,Financial Literacy,Digital Marketing",7,10,1,7,6,4,5,Plumber
user_0711,Psychology,Photography,Bachelor's,26,"Carpentry,Leadership",6,7,9,5,4,4,7,Lawyer
user_0712,Cooking,Skiing,Master's,49,"Empathy,Conflict Resolution,Singing",6,8,5,4,6,6,7,Pilot
user_0713,Magic,Origami,Doctorate,35,"AI Prompt Engineering,Weightlifting,Negotiation,Time Management",8,3,6,6,8,5,8,Mechanic
user_0714,History,Chess,Bachelor's,47,"UI/UX Design,Cooking,Empathy",8,4,7,7,5,5,6,Social Worker
user_0715,Writing,Painting,Vocational,26,"Graphic Design,Creativity,UI/UX Design",1,7,7,6,5,6,4,Graphic Designer
user_0716,Cars,Running,Vocational,40,"UI/UX Design,Photography",10,7,6,6,4,6,8,Construction Worker
user_0717,Entrepreneurship,Traveling,Associate's,53,"Graphic Design,Time Management,Project Management",6,6,7,6,3,5,7,Environmental Scientist
user_0718,Languages,Pottery,Master's,59,"Cooking,Time Management,Sewing,Conflict Resolution,AI Prompt Engineering",9,5,7,6,7,6,5,Civil Engineer
user_0719,Writing,Traveling,Master's,27,"Carpentry,Writing,Conflict Resolution",6,6,8,7,5,5,8,Financial Analyst
user_0720,Film,Bird Watching,Associate's,37,"Digital Marketing,Singing",6,8,3,7,5,5,7,Lawyer
user_0721,Volunteering,Photography,Master's,31,"Financial Literacy,Robotics,First Aid",5,9,6,5,1,6,7,Psychologist
user_0722,Chess,Swimming,Doctorate,40,"Programming,Conflict Resolution,Negotiation",10,7,7,5,4,8,3,Architect
user_0723,Technology,Cooking,Doctorate,18,"Electrical Repair,Negotiation,Leadership",10,2,7,10,4,6,6,AI Engineer
user_0724,Sports,Pottery,High School,56,"Public Speaking,Financial Literacy,First Aid,Writing",7,7,7,8,5,6,7,UX Designer
user_0725,Psychology,Traveling,Bachelor's,56,"Writing,Carpentry,Empathy,Conflict Resolution,Financial Literacy",7,6,5,8,6,3,9,Plumber
user_0726,DIY,Cooking,Vocational,23,"Robotics,Conflict Resolution,Data Analysis,Public Speaking,Electrical Repair",6,6,5,7,5,4,8,HR Manager
user_0727,Music,Fishing,Doctorate,38,"Weightlifting,Time Management,Empathy",10,8,4,8,4,6,9,Mechanic
user_0728,Meditation,Board Games,Master's,27,"Graphic Design,Carpentry,Electrical Repair,Public Speaking",2,9,6,6,6,6,5,Financial Analyst
user_0729,Sports,Running,Associate's,25,"Electrical Repair,Time Management,Robotics,Cybersecurity",6,10,6,5,6,7,7,Chef
user_0730,Writing,Cooking,Associate's,55,"Sewing,Carpentry",2,7,8,4,4,5,6,Mechanic
user_0731,Film,Skiing,Vocational,65,"Critical Thinking,Public Speaking,Video Editing",7,7,3,6,5,9,3,Cybersecurity Specialist
user_0732,Meditation,Hiking,Associate's,30,"Critical Thinking,First Aid,Cybersecurity",7,6,4,3,3,7,10,Electrician
user_0733,Environment,Skiing,Master's,46,"Public Speaking,Robotics,Time Management",10,5,7,6,5,4,9,Construction Worker
user_0734,Languages,Writing,Associate's,31,"Cybersecurity,Leadership,Singing,Robotics",10,9,7,8,5,4,6,Journalist
user_0735,Art,Traveling,High School,51,"Writing,Project Management,Electrical Repair",5,8,5,4,3,5,5,Marketing Manager
user_0736,Psychology,Cycling,Doctorate,40,"Carpentry,Foreign Languages",7,5,6,8,7,5,8,Psychologist
user_0737,Art,Photography,Bachelor's,38,"UI/UX Design,Creativity,Graphic Design",4,8,5,5,5,7,9,Graphic Designer
user_0738,Entrepreneurship,Yoga,High School,32,"Foreign Languages,Sewing",9,5,6,4,6,8,7,Dentist
user_0739,Fashion,Drawing,Master's,44,"Graphic Design,Creativity",7,8,3,4,3,4,4,Graphic Designer
user_0740,Fashion,Origami,Associate's,22,"Graphic Design,UI/UX Design",10,5,5,6,6,5,8,Graphic Designer
user_0741,Cooking,Dancing,High School,48,"Cybersecurity,Photography,UI/UX Design,Writing,Driving",8,5,6,6,4,6,7,Pilot
user_0742,Magic,Painting,Bachelor's,38,"Robotics,Driving,Empathy,Conflict Resolution",8,8,8,6,7,5,7,Environmental Scientist
user_0743,DIY,Meditation,High School,32,"Sewing,Digital Marketing,Negotiation",5,7,2,7,1,4,5,Dentist
user_0744,Writing,Skiing,Vocational,26,"Photography,Public Speaking,Critical Thinking,Foreign Languages,Graphic Design",8,5,4,4,4,5,6,UX Designer
user_0745,Film,Singing,Bachelor's,20,"Foreign Languages,Carpentry,Video Editing,Driving",8,10,4,7,1,8,5,AI Engineer
user_0746,Languages,Reading,Vocational,38,"Time Management,Leadership,Video Editing",8,5,5,8,4,4,8,Actor
user_0747,Sports,Baking,Doctorate,25,"Leadership,Negotiation,Sewing,Writing,Cybersecurity",6,7,7,4,7,5,9,Lawyer
user_0748,Entrepreneurship,Rock Climbing,Doctorate,23,"Programming,Cooking,UI/UX Design",9,7,2,7,4,9,4,Environmental Scientist
user_0749,Volunteering,Bird Watching,Bachelor's,45,"Critical Thinking,First Aid,Empathy",8,5,6,6,5,5,8,Registered Nurse
user_0750,Gaming,Reading,Doctorate,23,"Data Analysis,Critical Thinking,Programming",6,6,8,6,2,6,7,Software Engineer
user_0751,Chess,Chess,Associate's,47,"UI/UX Design,Robotics,Weightlifting",7,9,6,7,2,6,8,Lawyer
user_0752,DIY,Volunteering,Doctorate,27,"First Aid,Critical Thinking,Empathy",10,10,4,5,3,4,7,Registered Nurse
user_0753,Travel,Meditation,Associate's,37,"Cybersecurity,Research,Public Speaking",8,5,9,6,3,4,7,Actor
user_0754,Volunteering,Writing,High School,56,"UI/UX Design,Carpentry,Driving,Critical Thinking,First Aid",10,5,7,6,5,8,3,Marketing Manager
user_0755,Fashion,Collecting Stamps,Doctorate,38,"Digital Marketing,Programming",5,8,6,9,5,4,8,Marketing Manager
user_0756,Reading,Skiing,Master's,39,"Writing,UI/UX Design,Singing,Programming,Cooking",10,8,5,4,6,6,9,Sales Representative
user_0757,Gaming,Scuba Diving,Vocational,61,"First Aid,Video Editing,Public Speaking,Driving,Conflict Resolution",3,5,8,10,5,6,6,Financial Analyst
user_0758,Volunteering,Dancing,Associate's,36,"Electrical Repair,Driving,Programming,Project Management",4,8,3,8,2,6,8,Mechanic
user_0759,Environment,Reading,Associate's,53,"Digital Marketing,Video Editing,UI/UX Design,Singing,Project Management",6,10,4,9,4,6,7,Lawyer
user_0760,Reading,Crafts,Master's,44,"Empathy,Leadership",6,8,2,5,7,3,7,Elementary Teacher
user_0761,Photography,Rock Climbing,Bachelor's,49,"Critical Thinking,Robotics,UI/UX Design,Electrical Repair,Carpentry",4,8,5,5,4,4,6,AI Engineer
user_0762,Cooking,Writing,High School,42,"Foreign Languages,Photography,Financial Literacy,Programming,AI Prompt Engineering",5,3,3,6,6,4,3,Journalist
user_0763,DIY,Swimming,High School,38,"Carpentry,Time Management,Financial Literacy",8,5,6,4,9,6,10,Sales Representative
user_0764,Collecting,Hiking,Vocational,47,"Empathy,Conflict Resolution,Digital Marketing,Carpentry",8,6,10,7,6,7,7,Social Worker
user_0765,Animals,Video Gaming,Bachelor's,33,"Digital Marketing,Research,Carpentry,Electrical Repair,Leadership",6,6,7,6,6,10,3,Financial Analyst
user_0766,Entrepreneurship,Reading,Master's,24,"Critical Thinking,Programming,Data Analysis",9,7,3,6,6,5,5,Software Engineer
user_0767,Psychology,Traveling,Master's,58,"Foreign Languages,Research,Data Analysis,Project Management,Conflict Resolution",8,8,2,6,5,7,10,AI Engineer
user_0768,Magic,Playing Guitar,Bachelor's,31,"Data Analysis,Cooking,Financial Literacy,Cybersecurity",7,3,7,8,3,4,6,Civil Engineer
user_0769,Fashion,Fishing,Bachelor's,62,"Time Management,First Aid,AI Prompt Engineering,Public Speaking",6,5,6,10,6,7,8,HR Manager
user_0770,Technology,Scuba Diving,Associate's,37,"Time Management,Financial Literacy,Critical Thinking",8,7,6,5,5,5,8,Sales Representative
user_0771,Collecting,Knitting,Associate's,58,"Programming,Conflict Resolution,Photography",8,6,8,7,2,8,3,Chef
user_0772,Volunteering,Baking,Master's,43,"AI Prompt Engineering,Weightlifting,Carpentry,Negotiation,Financial Literacy",9,3,6,7,7,7,8,Mechanic
user_0773,Magic,Bird Watching,Doctorate,28,"Carpentry,Writing,Weightlifting,Video Editing,Programming",8,7,7,7,8,7,5,Plumber
user_0774,History,Board Games,Doctorate,25,"Negotiation,Writing,Electrical Repair",7,9,4,7,4,6,7,Marketing Manager
user_0775,Cars,Cycling,Associate's,50,"First Aid,Singing",6,8,4,7,4,3,6,AI Engineer
user_0776,Photography,Chess,Doctorate,29,"Digital Marketing,Cybersecurity,Electrical Repair",6,7,8,7,5,7,8,Electrician
user_0777,Travel,Baking,High School,26,"Public Speaking,Photography,Digital Marketing,Time Management",6,10,3,7,6,7,7,Mechanic
user_0778,Cars,Photography,Vocational,48,"Electrical Repair,Graphic Design",7,6,6,9,6,4,7,Actor
user_0779,Fitness,Meditation,High School,55,"Conflict Resolution,Weightlifting,Data Analysis,Empathy,Electrical Repair",4,10,5,10,4,6,6,Pilot
user_0780,Sports,Bird Watching,Doctorate,29,"Leadership,Writing,Critical Thinking,Financial Literacy",8,6,2,5,5,6,8,Biomedical Engineer
user_0781,Fitness,Skiing,Bachelor's,25,"Writing,Programming,Cooking",4,6,2,6,3,7,6,Social Worker
user_0782,Fitness,Cycling,Bachelor's,39,"Photography,Sewing,Data Analysis",10,5,8,5,5,6,10,Dentist
user_0783,Dancing,Writing,Associate's,57,"Time Management,Driving,Project Management",6,8,6,9,6,7,1,Pilot
user_0784,Cooking,Fishing,Master's,48,"Sewing,Empathy,First Aid,Digital Marketing,UI/UX Design",8,6,7,6,6,6,9,Dentist
user_0785,Technology,Singing,Doctorate,38,"Critical Thinking,Foreign Languages,Time Management,Video Editing,Sewing",6,7,9,5,6,3,5,Mechanic
user_0786,Environment,Chess,High School,63,"Photography,Driving,Cybersecurity",9,6,7,9,3,3,6,Farm Worker
user_0787,Gaming,Running,Doctorate,30,"AI Prompt Engineering,Leadership,Electrical Repair",10,6,5,5,4,6,6,Psychologist
user_0788,Animals,Bird Watching,High School,60,"Cybersecurity,UI/UX Design,Writing,Digital Marketing,First Aid",9,10,10,4,8,5,7,Mechanic
user_0789,Gaming,Dancing,Bachelor's,36,"Writing,Project Management",5,7,10,5,4,5,7,Marketing Manager
user_0790,Travel,Running,High School,46,"Cooking,Time Management,Singing",7,9,7,4,1,4,8,Sales Representative
user_0791,Languages,Scuba Diving,Doctorate,65,"Conflict Resolution,Negotiation,Weightlifting,Sewing",7,4,8,4,6,6,6,Plumber
user_0792,Gardening,Hiking,Doctorate,63,"First Aid,AI Prompt Engineering,Empathy,UI/UX Design",8,8,3,6,4,5,9,Construction Worker
user_0793,Art,Singing,Master's,21,"Programming,Time Management,Foreign Languages,Public Speaking",7,9,2,7,3,6,7,Actor
user_0794,Writing,Baking,High School,54,"Singing,Sewing",8,10,3,8,4,5,9,Journalist
user_0795,Cars,Hiking,High School,61,"Robotics,First Aid,Electrical Repair,Weightlifting,Empathy",5,8,1,6,5,6,2,Biomedical Engineer
user_0796,Environment,Scuba Diving,Doctorate,45,"Video Editing,Time Management",3,9,3,3,6,4,6,Social Worker
user_0797,Reading,Painting,Associate's,32,"Singing,Electrical Repair,Financial Literacy,Driving",4,10,3,8,3,4,8,Psychologist
user_0798,Fitness,Cooking,High School,19,"Sewing,Project Management",7,9,4,6,4,7,8,Financial Analyst
user_0799,Fitness,Cooking,Bachelor's,35,"UI/UX Design,Photography,Sewing",3,8,4,9,4,5,2,Financial Analyst
user_0800,Collecting,Baking,Doctorate,31,"Public Speaking,Electrical Repair,Video Editing,Photography,Sewing",10,5,10,7,3,7,8,Farm Worker
user_0801,Volunteering,Cycling,Vocational,31,"Writing,Empathy",5,6,6,10,6,5,5,Mechanic
user_0802,Volunteering,Dancing,Bachelor's,34,"Electrical Repair,Programming",5,8,3,5,3,6,9,Actor
user_0803,Meditation,Photography,Bachelor's,59,"Digital Marketing,Cybersecurity,Graphic Design,Financial Literacy",2,7,1,4,1,4,7,Chef
user_0804,Photography,Cooking,Master's,18,"Leadership,Project Management,Cybersecurity",6,10,10,7,3,6,9,Plumber
user_0805,Reading,Singing,Vocational,44,"Carpentry,UI/UX Design,Leadership",6,7,6,7,5,5,9,Biomedical Engineer
user_0806,Fitness,Knitting,Doctorate,41,"AI Prompt Engineering,Cooking,Programming,Research",6,6,3,5,4,3,6,Financial Analyst
user_0807,Fitness,Volunteering,High School,44,"Empathy,Critical Thinking",5,9,2,8,2,9,5,Registered Nurse
user_0808,Collecting,Collecting Stamps,Doctorate,18,"Writing,Weightlifting,First Aid,Project Management",10,6,6,5,2,7,3,Civil Engineer
user_0809,Meditation,Rock Climbing,Master's,30,"Digital Marketing,Leadership,Project Management",7,6,6,8,3,5,7,Mechanic
user_0810,Sports,Writing,Doctorate,51,"Leadership,Empathy,Public Speaking",5,9,8,5,4,6,6,Elementary Teacher
user_0811,Art,Astronomy,Vocational,29,"Project Management,Financial Literacy",3,6,8,3,2,4,9,Journalist
user_0812,Astronomy,Rock Climbing,Associate's,30,"Electrical Repair,Photography,AI Prompt Engineering,First Aid,Singing",4,5,1,4,2,6,8,Pilot
user_0813,Gardening,Astronomy,Bachelor's,53,"Driving,Data Analysis,Conflict Resolution,Cooking,Sewing",6,7,5,6,3,9,4,Marketing Manager
user_0814,Dancing,Playing Guitar,Bachelor's,25,"Singing,Cybersecurity",5,8,4,8,1,6,6,Civil Engineer
user_0815,Entrepreneurship,Singing,Master's,28,"Data Analysis,Critical Thinking,Programming",5,6,1,5,5,8,4,Data Scientist
user_0816,Animals,Fitness,Bachelor's,45,"Empathy,First Aid",6,7,3,3,5,9,6,Registered Nurse
user_0817,Art,Knitting,Associate's,42,"Weightlifting,Writing,Electrical Repair,Cooking,Project Management",4,10,6,6,1,6,4,Marketing Manager
user_0818,DIY,Collecting Stamps,Master's,22,"Sewing,Foreign Languages",7,9,4,4,4,5,5,UX Designer
user_0819,Reading,Knitting,Master's,30,"Robotics,Negotiation,Graphic Design",5,6,7,6,5,4,9,Journalist
user_0820,Fashion,Painting,Doctorate,35,"Programming,Financial Literacy,Data Analysis,Leadership",8,7,3,6,5,4,5,Financial Analyst
user_0821,Meditation,Cycling,Master's,65,"Project Management,Graphic Design,Weightlifting,Sewing,UI/UX Design",1,9,8,4,3,6,4,Chef
user_0822,Animals,Cooking,Doctorate,62,"Sewing,Critical Thinking,Digital Marketing,Leadership,Data Analysis",7,8,7,4,3,6,9,Lawyer
user_0823,Art,Skiing,High School,35,"Weightlifting,First Aid,Financial Literacy,Leadership",5,9,4,6,6,4,10,Lawyer
user_0824,Languages,Bird Watching,Vocational,55,"Digital Marketing,Time Management,Foreign Languages,Driving,First Aid",6,5,1,5,5,3,4,HR Manager
user_0825,Collecting,Traveling,Doctorate,42,"AI Prompt Engineering,Data Analysis",5,8,4,9,2,6,3,Social Worker
user_0826,Film,Scuba Diving,Master's,44,"Cybersecurity,Empathy,Public Speaking,Negotiation,Financial Literacy",7,6,1,4,5,6,7,Sales Representative
user_0827,Magic,Reading,Vocational,54,"Programming,Financial Literacy,Cooking",9,8,7,5,1,8,2,Dentist
user_0828,Film,Dancing,Associate's,33,"Electrical Repair,Research,Public Speaking,Cooking",5,9,3,5,3,6,10,Cybersecurity Specialist
user_0829,Entrepreneurship,Board Games,Associate's,29,"Conflict Resolution,Graphic Design,Cooking,Negotiation,AI Prompt Engineering",8,7,8,2,4,6,6,Mechanic
user_0830,History,Bird Watching,Doctorate,29,"Photography,First Aid,Conflict Resolution,Cybersecurity,Writing",5,10,8,10,6,7,8,Psychologist
user_0831,Animals,Reading,Master's,39,"Programming,Critical Thinking,Data Analysis",9,7,7,6,5,6,5,Software Engineer
user_0832,Gardening,Running,Associate's,43,"UI/UX Design,Video Editing,Data Analysis",5,10,9,4,5,6,8,HR Manager
user_0833,Art,Playing Guitar,Master's,27,"Programming,Writing,Digital Marketing,Robotics",6,4,10,8,5,8,4,Cybersecurity Specialist
user_0834,Photography,Reading,Master's,48,"Foreign Languages,Singing,Time Management,Photography,Carpentry",5,9,4,7,5,6,5,Chef
user_0835,Languages,Chess,Bachelor's,41,"Weightlifting,UI/UX Design,Digital Marketing,Cooking",5,8,8,5,1,6,7,Actor
user_0836,Acting,Cycling,Master's,63,"Singing,Cooking,Data Analysis,Research,Robotics",5,7,4,7,8,9,3,Sales Representative
user_0837,Meditation,Gardening,Bachelor's,57,"Writing,Time Management,Foreign Languages,Graphic Design,Carpentry",9,5,5,6,7,6,8,Sales Representative
user_0838,Psychology,Painting,High School,61,"Graphic Design,Empathy,First Aid,Time Management",7,6,4,2,4,5,7,Plumber
user_0839,Film,Video Gaming,Associate's,52,"Cooking,Digital Marketing,Time Management,Research",7,8,9,7,4,5,5,Financial Analyst
user_0840,Art,Scuba Diving,Associate's,55,"Sewing,Graphic Design",10,5,10,5,3,6,7,Biomedical Engineer
user_0841,Environment,Board Games,Vocational,29,"Financial Literacy,UI/UX Design",6,8,7,8,7,5,6,Biomedical Engineer
user_0842,Film,Knitting,Bachelor's,42,"Project Management,Conflict Resolution,Cooking,Carpentry,Data Analysis",5,8,5,9,4,6,3,HR Manager
user_0843,Travel,Skiing,Bachelor's,34,"UI/UX Design,Creativity",7,9,8,4,4,8,3,Graphic Designer
user_0844,Volunteering,Fishing,High School,45,"UI/UX Design,Creativity,Graphic Design",4,7,3,7,3,4,4,Graphic Designer
user_0845,Dancing,Rock Climbing,Doctorate,27,"Time Management,Carpentry,Weightlifting,Electrical Repair",6,10,3,4,5,5,7,Construction Worker
user_0846,Gaming,Origami,High School,37,"Data Analysis,Negotiation,Driving,Carpentry",3,7,5,8,3,5,10,UX Designer
user_0847,History,Traveling,Associate's,47,"Research,Electrical Repair,Data Analysis,Driving,Singing",5,4,9,4,5,4,7,Civil Engineer
user_0848,Languages,Knitting,High School,40,"UI/UX Design,Writing",5,9,6,8,5,6,9,Financial Analyst
user_0849,Psychology,Running,Master's,43,"Critical Thinking,Cooking,Project Management",9,5,10,4,7,8,3,Sales Representative
user_0850,Reading,Running,Doctorate,33,"Programming,Data Analysis,Critical Thinking",9,6,3,5,3,6,9,Data Scientist
user_0851,Gardening,Baking,High School,52,"Public Speaking,Critical Thinking",9,6,9,8,2,7,7,Journalist
user_0852,Collecting,Cooking,Master's,41,"UI/UX Design,Photography",8,8,4,6,4,9,2,Social Worker
user_0853,Travel,Meditation,Doctorate,57,"Public Speaking,UI/UX Design",8,5,6,5,3,5,10,Pilot
user_0854,Art,Photography,Vocational,39,"UI/UX Design,Creativity",7,2,7,9,7,7,8,Graphic Designer
user_0855,Meditation,Swimming,Bachelor's,35,"Robotics,Sewing,Writing",5,5,2,5,4,6,4,Lawyer
user_0856,Psychology,Playing Guitar,High School,58,"Data Analysis,Carpentry",5,6,9,6,5,6,4,Dentist
user_0857,Psychology,Traveling,Doctorate,43,"Singing,Critical Thinking,Conflict Resolution,Time Management",7,9,5,6,1,9,4,Dentist
user_0858,Astronomy,Hiking,Vocational,51,"Writing,Data Analysis",4,7,7,10,4,5,8,Plumber
user_0859,Reading,Collecting Stamps,Associate's,46,"Electrical Repair,AI Prompt Engineering,Sewing",9,4,4,7,5,4,7,Electrician
user_0860,Gaming,Chess,Master's,36,"Data Analysis,Programming",8,4,9,9,4,3,10,Software Engineer
user_0861,Photography,Photography,Bachelor's,22,"UI/UX Design,Creativity",9,4,10,6,5,8,3,Graphic Designer
user_0862,Writing,Swimming,Master's,52,"AI Prompt Engineering,Empathy",4,9,5,6,3,5,5,Dentist
user_0863,Entrepreneurship,Knitting,Bachelor's,29,"Programming,Data Analysis,Critical Thinking",4,9,3,7,5,9,5,Software Engineer
user_0864,DIY,Playing Guitar,Doctorate,49,"Negotiation,Financial Literacy,Electrical Repair,Writing",6,7,6,7,3,8,5,UX Designer
user_0865,DIY,Cooking,Bachelor's,34,"Negotiation,Empathy,Programming",8,6,5,6,4,4,7,Journalist
user_0866,Photography,Knitting,Vocational,58,"Photography,Video Editing,Foreign Languages,Weightlifting",4,7,7,8,6,10,4,Plumber
user_0867,Gardening,Writing,Bachelor's,26,"Digital Marketing,Photography,Cybersecurity",9,4,8,10,4,4,7,Psychologist
user_0868,Environment,Astronomy,Bachelor's,41,"Photography,Video Editing,Project Management,Writing",7,10,3,7,3,5,10,Plumber
user_0869,Travel,Fishing,Master's,28,"UI/UX Design,Leadership,Foreign Languages,Carpentry,Electrical Repair",3,9,2,8,5,7,8,Financial Analyst
user_0870,Acting,Skiing,Bachelor's,54,"Project Management,Foreign Languages,Cooking",5,9,5,6,3,5,9,Environmental Scientist
user_0871,DIY,Skiing,High School,61,"Research,Graphic Design",10,5,5,6,7,4,9,Social Worker
user_0872,Chess,Dancing,Vocational,65,"Photography,Critical Thinking,Robotics",6,7,7,5,5,5,9,UX Designer
user_0873,Psychology,Cooking,Associate's,37,"Research,Singing",5,7,7,9,4,7,8,Psychologist
user_0874,Cooking,Running,Master's,58,"Cybersecurity,First Aid,Conflict Resolution,Weightlifting,Digital Marketing",6,7,9,3,1,5,8,Lawyer
user_0875,Entrepreneurship,Bird Watching,Vocational,19,"UI/UX Design,Electrical Repair,Time Management,Carpentry",4,10,4,7,7,3,7,Pilot
user_0876,Technology,Photography,Vocational,26,"Driving,Video Editing,UI/UX Design,Project Management",7,7,7,8,4,5,8,Statistician
user_0877,Astronomy,Reading,Master's,55,"Carpentry,Negotiation,Conflict Resolution,First Aid,Photography",9,6,2,6,4,5,9,Actor
user_0878,Fitness,Reading,Associate's,24,"First Aid,Critical Thinking,Empathy",5,10,2,6,6,4,8,Registered Nurse
user_0879,Technology,Chess,Doctorate,43,"Data Analysis,Critical Thinking,Programming",7,6,8,5,4,5,8,Software Engineer
user_0880,Sports,Running,Vocational,49,"First Aid,Graphic Design,UI/UX Design,Electrical Repair",1,8,5,6,2,8,2,Mechanic
user_0881,Writing,Cooking,Associate's,22,"Time Management,Research,Digital Marketing",3,7,5,7,4,5,9,Electrician
user_0882,Animals,Skiing,Bachelor's,58,"Research,Driving,Data Analysis,AI Prompt Engineering",6,7,7,10,5,6,9,Civil Engineer
user_0883,Writing,Reading,Bachelor's,61,"Photography,Public Speaking,Cybersecurity",10,8,8,5,6,6,4,HR Manager
user_0884,Astronomy,Collecting Stamps,Doctorate,29,"Critical Thinking,Empathy,Driving,Time Management,Conflict Resolution",8,4,6,8,7,4,8,HR Manager
user_0885,Sports,Painting,Master's,54,"Cybersecurity,Data Analysis,Sewing",4,9,3,5,4,6,8,Financial Analyst
user_0886,Meditation,Meditation,Associate's,56,"Leadership,Financial Literacy,Critical Thinking,Photography,Foreign Languages",10,6,1,2,4,6,6,Journalist
user_0887,Cooking,Photography,High School,22,"Negotiation,Weightlifting,Empathy,Public Speaking,AI Prompt Engineering",10,6,7,3,5,10,1,Environmental Scientist
user_0888,Magic,Traveling,Associate's,62,"Time Management,First Aid",6,9,2,6,4,6,8,Environmental Scientist
user_0889,Astronomy,Fishing,Master's,65,"Digital Marketing,Time Management,Carpentry",5,4,8,6,8,7,3,Environmental Scientist
user_0890,Collecting,Origami,Bachelor's,46,"Project Management,Empathy,Sewing",6,8,7,4,2,5,7,Farm Worker
user_0891,Technology,Reading,Bachelor's,60,"Project Management,Time Management,Carpentry",8,5,5,7,5,5,4,AI Engineer
user_0892,Travel,Reading,Bachelor's,43,"Critical Thinking,Robotics,Conflict Resolution",7,3,6,7,5,5,5,Psychologist
user_0893,Reading,Rock Climbing,Vocational,49,"Negotiation,Data Analysis",10,5,5,6,4,6,8,Lawyer
user_0894,Astronomy,Astronomy,Vocational,44,"Programming,Critical Thinking,Financial Literacy,Carpentry,Cooking",4,9,5,5,4,5,8,Social Worker
user_0895,Fitness,Fishing,Doctorate,41,"Negotiation,Time Management,Writing",8,10,3,6,2,7,5,Social Worker
user_0896,Psychology,Playing Guitar,Associate's,58,"Research,First Aid,Singing,Cooking,Time Management",9,3,5,6,5,10,5,Psychologist
user_0897,Photography,Singing,Vocational,49,"Weightlifting,Programming,Cooking,Leadership,Data Analysis",6,6,7,8,6,7,7,Biomedical Engineer
user_0898,History,Origami,Doctorate,35,"Electrical Repair,Video Editing",5,10,3,7,5,5,5,Farm Worker
user_0899,Cars,Reading,Associate's,40,"Singing,Project Management,Research,First Aid,Cooking",5,9,6,10,4,7,8,Electrician
user_0900,Dancing,Yoga,Doctorate,21,"Leadership,Research,Critical Thinking",10,7,7,3,4,6,8,Biomedical Engineer
user_0901,Fitness,Reading,High School,59,"Graphic Design,Negotiation,Electrical Repair,Sewing,UI/UX Design",8,9,9,3,3,6,5,Civil Engineer
user_0902,Gardening,Cycling,Associate's,47,"Photography,Cybersecurity,AI Prompt Engineering,Electrical Repair",9,3,3,7,5,5,7,Environmental Scientist
user_0903,Fitness,Volunteering,Doctorate,46,"Empathy,Critical Thinking,First Aid",8,10,2,7,5,6,5,Registered Nurse
user_0904,Environment,Meditation,High School,50,"Empathy,Cybersecurity",5,6,7,7,4,7,8,Sales Representative
user_0905,Cooking,Scuba Diving,Vocational,23,"Negotiation,Cooking,Graphic Design,Foreign Languages",6,8,4,3,3,4,7,Social Worker
user_0906,Cars,Astronomy,Bachelor's,62,"Singing,Robotics,Graphic Design",5,7,4,6,1,6,8,Lawyer
user_0907,Fitness,Skiing,Bachelor's,52,"Empathy,First Aid",6,8,9,4,4,5,9,Registered Nurse
user_0908,Cars,Writing,Bachelor's,19,"Writing,Programming,Driving,Cybersecurity",9,7,1,8,8,4,6,Environmental Scientist
user_0909,Photography,Meditation,Bachelor's,18,"Cybersecurity,Graphic Design,Time Management,Weightlifting",5,9,6,9,7,7,9,Financial Analyst
user_0910,Entrepreneurship,Chess,Master's,27,"Data Analysis,Critical Thinking",9,7,2,7,6,5,7,Software Engineer
user_0911,Music,Video Gaming,Master's,59,"Photography,Carpentry,Data Analysis,Public Speaking,Video Editing",6,9,10,8,2,6,8,Farm Worker
user_0912,Fitness,Dancing,Bachelor's,21,"Time Management,Weightlifting,Robotics",10,8,5,5,5,5,7,Cybersecurity Specialist
user_0913,Cooking,Rock Climbing,Associate's,31,"Empathy,Video Editing,Cooking,Electrical Repair,AI Prompt Engineering",1,6,6,7,4,10,3,Cybersecurity Specialist
user_0914,Technology,Board Games,High School,32,"Programming,Critical Thinking",6,10,5,7,1,10,4,Data Scientist
user_0915,Travel,Swimming,Doctorate,41,"First Aid,Foreign Languages",5,6,7,8,4,6,9,Journalist
user_0916,Magic,Traveling,Vocational,25,"Weightlifting,UI/UX Design",5,9,6,7,3,5,9,Farm Worker
user_0917,Chess,Meditation,Doctorate,53,"First Aid,Programming,Cybersecurity,Time Management",5,6,8,10,6,8,6,Plumber
user_0918,Reading,Chess,High School,40,"Data Analysis,Programming",8,6,8,4,6,10,2,Software Engineer
user_0919,Travel,Playing Guitar,Doctorate,46,"Financial Literacy,Public Speaking",6,7,8,6,3,5,7,Plumber
user_0920,Writing,Collecting Stamps,Associate's,47,"Singing,Carpentry,Negotiation,Driving,Weightlifting",4,4,7,9,3,6,7,Construction Worker
user_0921,Photography,Photography,Associate's,41,"UI/UX Design,Creativity,Graphic Design",10,4,6,6,4,8,4,Graphic Designer
user_0922,Fashion,Video Gaming,Master's,61,"Weightlifting,Public Speaking,Cooking",3,5,8,9,4,7,1,Journalist
user_0923,Meditation,Astronomy,Vocational,62,"Graphic Design,Robotics,Foreign Languages,Weightlifting,Data Analysis",6,7,5,3,1,6,3,Civil Engineer
user_0924,Magic,Running,Doctorate,28,"Driving,Cybersecurity,Research",9,6,8,5,6,7,3,Marketing Manager
user_0925,Film,Singing,Bachelor's,32,"Empathy,Foreign Languages,Cybersecurity,Sewing",6,8,4,5,3,6,7,Social Worker
user_0926,Dancing,Bird Watching,Vocational,22,"Digital Marketing,Sewing,Video Editing,Critical Thinking",6,10,3,4,5,6,4,Actor
user_0927,Dancing,Hiking,Vocational,61,"Graphic Design,First Aid",7,8,8,4,3,3,9,Chef
user_0928,Gardening,Knitting,Associate's,31,"Foreign Languages,AI Prompt Engineering,Time Management,UI/UX Design",8,8,5,10,4,6,9,Chef
user_0929,Technology,Reading,Associate's,62,"Conflict Resolution,Research,Video Editing,Sewing,Singing",6,9,3,8,4,9,2,Psychologist
user_0930,Art,Bird Watching,High School,48,"Singing,Graphic Design,Digital Marketing,Empathy",7,5,4,7,8,7,7,AI Engineer
user_0931,Fitness,Reading,Bachelor's,28,"First Aid,Empathy",7,9,9,3,5,6,7,Registered Nurse
user_0932,Sports,Scuba Diving,Master's,42,"First Aid,Time Management",8,5,8,8,4,8,4,Farm Worker
user_0933,Gardening,Fitness,High School,34,"Critical Thinking,Empathy,First Aid",5,7,4,3,1,4,6,Registered Nurse
user_0934,Collecting,Writing,Master's,49,"Cybersecurity,Electrical Repair,Research",10,5,7,7,5,6,6,Psychologist
user_0935,Gaming,Chess,Master's,44,"Data Analysis,Programming,Critical Thinking",6,8,6,6,5,4,7,Software Engineer
user_0936,Chess,Chess,Master's,28,"Data Analysis,Critical Thinking",8,8,2,6,1,6,4,Data Scientist
user_0937,Sports,Bird Watching,High School,60,"Time Management,Foreign Languages,Data Analysis",10,10,3,6,6,4,8,Architect
user_0938,Psychology,Knitting,High School,41,"Leadership,Research",7,5,7,6,3,8,4,Mechanic
user_0939,Chess,Astronomy,Vocational,38,"Conflict Resolution,Writing,Research",6,6,7,4,2,5,9,Chef
user_0940,Fashion,Painting,Vocational,36,"Graphic Design,Creativity",9,8,7,5,5,7,5,Graphic Designer
user_0941,Meditation,Chess,Bachelor's,21,"Public Speaking,Conflict Resolution,Cooking,Sewing,Video Editing",7,7,1,5,4,5,7,Electrician
user_0942,Magic,Painting,Bachelor's,57,"Financial Literacy,Conflict Resolution,Sewing,Carpentry,Digital Marketing",6,6,9,5,2,6,8,Mechanic
user_0943,Entrepreneurship,Origami,Bachelor's,33,"Critical Thinking,Data Analysis,Programming",5,9,5,7,5,6,9,Software Engineer
user_0944,Astronomy,Knitting,Doctorate,55,"Writing,Cooking,Graphic Design",8,6,8,5,6,4,3,Social Worker
user_0945,Sports,Traveling,Associate's,36,"Cooking,UI/UX Design,Weightlifting",7,5,6,6,7,4,8,Journalist
user_0946,Gardening,Pottery,Doctorate,44,"First Aid,AI Prompt Engineering,Foreign Languages,Driving",8,5,6,7,7,7,6,Cybersecurity Specialist
user_0947,Gardening,Hiking,Bachelor's,55,"Data Analysis,Empathy,Weightlifting",10,5,7,6,5,4,3,Architect
user_0948,Photography,Knitting,Bachelor's,63,"UI/UX Design,Time Management,Electrical Repair,Singing",7,10,6,5,1,5,9,Construction Worker
user_0949,Meditation,Running,Bachelor's,18,"Photography,Research",6,6,4,9,2,4,8,AI Engineer
user_0950,Reading,Hiking,Associate's,21,"Financial Literacy,Writing,AI Prompt Engineering,Data Analysis,Foreign Languages",6,7,3,6,2,6,8,Sales Representative
user_0951,Languages,Gardening,High School,22,"Data Analysis,Singing,First Aid,Project Management",9,7,8,4,7,5,6,Environmental Scientist
user_0952,Animals,Volunteering,Bachelor's,36,"Leadership,Empathy,Public Speaking",4,6,5,5,5,4,8,Elementary Teacher
user_0953,Photography,Collecting Stamps,Vocational,22,"UI/UX Design,Creativity,Graphic Design",6,10,6,10,2,6,9,Graphic Designer
user_0954,Cooking,Origami,Vocational,32,"Data Analysis,Programming,Digital Marketing,Driving",9,9,1,5,6,4,4,Biomedical Engineer
user_0955,Dancing,Rock Climbing,High School,44,"Electrical Repair,Project Management,Empathy,Weightlifting,Video Editing",7,7,10,5,6,6,7,Electrician
user_0956,Languages,Origami,Master's,39,"Programming,Writing,Leadership,AI Prompt Engineering",9,5,7,6,5,7,7,Lawyer
user_0957,Meditation,Scuba Diving,Doctorate,42,"Research,Video Editing,Photography",5,6,4,8,4,6,7,Biomedical Engineer
user_0958,Photography,Knitting,Master's,48,"Driving,UI/UX Design",8,4,6,2,6,5,8,Statistician
user_0959,Technology,Knitting,High School,49,"Empathy,Electrical Repair,UI/UX Design,Foreign Languages,Graphic Design",10,2,4,7,7,8,5,Construction Worker
user_0960,Cooking,Cooking,Vocational,55,"Conflict Resolution,Public Speaking,Video Editing",9,7,5,7,5,6,5,Pilot
user_0961,Gaming,Gardening,Associate's,23,"Electrical Repair,Project Management,Critical Thinking,Conflict Resolution",2,9,4,5,5,6,4,HR Manager
user_0962,Writing,Playing Guitar,High School,57,"Time Management,Financial Literacy",5,9,4,4,3,3,8,Social Worker
user_0963,Technology,Video Gaming,High School,30,"Data Analysis,Programming",6,7,4,7,2,5,7,Software Engineer
user_0964,Languages,Reading,Associate's,28,"Leadership,Robotics,Programming,Weightlifting",10,7,3,4,4,7,9,Electrician
user_0965,Acting,Playing Guitar,Master's,41,"Electrical Repair,Digital Marketing,Carpentry,Cybersecurity",3,8,4,6,3,7,7,Plumber
user_0966,Music,Yoga,Bachelor's,51,"Driving,Sewing,Video Editing,Singing,Empathy",10,6,7,9,6,4,9,Civil Engineer
user_0967,Meditation,Baking,Bachelor's,34,"Carpentry,Leadership,Conflict Resolution,Writing,Project Management",5,7,6,9,4,6,4,HR Manager
user_0968,Chess,Swimming,Bachelor's,42,"Negotiation,Programming,Cooking,Writing",9,5,5,4,6,7,8,Biomedical Engineer
user_0969,Environment,Baking,Vocational,59,"Video Editing,Digital Marketing,Project Management,Programming",5,5,5,4,2,10,2,Actor
user_0970,Chess,Hiking,Bachelor's,26,"Public Speaking,Digital Marketing,Project Management,Weightlifting,Financial Literacy",6,7,7,5,3,6,7,Construction Worker
user_0971,Cars,Rock Climbing,Bachelor's,22,"Negotiation,Robotics,Leadership,Singing",9,6,8,6,5,5,9,Statistician
user_0972,Magic,Pottery,Vocational,18,"Project Management,Empathy",6,9,2,5,5,4,9,Chef
user_0973,Music,Video Gaming,Bachelor's,39,"Negotiation,AI Prompt Engineering,Cooking,Critical Thinking,Public Speaking",6,8,9,6,2,6,7,Construction Worker
user_0974,Fitness,Fitness,Bachelor's,46,"First Aid,Critical Thinking,Empathy",4,8,8,7,7,5,5,Registered Nurse
user_0975,Photography,Gardening,High School,37,"Project Management,Photography",5,6,6,6,4,4,6,AI Engineer
user_0976,Sports,Traveling,Vocational,18,"Carpentry,Conflict Resolution",8,5,5,7,5,7,9,Sales Representative
user_0977,Film,Bird Watching,High School,23,"Research,Weightlifting,Cooking,AI Prompt Engineering,Empathy",6,3,7,7,6,6,8,UX Designer
user_0978,Film,Fishing,Master's,27,"Research,AI Prompt Engineering,Sewing,Weightlifting",1,8,1,5,3,5,6,Journalist
user_0979,Fitness,Bird Watching,Doctorate,43,"Time Management,Critical Thinking",5,9,2,6,1,7,8,Social Worker
user_0980,Chess,Painting,High School,62,"Foreign Languages,Empathy,Video Editing,Time Management",8,8,9,4,3,4,5,Farm Worker
user_0981,Film,Photography,Associate's,21,"Video Editing,Robotics,Foreign Languages,Project Management,Writing",7,7,10,7,6,6,7,UX Designer
user_0982,Astronomy,Traveling,Bachelor's,55,"Video Editing,Foreign Languages,Conflict Resolution",5,6,4,7,3,6,6,Statistician
user_0983,Gardening,Meditation,Bachelor's,23,"Graphic Design,Research",6,8,2,5,3,3,5,Biomedical Engineer
user_0984,Cooking,Yoga,Associate's,44,"First Aid,Empathy,Critical Thinking",3,7,4,6,7,4,7,Registered Nurse
user_0985,Volunteering,Reading,Associate's,28,"First Aid,Critical Thinking,Empathy",4,9,6,7,4,7,9,Registered Nurse
user_0986,Fashion,Photography,Bachelor's,21,"Creativity,Graphic Design,UI/UX Design",5,7,5,5,3,6,8,Graphic Designer
user_0987,Magic,Playing Guitar,Associate's,60,"Photography,Digital Marketing,Electrical Repair,Project Management",6,8,4,4,4,2,8,Actor
user_0988,Reading,Photography,Associate's,42,"Public Speaking,Empathy,Leadership",9,3,6,9,6,6,9,Elementary Teacher
user_0989,Art,Dancing,Vocational,43,"Negotiation,Graphic Design,Public Speaking",8,7,2,6,5,6,8,Journalist
user_0990,Psychology,Rock Climbing,Associate's,46,"Robotics,Cooking,Empathy",7,9,3,5,3,5,7,Actor
user_0991,Writing,Bird Watching,Associate's,27,"Weightlifting,Project Management",6,9,3,6,5,7,4,Lawyer
user_0992,Art,Board Games,High School,58,"Cybersecurity,Cooking,Research,AI Prompt Engineering",10,7,6,7,5,8,4,Lawyer
user_0993,Acting,Fishing,Doctorate,60,"Leadership,Video Editing,Weightlifting,Time Management",4,8,1,7,4,7,8,Financial Analyst
user_0994,Fitness,Running,Bachelor's,20,"Cooking,Programming,Foreign Languages,Time Management",5,6,9,4,4,7,6,Architect
user_0995,Gardening,Singing,Master's,32,"First Aid,Critical Thinking,Weightlifting,Financial Literacy,Conflict Resolution",5,10,7,8,3,5,5,UX Designer
user_0996,Photography,Gardening,Vocational,46,"Video Editing,Programming,Foreign Languages",8,8,7,4,4,7,4,Social Worker
user_0997,Collecting,Baking,Doctorate,37,"Writing,Time Management",3,7,6,6,6,4,6,Social Worker
user_0998,DIY,Fishing,Vocational,52,"Programming,Driving,Foreign Languages",4,9,5,6,6,8,6,Architect
user_0999,DIY,Baking,Associate's,28,"Driving,First Aid,Foreign Languages,Carpentry",7,7,4,6,3,7,9,UX Designer
user_1000,Psychology,Running,Doctorate,22,"Project Management,Conflict Resolution",8,8,4,3,5,4,7,Architect
user_1001,Fashion,Fishing,High School,50,"Leadership,Data Analysis,Writing,Driving,AI Prompt Engineering",5,2,6,2,6,3,7,Environmental Scientist
user_1002,Cooking,Drawing,Bachelor's,44,"Creativity,Graphic Design,UI/UX Design",7,7,2,9,7,4,3,Graphic Designer
user_1003,Environment,Video Gaming,Bachelor's,38,"Photography,Weightlifting,Public Speaking,Electrical Repair",4,1,10,6,1,6,6,Architect
user_1004,Volunteering,Running,High School,55,"Writing,Singing,Empathy",6,2,10,1,6,4,5,Biomedical Engineer
user_1005,Acting,Scuba Diving,Associate's,42,"First Aid,Cooking,Conflict Resolution",7,2,9,6,2,8,5,Dentist
user_1006,Writing,Rock Climbing,Vocational,51,"Negotiation,Data Analysis",2,5,6,6,2,3,10,HR Manager
user_1007,Environment,Running,Master's,23,"UI/UX Design,Singing,Driving,Critical Thinking",2,7,1,5,7,2,6,Cybersecurity Specialist
user_1008,Reading,Volunteering,Bachelor's,38,"Leadership,Public Speaking",2,6,3,3,10,2,1,Elementary Teacher
user_1009,Gaming,Reading,Bachelor's,37,"Programming,Data Analysis,Critical Thinking",4,10,7,4,9,5,6,Software Engineer
user_1010,History,Rock Climbing,High School,63,"First Aid,Financial Literacy,AI Prompt Engineering,Writing,Programming",2,7,10,4,5,3,10,Electrician
user_1011,DIY,Gardening,Doctorate,22,"Project Management,Photography,First Aid,Data Analysis,Time Management",1,4,2,1,7,2,6,Electrician
user_1012,Entrepreneurship,Writing,Master's,61,"Electrical Repair,Driving,Photography,Conflict Resolution",3,4,7,6,4,4,8,Lawyer
user_1013,Cooking,Gardening,High School,65,"Leadership,Critical Thinking,Photography,Foreign Languages,Data Analysis",5,3,5,5,3,7,1,Farm Worker
user_1014,Photography,Video Gaming,Vocational,62,"Robotics,Writing,Video Editing,First Aid",3,8,4,8,3,1,4,Journalist
user_1015,DIY,Dancing,Master's,34,"First Aid,Conflict Resolution",9,5,7,1,2,10,2,Marketing Manager
user_1016,Magic,Pottery,Vocational,58,"Leadership,Programming,Project Management,Cooking,Sewing",9,7,10,6,1,8,4,Actor
user_1017,Cars,Knitting,Doctorate,56,"Data Analysis,Video Editing,Writing,AI Prompt Engineering",4,4,6,1,6,6,8,Financial Analyst
user_1018,Technology,Video Gaming,High School,28,"Critical Thinking,Programming,Data Analysis",9,8,3,4,4,4,6,Software Engineer
user_1019,Cars,Meditation,Bachelor's,31,"Cooking,UI/UX Design",4,10,2,2,5,10,9,Marketing Manager
user_1020,Meditation,Bird Watching,Vocational,44,"Data Analysis,Graphic Design,Leadership,Time Management",4,10,5,1,7,6,6,UX Designer
user_1021,Sports,Hiking,Vocational,28,"Empathy,Public Speaking,Carpentry",4,4,4,3,5,8,1,Dentist
user_1022,Cars,Board Games,Associate's,61,"Project Management,Cybersecurity,Graphic Design,Robotics,Weightlifting",3,8,7,1,3,6,1,Construction Worker
user_1023,Dancing,Board Games,Doctorate,46,"Critical Thinking,Programming,Data Analysis",3,10,9,10,4,8,7,Data Scientist
user_1024,Magic,Baking,High School,30,"Critical Thinking,Video Editing,Sewing,Singing,Electrical Repair",2,10,2,3,1,4,9,Financial Analyst
user_1025,Cooking,Running,Vocational,26,"UI/UX Design,Public Speaking,Leadership",10,9,2,4,9,9,2,Social Worker
user_1026,Acting,Singing,Vocational,20,"Writing,Conflict Resolution,Robotics,Photography,Project Management",4,2,9,3,10,8,2,Architect
user_1027,Gardening,Reading,High School,18,"Sewing,Driving",1,1,2,6,3,10,2,Plumber
user_1028,Fitness,Volunteering,Associate's,42,"First Aid,Empathy,Critical Thinking",5,5,3,2,9,3,10,Registered Nurse
user_1029,Cooking,Singing,Associate's,50,"Cooking,Video Editing",8,1,9,7,8,1,1,Civil Engineer
user_1030,Gardening,Photography,Associate's,64,"Leadership,Project Management,Video Editing,Time Management",2,4,7,3,5,9,4,Journalist
user_1031,DIY,Gardening,Master's,63,"Financial Literacy,Writing",1,7,4,4,7,10,10,AI Engineer
user_1032,Art,Gardening,Bachelor's,28,"Graphic Design,UI/UX Design,Creativity",5,3,9,8,8,4,9,Graphic Designer
user_1033,Acting,Writing,High School,27,"AI Prompt Engineering,Driving,Critical Thinking,Empathy,Carpentry",9,10,5,7,5,3,1,Electrician
user_1034,Volunteering,Rock Climbing,Bachelor's,40,"Empathy,Public Speaking,Leadership",6,5,1,3,7,4,6,Elementary Teacher
user_1035,Entrepreneurship,Yoga,Bachelor's,35,"Leadership,Time Management,Robotics,UI/UX Design",1,4,2,6,4,9,9,Pilot
user_1036,Psychology,Gardening,Doctorate,62,"Public Speaking,Critical Thinking,Driving,Financial Literacy",1,5,4,4,4,4,6,Cybersecurity Specialist
user_1037,Photography,Astronomy,Vocational,24,"Data Analysis,Cybersecurity",10,8,9,8,2,9,1,Mechanic
user_1038,Acting,Knitting,Doctorate,38,"Public Speaking,Weightlifting,Foreign Languages",1,2,2,10,9,8,6,Financial Analyst
user_1039,Music,Reading,Vocational,31,"Research,Programming",10,2,6,7,2,9,3,Statistician
user_1040,Psychology,Bird Watching,Associate's,64,"Robotics,AI Prompt Engineering,Data Analysis,Empathy",7,1,10,4,7,6,10,Journalist
user_1041,Dancing,Rock Climbing,Master's,58,"Data Analysis,Singing,Critical Thinking,Digital Marketing",4,7,9,8,6,1,10,Actor
user_1042,Volunteering,Painting,High School,33,"First Aid,Cooking,Foreign Languages,Graphic Design,UI/UX Design",1,5,3,9,9,7,1,Biomedical Engineer
user_1043,Languages,Baking,High School,51,"Data Analysis,Empathy",3,7,1,1,4,1,9,Lawyer
user_1044,Acting,Writing,Bachelor's,22,"Empathy,Photography,Data Analysis,Carpentry",4,5,6,6,1,7,9,AI Engineer
user_1045,Environment,Running,Doctorate,27,"Leadership,Robotics,First Aid",5,1,2,4,5,9,1,Lawyer
user_1046,Film,Traveling,Master's,65,"Foreign Languages,Public Speaking,Photography",4,6,10,2,1,2,6,Plumber
user_1047,Psychology,Photography,Associate's,36,"UI/UX Design,Programming,Cybersecurity",8,5,10,3,7,10,10,Sales Representative
user_1048,History,Board Games,Master's,65,"Graphic Design,Weightlifting,Leadership,Critical Thinking,Project Management",9,6,10,7,10,4,3,Journalist
user_1049,History,Astronomy,Vocational,29,"Data Analysis,Carpentry,Robotics",4,5,3,7,7,10,9,Sales Representative
user_1050,Cars,Cycling,Bachelor's,44,"Financial Literacy,Electrical Repair",3,4,5,9,4,9,10,AI Engineer
user_1051,Chess,Running,High School,36,"Weightlifting,Negotiation",7,2,3,10,10,7,6,Dentist
user_1052,Acting,Swimming,Doctorate,35,"Research,Singing",7,10,7,6,7,2,4,Dentist
user_1053,Volunteering,Fishing,Master's,39,"First Aid,Robotics",4,5,7,9,3,4,10,Actor
user_1054,Photography,Reading,High School,60,"AI Prompt Engineering,Video Editing,UI/UX Design,Weightlifting,Graphic Design",1,2,7,9,4,2,2,Environmental Scientist
user_1055,Art,Collecting Stamps,Doctorate,35,"Critical Thinking,Financial Literacy",10,2,6,1,8,7,3,Social Worker
user_1056,Technology,Playing Guitar,Doctorate,35,"Programming,Weightlifting,Writing,Electrical Repair",8,10,5,7,3,1,8,Mechanic
user_1057,Technology,Chess,Master's,34,"Programming,Data Analysis",5,1,7,9,9,5,2,Software Engineer
user_1058,Gardening,Dancing,Doctorate,28,"Negotiation,UI/UX Design,Video Editing",2,8,9,2,8,1,4,UX Designer
user_1059,Reading,Pottery,Master's,30,"Empathy,Leadership,Public Speaking",2,4,4,8,2,9,5,Elementary Teacher
user_1060,Entrepreneurship,Gardening,Bachelor's,49,"Critical Thinking,Empathy,First Aid",8,4,5,2,7,8,9,Registered Nurse
user_1061,Cooking,Chess,Master's,27,"Data Analysis,Programming,Critical Thinking",3,10,9,6,8,10,8,Data Scientist
user_1062,Photography,Photography,Bachelor's,43,"Creativity,UI/UX Design",7,2,8,8,1,7,8,Graphic Designer
user_1063,Gaming,Painting,High School,60,"Carpentry,Digital Marketing,Financial Literacy",6,6,3,2,7,6,1,AI Engineer
user_1064,DIY,Photography,Master's,59,"Graphic Design,Time Management,Project Management",6,10,7,8,10,1,9,Civil Engineer
user_1065,Fitness,Astronomy,Master's,19,"Project Management,Weightlifting,UI/UX Design",1,6,1,10,4,9,7,Architect
user_1066,Collecting,Baking,Master's,50,"Financial Literacy,Graphic Design",5,6,8,9,9,8,1,Psychologist
user_1067,Entrepreneurship,Bird Watching,Vocational,52,"Programming,UI/UX Design,AI Prompt Engineering",8,5,7,2,10,2,8,Farm Worker
user_1068,History,Meditation,Bachelor's,50,"Cybersecurity,Conflict Resolution,Project Management,Robotics,Cooking",9,10,4,8,1,9,6,Plumber
user_1069,Sports,Origami,High School,60,"Sewing,Video Editing,Empathy,AI Prompt Engineering",6,8,10,1,1,2,3,HR Manager
user_1070,Photography,Photography,Associate's,39,"Graphic Design,UI/UX Design,Creativity",9,10,5,7,4,4,9,Graphic Designer
user_1071,Film,Traveling,Associate's,29,"Empathy,UI/UX Design,Writing,Carpentry",6,7,3,10,3,7,10,Dentist
user_1072,Collecting,Pottery,High School,53,"Negotiation,Programming,Financial Literacy,Writing,Leadership",5,7,9,6,1,10,6,Electrician
user_1073,History,Cycling,Doctorate,50,"UI/UX Design,Robotics",2,8,10,8,3,1,4,Journalist
user_1074,Technology,Hiking,Bachelor's,37,"Cooking,Critical Thinking",8,2,6,6,4,2,4,Cybersecurity Specialist
user_1075,Reading,Volunteering,Master's,39,"Leadership,Public Speaking",5,2,1,6,3,8,7,Elementary Teacher
user_1076,Volunteering,Volunteering,Vocational,37,"First Aid,Critical Thinking,Empathy",3,3,6,9,7,7,1,Registered Nurse
user_1077,Fitness,Rock Climbing,Vocational,26,"Cybersecurity,Cooking,Leadership,Empathy,Weightlifting",5,9,6,10,7,6,6,Marketing Manager
user_1078,Dancing,Photography,Doctorate,45,"Programming,Project Management,UI/UX Design,Conflict Resolution",1,1,1,3,5,6,4,UX Designer
user_1079,Gardening,Photography,Vocational,18,"Cooking,Writing,Public Speaking,Leadership",4,7,9,3,2,5,5,Plumber
user_1080,Psychology,Bird Watching,Vocational,49,"Foreign Languages,Electrical Repair,Weightlifting",8,5,7,3,1,3,6,Biomedical Engineer
user_1081,Languages,Singing,Vocational,63,"Empathy,Project Management",4,2,3,4,10,3,1,Financial Analyst
user_1082,Photography,Swimming,Associate's,49,"Photography,Cybersecurity,Singing",8,6,1,9,3,8,7,Social Worker
user_1083,Gardening,Chess,Doctorate,41,"Writing,Project Management,Video Editing,Conflict Resolution",10,1,6,3,10,2,9,Farm Worker
user_1084,Collecting,Cooking,Doctorate,46,"Financial Literacy,Writing",3,2,8,4,4,8,4,Architect
user_1085,Animals,Meditation,Master's,31,"Weightlifting,Carpentry,Data Analysis,Empathy,Foreign Languages",6,10,2,5,4,9,9,Civil Engineer
user_1086,Chess,Running,Vocational,38,"First Aid,Foreign Languages,Data Analysis,Writing",8,8,4,3,7,5,4,Plumber
user_1087,Psychology,Baking,High School,29,"AI Prompt Engineering,Robotics,Conflict Resolution,Time Management,Electrical Repair",1,3,10,3,8,2,3,Biomedical Engineer
user_1088,Dancing,Hiking,Bachelor's,63,"Project Management,Time Management,Singing,UI/UX Design",9,4,3,3,1,2,3,Mechanic
user_1089,Art,Chess,Master's,49,"Leadership,Conflict Resolution,Time Management,Electrical Repair,Negotiation",4,6,9,6,3,4,9,Statistician
user_1090,Magic,Knitting,Doctorate,23,"Data Analysis,Electrical Repair,Graphic Design,Negotiation",3,4,10,2,1,3,10,Electrician
user_1091,Sports,Skiing,Doctorate,50,"Public Speaking,AI Prompt Engineering,Robotics",4,1,10,7,8,2,4,Pilot
user_1092,Fitness,Hiking,Doctorate,51,"Critical Thinking,Empathy,First Aid",2,10,2,2,2,7,7,Registered Nurse
user_1093,Acting,Baking,Associate's,60,"UI/UX Design,Digital Marketing,Photography,AI Prompt Engineering,Empathy",4,1,5,10,4,7,7,Farm Worker
user_1094,Volunteering,Cycling,Vocational,36,"Data Analysis,Graphic Design,Critical Thinking",1,9,7,9,3,6,1,Environmental Scientist
user_1095,Music,Singing,Master's,30,"Negotiation,Empathy,Video Editing,Robotics",2,1,4,10,10,6,3,Civil Engineer
user_1096,Sports,Hiking,Bachelor's,40,"Singing,Negotiation,Video Editing,Critical Thinking",3,4,1,5,2,3,1,Civil Engineer
user_1097,Fashion,Painting,Master's,21,"UI/UX Design,Graphic Design,Creativity",7,10,1,7,4,3,3,Graphic Designer
user_1098,Chess,Writing,Doctorate,59,"Digital Marketing,Cybersecurity",5,1,4,1,2,1,10,Cybersecurity Specialist
user_1099,Languages,Yoga,Master's,22,"Electrical Repair,Time Management,Driving,Sewing",6,6,5,7,3,4,5,Statistician
user_1100,Art,Crafts,Vocational,23,"Empathy,Public Speaking,Leadership",8,7,5,2,8,3,7,Elementary Teacher
user_1101,Dancing,Painting,Master's,19,"Cooking,Cybersecurity",1,8,2,4,9,1,7,Farm Worker
user_1102,Reading,Board Games,Doctorate,33,"Programming,Data Analysis",2,4,1,1,10,7,3,Data Scientist
user_1103,Sports,Bird Watching,High School,31,"Singing,Programming",6,4,4,10,7,3,8,Biomedical Engineer
user_1104,Writing,Pottery,Vocational,26,"Programming,Public Speaking,First Aid,Video Editing,Foreign Languages",7,2,5,6,10,1,2,Sales Representative
user_1105,Sports,Gardening,High School,65,"Time Management,Digital Marketing,Singing,Sewing",9,2,10,5,10,1,6,UX Designer
user_1106,Volunteering,Gardening,Master's,37,"UI/UX Design,Video Editing,Research,AI Prompt Engineering,Leadership",8,4,2,4,8,10,8,Biomedical Engineer
user_1107,Magic,Knitting,High School,27,"Writing,Critical Thinking,Public Speaking",8,8,10,5,4,4,3,Lawyer
user_1108,Animals,Meditation,High School,57,"Research,Programming,Graphic Design,Cybersecurity,Robotics",5,3,7,3,1,4,8,Chef
user_1109,Art,Singing,Vocational,60,"Financial Literacy,Research",5,2,9,2,4,6,10,Lawyer
user_1110,Dancing,Photography,Bachelor's,19,"UI/UX Design,Driving,Leadership,Programming",2,9,7,5,5,9,3,Statistician
user_1111,Fashion,Pottery,Associate's,46,"Singing,Carpentry",1,1,5,9,1,7,8,Sales Representative
user_1112,Entrepreneurship,Skiing,Master's,40,"Critical Thinking,Programming,Data Analysis",10,7,9,9,3,8,7,Data Scientist
user_1113,Psychology,Cycling,Associate's,23,"Data Analysis,Negotiation,Foreign Languages,Public Speaking,Writing",9,4,3,8,5,9,9,Electrician
user_1114,Collecting,Astronomy,Doctorate,60,"Carpentry,Critical Thinking,Financial Literacy,Public Speaking,Weightlifting",10,7,5,10,7,7,9,Actor
user_1115,Fitness,Painting,High School,46,"Project Management,Singing",6,2,7,3,3,6,10,Social Worker
user_1116,Animals,Astronomy,Vocational,35,"Singing,Cybersecurity,Leadership,Digital Marketing,AI Prompt Engineering",1,7,3,5,7,8,3,Social Worker
user_1117,Meditation,Photography,High School,37,"Photography,Robotics",2,10,4,6,10,3,4,Biomedical Engineer
user_1118,Cooking,Playing Guitar,High School,34,"Singing,Leadership,Data Analysis,Video Editing",6,1,3,6,5,5,8,Psychologist
user_1119,Art,Rock Climbing,Vocational,62,"First Aid,Programming,Research,Time Management",7,7,2,8,8,2,9,Journalist
user_1120,Gaming,Traveling,Doctorate,18,"Electrical Repair,Robotics,Singing,Project Management,Data Analysis",5,2,8,5,7,9,2,Architect
user_1121,Reading,Collecting Stamps,Doctorate,52,"Cybersecurity,Time Management,Video Editing",10,9,8,5,9,7,10,Architect
user_1122,Film,Gardening,High School,25,"Empathy,AI Prompt Engineering,Driving",3,1,8,6,4,7,1,Actor
user_1123,Meditation,Collecting Stamps,Master's,53,"Photography,Foreign Languages,Cooking,Digital Marketing,Cybersecurity",3,2,9,10,5,6,6,Electrician
user_1124,Cars,Skiing,Master's,37,"Critical Thinking,Leadership,Time Management",5,3,1,5,7,7,5,Biomedical Engineer
user_1125,Languages,Swimming,Associate's,28,"Robotics,Research",5,6,7,6,8,8,6,Psychologist
user_1126,Languages,Pottery,Master's,19,"Project Management,Digital Marketing,Conflict Resolution,Research,Negotiation",5,7,7,3,3,7,6,Financial Analyst
user_1127,Photography,Traveling,High School,18,"Carpentry,Conflict Resolution,Data Analysis,Project Management,Critical Thinking",3,8,7,8,8,5,7,Construction Worker
user_1128,Psychology,Reading,Master's,50,"Critical Thinking,Programming,Data Analysis",1,9,1,2,8,10,9,Data Scientist
user_1129,Photography,Painting,Bachelor's,34,"UI/UX Design,Creativity",5,3,7,2,3,2,3,Graphic Designer
user_1130,Reading,Dancing,Doctorate,55,"Conflict Resolution,Sewing,Singing,Public Speaking,Electrical Repair",9,6,3,6,5,9,3,Electrician
user_1131,Sports,Dancing,Associate's,21,"Driving,Foreign Languages",5,5,6,5,8,6,3,Statistician
user_1132,Environment,Running,Master's,65,"Driving,AI Prompt Engineering,Empathy,Robotics,Graphic Design",8,8,7,4,4,5,3,Chef
user_1133,Cooking,Singing,High School,48,"Cybersecurity,Programming,Financial Literacy,Singing",1,2,10,7,4,1,5,Dentist
user_1134,Gaming,Pottery,Vocational,35,"Cooking,Conflict Resolution,Digital Marketing",5,1,1,2,9,2,7,Mechanic
user_1135,Cooking,Chess,Associate's,34,"First Aid,Foreign Languages,Public Speaking,Robotics",9,4,9,6,2,8,10,Construction Worker
user_1136,Cars,Collecting Stamps,High School,27,"Leadership,Driving,First Aid,Conflict Resolution,Singing",7,10,10,10,7,10,9,Electrician
user_1137,Psychology,Painting,Bachelor's,24,"Robotics,Electrical Repair,Driving,Project Management",5,7,4,1,2,10,9,Sales Representative
user_1138,Photography,Meditation,Bachelor's,28,"Digital Marketing,Time Management,Research",2,3,2,9,8,1,7,Journalist
user_1139,Animals,Running,Vocational,28,"Data Analysis,Public Speaking,Robotics",2,1,3,4,3,1,1,HR Manager
user_1140,Fitness,Fitness,Associate's,46,"Empathy,First Aid",5,4,6,7,2,5,1,Registered Nurse
user_1141,Environment,Gardening,Bachelor's,35,"Research,Sewing,Conflict Resolution,Singing,Financial Literacy",3,4,6,5,7,10,6,Social Worker
user_1142,Cooking,Reading,Associate's,35,"Empathy,Time Management,Video Editing,Electrical Repair",2,6,1,1,7,7,7,UX Designer
user_1143,Collecting,Photography,Doctorate,23,"Critical Thinking,Programming,Research",8,9,6,2,7,10,10,Chef
user_1144,Environment,Running,Vocational,45,"Singing,Photography,Critical Thinking,Project Management,Video Editing",9,10,10,10,7,3,7,Construction Worker
user_1145,Gaming,Pottery,Doctorate,54,"Writing,Leadership",8,10,2,6,1,6,10,Architect
user_1146,Entrepreneurship,Reading,Doctorate,56,"Project Management,Programming,Graphic Design",3,7,6,8,9,10,9,Statistician
user_1147,Chess,Meditation,Associate's,26,"Research,Electrical Repair",6,6,9,6,2,8,8,Environmental Scientist
user_1148,Cooking,Astronomy,High School,24,"First Aid,Graphic Design,AI Prompt Engineering",10,7,3,7,5,3,3,Biomedical Engineer
user_1149,Art,Astronomy,Doctorate,34,"First Aid,UI/UX Design,Project Management,Data Analysis",9,6,5,6,8,1,6,Farm Worker
user_1150,Collecting,Dancing,Bachelor's,18,"Empathy,Public Speaking",2,7,4,6,7,5,1,Plumber
user_1151,Cooking,Traveling,Master's,57,"Weightlifting,Empathy,Research,First Aid",1,1,2,8,9,9,3,Social Worker
user_1152,Entrepreneurship,Chess,High School,25,"Critical Thinking,Data Analysis,Programming",2,10,6,1,10,3,8,Data Scientist
user_1153,Technology,Playing Guitar,Bachelor's,21,"Photography,Public Speaking,Electrical Repair",2,7,10,6,1,1,8,Mechanic
user_1154,Fitness,Playing Guitar,Doctorate,27,"Foreign Languages,Time Management,Singing,Photography,Conflict Resolution",7,6,3,10,5,5,8,HR Manager
user_1155,Languages,Yoga,Master's,23,"Weightlifting,Sewing,Empathy",2,1,5,6,1,3,6,Financial Analyst
user_1156,Fitness,Hiking,Doctorate,41,"First Aid,Leadership,Sewing,Weightlifting,Robotics",4,6,3,7,9,1,7,Statistician
user_1157,Gaming,Playing Guitar,Doctorate,34,"UI/UX Design,Singing,Leadership,Photography",9,5,3,6,4,7,5,Sales Representative
user_1158,Meditation,Video Gaming,Associate's,63,"Video Editing,Negotiation",8,10,6,6,2,6,7,Farm Worker
user_1159,Magic,Fishing,Associate's,24,"Writing,Financial Literacy",5,1,10,2,4,2,2,Architect
user_1160,Gardening,Astronomy,Associate's,63,"Driving,Video Editing,Public Speaking,Cybersecurity,Carpentry",3,1,7,10,6,4,6,Civil Engineer
user_1161,Chess,Fishing,Master's,40,"Programming,Carpentry",7,1,2,6,2,6,4,Farm Worker
user_1162,Volunteering,Reading,Bachelor's,34,"Critical Thinking,Empathy",6,10,6,1,4,2,1,Registered Nurse
user_1163,Psychology,Origami,Master's,25,"First Aid,Negotiation",3,1,4,7,1,9,10,Financial Analyst
user_1164,Cars,Fishing,Master's,57,"Singing,Negotiation,Sewing",4,6,10,6,3,1,6,Electrician
user_1165,Music,Skiing,High School,43,"UI/UX Design,Robotics,Singing,Public Speaking,Graphic Design",9,7,8,8,5,1,4,Sales Representative
user_1166,Fitness,Yoga,Master's,62,"Conflict Resolution,Digital Marketing,Programming,Video Editing",8,8,7,3,6,6,1,Plumber
user_1167,Gardening,Chess,Vocational,43,"Critical Thinking,Data Analysis,Electrical Repair",9,5,3,10,1,3,10,AI Engineer
user_1168,Technology,Reading,Master's,43,"Critical Thinking,Programming",1,9,9,7,9,5,4,Software Engineer
user_1169,Languages,Painting,Master's,18,"Weightlifting,Driving,Cooking,UI/UX Design",8,6,10,9,9,8,6,Electrician
user_1170,Cooking,Knitting,High School,32,"Foreign Languages,Driving,Research",3,1,3,8,6,6,9,Chef
user_1171,Music,Traveling,Bachelor's,25,"Research,Negotiation",3,4,9,1,3,4,7,Civil Engineer
user_1172,Dancing,Pottery,Master's,49,"Driving,Negotiation",10,2,7,2,2,9,7,Actor
user_1173,Animals,Origami,Associate's,54,"Cybersecurity,Writing,Carpentry,Data Analysis,Video Editing",9,9,1,1,6,4,8,Mechanic
user_1174,Volunteering,Traveling,Master's,48,"Research,Leadership,First Aid",6,5,1,2,9,3,3,Civil Engineer
user_1175,Fitness,Running,Vocational,58,"Project Management,Driving,Public Speaking",5,2,5,5,8,5,4,Biomedical Engineer
user_1176,Psychology,Hiking,Doctorate,18,"Empathy,Financial Literacy,Programming",3,1,4,1,5,3,4,Biomedical Engineer
user_1177,Technology,Scuba Diving,Vocational,20,"Leadership,Graphic Design,Foreign Languages",6,1,7,5,7,4,1,Electrician
user_1178,Entrepreneurship,Origami,Master's,24,"Project Management,Sewing,Graphic Design",1,3,10,2,7,2,8,Construction Worker
user_1179,Dancing,Astronomy,High School,34,"Robotics,Empathy,Singing",5,2,10,7,7,3,3,Financial Analyst
user_1180,Art,Dancing,Bachelor's,53,"Robotics,Foreign Languages,UI/UX Design,Video Editing",8,1,7,4,7,3,2,Social Worker
user_1181,Fitness,Board Games,Associate's,37,"Electrical Repair,Foreign Languages",7,4,5,10,4,4,10,Sales Representative
user_1182,Travel,Painting,Vocational,42,"Foreign Languages,Weightlifting,Robotics",2,2,5,3,5,4,7,Farm Worker
user_1183,Volunteering,Rock Climbing,Master's,58,"Singing,Empathy",8,10,10,2,10,7,3,Dentist
user_1184,Travel,Running,Associate's,33,"Empathy,Critical Thinking,Electrical Repair",3,6,1,6,9,4,4,Electrician
user_1185,Meditation,Dancing,Doctorate,51,"Video Editing,Programming,Negotiation,Empathy,First Aid",6,8,7,10,5,8,6,HR Manager
user_1186,Reading,Dancing,Master's,48,"Video Editing,UI/UX Design,Empathy,AI Prompt Engineering",9,7,2,7,4,5,3,Electrician
user_1187,Magic,Reading,Master's,39,"Leadership,Graphic Design,Robotics,Cooking",3,7,10,3,6,6,10,HR Manager
user_1188,Gaming,Dancing,Bachelor's,30,"Critical Thinking,Programming",5,1,5,9,10,4,4,Software Engineer
user_1189,Languages,Gardening,Bachelor's,54,"Digital Marketing,Driving,Sewing,Electrical Repair,Data Analysis",1,1,9,2,8,9,6,HR Manager
user_1190,Entrepreneurship,Cooking,Doctorate,32,"Data Analysis,Programming,Critical Thinking",5,5,8,1,2,8,4,Data Scientist
user_1191,Fashion,Video Gaming,Bachelor's,26,"Video Editing,Driving,Cooking,Foreign Languages,Photography",4,8,1,2,5,1,1,Statistician
user_1192,Cars,Pottery,Doctorate,20,"Programming,UI/UX Design",3,8,3,3,2,5,3,Psychologist
user_1193,Photography,Meditation,Doctorate,25,"Sewing,Video Editing,Leadership",2,8,3,1,4,2,4,Chef
user_1194,Art,Painting,Bachelor's,45,"Creativity,Graphic Design",6,10,6,4,4,3,3,Graphic Designer
user_1195,Cooking,Reading,Associate's,41,"Cybersecurity,Robotics,Weightlifting,Research,Digital Marketing",6,4,3,4,7,7,2,Biomedical Engineer
user_1196,Fashion,Gardening,Master's,29,"AI Prompt Engineering,Writing,Research,Data Analysis,Sewing",9,3,4,7,1,2,1,Architect
user_1197,Chess,Running,Doctorate,53,"Cybersecurity,Graphic Design,Conflict Resolution",8,7,5,9,5,7,8,Electrician
user_1198,Psychology,Painting,Vocational,28,"Financial Literacy,Data Analysis",10,5,5,3,6,9,10,Financial Analyst
user_1199,Fashion,Photography,Doctorate,21,"Graphic Design,Creativity,UI/UX Design",2,2,9,1,5,7,8,Graphic Designer
user_1200,Gaming,Yoga,High School,59,"Project Management,Programming,Weightlifting,Driving",2,4,7,3,7,1,9,Plumber
user_1201,Reading,Reading,Associate's,42,"Data Analysis,Critical Thinking",6,2,7,5,2,2,10,Data Scientist
user_1202,DIY,Knitting,Master's,31,"Electrical Repair,Singing,Writing,Negotiation",3,1,8,1,3,1,5,Sales Representative
user_1203,Film,Yoga,Vocational,58,"Leadership,Empathy",10,7,8,9,10,8,7,Elementary Teacher
user_1204,Astronomy,Origami,Bachelor's,32,"Research,AI Prompt Engineering",3,3,8,7,1,8,6,Lawyer
user_1205,Photography,Singing,Doctorate,31,"Photography,Data Analysis,AI Prompt Engineering,Graphic Design",7,6,5,4,1,9,10,Construction Worker
user_1206,Volunteering,Volunteering,Master's,39,"Leadership,Empathy,Public Speaking",8,1,1,1,3,7,9,Elementary Teacher
user_1207,Fitness,Meditation,Bachelor's,55,"UI/UX Design,Critical Thinking,Weightlifting,Graphic Design,Foreign Languages",4,7,6,7,1,5,6,AI Engineer
user_1208,Travel,Gardening,Master's,65,"First Aid,Time Management,Foreign Languages,AI Prompt Engineering,Carpentry",8,8,2,2,10,6,3,Pilot
user_1209,Fashion,Baking,High School,29,"Negotiation,Data Analysis,Carpentry,Leadership",3,8,7,4,7,5,4,Sales Representative
user_1210,Animals,Board Games,Associate's,57,"Negotiation,UI/UX Design,Critical Thinking,Foreign Languages,Driving",7,4,5,6,5,5,4,Cybersecurity Specialist
user_1211,Magic,Collecting Stamps,Master's,33,"Robotics,Cybersecurity,Conflict Resolution",5,5,10,8,5,4,10,Sales Representative
user_1212,Photography,Gardening,Master's,39,"Project Management,AI Prompt Engineering,Empathy,Writing,UI/UX Design",4,10,9,9,10,5,2,Civil Engineer
user_1213,Volunteering,Volunteering,Associate's,55,"Empathy,Critical Thinking,First Aid",6,6,8,10,3,3,1,Registered Nurse
user_1214,Fitness,Knitting,High School,27,"Time Management,Public Speaking,Robotics",1,3,6,2,3,2,4,Plumber
user_1215,Gardening,Meditation,Associate's,58,"Programming,Singing,Foreign Languages,Research,Graphic Design",10,10,4,2,5,6,9,Financial Analyst
user_1216,Magic,Chess,Vocational,33,"Data Analysis,Programming",3,3,1,4,4,5,8,Data Scientist
user_1217,Photography,Writing,Bachelor's,63,"Leadership,Empathy,Cybersecurity,Driving,Research",7,9,1,1,9,6,3,Chef
user_1218,Film,Bird Watching,Bachelor's,36,"Electrical Repair,First Aid",4,1,5,4,6,1,3,Journalist
user_1219,Sports,Swimming,Bachelor's,39,"Electrical Repair,Sewing,Cooking",3,4,4,3,9,3,10,Biomedical Engineer
user_1220,Dancing,Hiking,Vocational,18,"Programming,Digital Marketing,Photography",5,7,8,8,2,2,7,Sales Representative
user_1221,History,Dancing,Associate's,33,"Carpentry,First Aid",6,4,1,2,3,4,10,Biomedical Engineer
user_1222,Psychology,Traveling,Vocational,20,"Singing,Critical Thinking,Electrical Repair",2,10,1,2,8,3,3,Marketing Manager
user_1223,Meditation,Chess,Doctorate,52,"Empathy,Sewing,Data Analysis,Robotics,UI/UX Design",8,8,6,5,7,2,10,UX Designer
user_1224,Gaming,Rock Climbing,Bachelor's,27,"Financial Literacy,Project Management,Cooking,Leadership,Conflict Resolution",2,3,3,6,10,1,10,Electrician
user_1225,DIY,Painting,Vocational,49,"Financial Literacy,Photography,Electrical Repair",10,2,3,2,3,2,2,Mechanic
user_1226,Technology,Scuba Diving,Master's,44,"Driving,UI/UX Design",2,8,1,8,5,1,4,HR Manager
user_1227,Psychology,Dancing,Vocational,56,"Empathy,Weightlifting,Sewing,Data Analysis",8,2,3,3,3,8,7,Marketing Manager
user_1228,Gaming,Cycling,Bachelor's,43,"Data Analysis,Critical Thinking,Programming",4,4,1,9,4,4,5,Software Engineer
user_1229,Volunteering,Collecting Stamps,Master's,39,"First Aid,Electrical Repair",1,3,1,6,10,7,9,Pilot
user_1230,History,Scuba Diving,Vocational,43,"Financial Literacy,Driving,Photography,Carpentry,Weightlifting",10,6,7,4,5,3,8,Marketing Manager
user_1231,Music,Swimming,High School,43,"Singing,Graphic Design,Project Management,Research",10,3,1,6,10,3,3,Civil Engineer
user_1232,Gardening,Fitness,Associate's,36,"Empathy,Critical Thinking,First Aid",7,3,10,5,3,1,7,Registered Nurse
user_1233,Film,Running,Associate's,24,"Photography,Empathy,Data Analysis",4,9,1,1,5,10,9,Journalist
user_1234,Cooking,Astronomy,High School,41,"Leadership,Driving,UI/UX Design,Weightlifting",2,6,9,3,7,9,7,Cybersecurity Specialist
user_1235,Volunteering,Reading,Associate's,30,"Public Speaking,Leadership,Empathy",3,10,9,8,8,9,8,Elementary Teacher
user_1236,Entrepreneurship,Baking,Associate's,65,"AI Prompt Engineering,Foreign Languages",3,4,5,3,2,10,3,Plumber
user_1237,Psychology,Photography,High School,36,"AI Prompt Engineering,First Aid,Singing",4,2,5,8,9,10,2,Chef
user_1238,History,Collecting Stamps,Associate's,54,"Financial Literacy,Carpentry",9,4,2,9,1,1,4,Biomedical Engineer
user_1239,Technology,Reading,Master's,34,"Programming,Data Analysis",6,1,6,3,5,4,9,Software Engineer
user_1240,Languages,Collecting Stamps,Vocational,60,"Public Speaking,Electrical Repair",7,9,7,3,8,7,4,Cybersecurity Specialist
user_1241,Languages,Origami,Vocational,31,"Foreign Languages,Weightlifting,Empathy,Graphic Design,Leadership",6,2,9,7,3,7,8,Dentist
user_1242,Film,Reading,Vocational,46,"Data Analysis,Critical Thinking,Programming",6,3,8,10,2,9,8,Data Scientist
user_1243,Art,Swimming,Doctorate,64,"Robotics,Time Management,Carpentry,Programming",9,9,2,5,4,2,10,Journalist
user_1244,Volunteering,Scuba Diving,High School,40,"Time Management,Conflict Resolution,Singing,Financial Literacy,Digital Marketing",9,5,6,8,3,1,3,UX Designer
user_1245,Collecting,Dancing,Master's,24,"Cooking,Electrical Repair,Photography",5,10,9,10,10,3,6,Biomedical Engineer
user_1246,Fitness,Origami,Vocational,55,"Electrical Repair,First Aid",8,3,10,7,7,10,5,Mechanic
user_1247,Music,Running,Master's,47,"Driving,Writing,First Aid,Singing",6,10,10,5,7,5,2,Architect
user_1248,Photography,Yoga,Bachelor's,51,"Photography,Video Editing,Empathy,Time Management",9,9,2,7,5,10,9,Farm Worker
user_1249,Cars,Pottery,Bachelor's,18,"Carpentry,Data Analysis,Robotics,Weightlifting",1,3,7,3,8,1,7,Dentist
user_1250,Meditation,Pottery,Vocational,20,"UI/UX Design,Graphic Design,Creativity",6,8,5,9,9,4,10,Graphic Designer
user_1251,Photography,Reading,Vocational,46,"UI/UX Design,Programming,Public Speaking,Photography",1,6,7,7,2,10,10,Plumber
user_1252,Sports,Board Games,Master's,30,"Singing,Driving,Conflict Resolution,Weightlifting,Critical Thinking",7,8,10,1,9,8,1,Architect
user_1253,Reading,Crafts,Vocational,39,"Empathy,Leadership,Public Speaking",10,10,1,7,8,5,6,Elementary Teacher
user_1254,Acting,Astronomy,Vocational,25,"UI/UX Design,Negotiation,AI Prompt Engineering,Foreign Languages",8,3,6,7,3,3,3,AI Engineer
user_1255,Languages,Reading,Associate's,49,"Writing,Weightlifting,Video Editing,Critical Thinking",9,5,6,6,10,4,10,Farm Worker
user_1256,Music,Bird Watching,High School,26,"Cooking,Empathy,Negotiation,Photography",2,3,10,1,1,4,7,Psychologist
user_1257,Fashion,Bird Watching,Vocational,45,"Singing,Financial Literacy,Empathy,Digital Marketing",10,6,9,6,6,9,6,Journalist
user_1258,Collecting,Fishing,High School,43,"Leadership,Cooking",8,6,10,2,8,2,1,HR Manager
user_1259,Fashion,Chess,Associate's,44,"Programming,Data Analysis",5,8,9,5,2,8,2,Data Scientist
user_1260,Collecting,Origami,Master's,31,"Cooking,Digital Marketing",8,9,9,1,4,4,2,Chef
user_1261,Cars,Pottery,Master's,29,"UI/UX Design,Public Speaking,Leadership,Writing,Singing",3,9,2,6,3,8,9,Cybersecurity Specialist
user_1262,Film,Photography,Associate's,29,"Electrical Repair,Cybersecurity",5,7,6,4,6,4,8,Psychologist
user_1263,Film,Bird Watching,Vocational,36,"Conflict Resolution,Video Editing,Writing,Graphic Design",8,8,7,3,10,7,10,Lawyer
user_1264,Animals,Chess,Bachelor's,58,"First Aid,Weightlifting,Cooking,Public Speaking,AI Prompt Engineering",10,10,10,1,1,2,1,Biomedical Engineer
user_1265,Technology,Reading,Bachelor's,25,"Programming,Critical Thinking,Data Analysis",5,3,5,7,5,9,9,Software Engineer
user_1266,Photography,Photography,Doctorate,38,"UI/UX Design,Graphic Design,Creativity",10,1,3,3,2,8,10,Graphic Designer
user_1267,Travel,Skiing,Master's,46,"Electrical Repair,Programming",6,10,9,5,5,6,2,Architect
user_1268,Dancing,Photography,Vocational,64,"Financial Literacy,Programming,Photography",9,9,6,7,9,2,2,Social Worker
user_1269,Gardening,Meditation,High School,19,"Robotics,Data Analysis,Electrical Repair",8,10,1,6,6,3,9,UX Designer
user_1270,Meditation,Writing,Associate's,65,"Sewing,Empathy",8,1,6,4,3,7,1,Journalist
user_1271,Collecting,Running,Vocational,54,"Critical Thinking,Project Management,Financial Literacy,Conflict Resolution,Cooking",6,2,4,7,1,10,1,Electrician
user_1272,Gardening,Gardening,Vocational,37,"Cybersecurity,Electrical Repair,Photography",7,2,6,9,8,4,7,Chef
user_1273,History,Knitting,Master's,33,"Negotiation,Digital Marketing,Research",10,1,1,6,9,6,7,Mechanic
user_1274,Entrepreneurship,Singing,Bachelor's,33,"Time Management,Carpentry,Negotiation,Research,Weightlifting",2,2,7,5,4,7,10,Plumber
user_1275,Music,Rock Climbing,Vocational,52,"Sewing,Financial Literacy,Video Editing,Foreign Languages,Programming",6,4,5,3,9,2,7,Farm Worker
user_1276,Psychology,Video Gaming,Associate's,58,"Cooking,Singing,Conflict Resolution",5,7,5,1,6,2,1,Biomedical Engineer
user_1277,Astronomy,Chess,Master's,25,"Data Analysis,Critical Thinking,Programming",8,2,9,10,4,10,6,Software Engineer
user_1278,Entrepreneurship,Chess,Doctorate,60,"Time Management,Carpentry",3,9,9,5,10,9,8,Pilot
user_1279,Chess,Video Gaming,Vocational,49,"Electrical Repair,First Aid",4,1,7,9,9,2,2,Mechanic
user_1280,Environment,Pottery,High School,50,"Photography,Singing,Writing,Electrical Repair,Financial Literacy",6,9,4,4,4,7,5,Social Worker
user_1281,Music,Collecting Stamps,High School,40,"Leadership,Robotics,Financial Literacy",7,1,3,9,3,7,3,Biomedical Engineer
user_1282,Collecting,Playing Guitar,High School,57,"Empathy,Financial Literacy",6,8,8,3,1,5,5,Plumber
user_1283,Travel,Cooking,Associate's,41,"Robotics,Singing,Financial Literacy",2,1,10,8,10,5,2,Sales Representative
user_1284,DIY,Running,Bachelor's,27,"First Aid,Conflict Resolution,UI/UX Design,Time Management,Foreign Languages",4,3,3,6,2,8,5,Mechanic
user_1285,Dancing,Cycling,Master's,57,"Public Speaking,Photography",5,7,9,7,2,7,4,Lawyer
user_1286,Cars,Cooking,High School,27,"Public Speaking,AI Prompt Engineering",6,4,7,7,3,2,10,HR Manager
user_1287,Fashion,Bird Watching,Master's,38,"Public Speaking,Data Analysis",8,4,3,6,10,1,1,Psychologist
user_1288,Fashion,Cooking,Vocational,23,"Photography,Singing",7,10,1,9,8,2,7,Journalist
user_1289,Magic,Scuba Diving,Associate's,65,"Research,Data Analysis,Writing,Time Management,Carpentry",9,2,8,1,8,5,5,Plumber
user_1290,Languages,Traveling,Vocational,29,"Project Management,Graphic Design,Financial Literacy,Video Editing",1,3,6,3,4,10,5,Plumber
user_1291,Meditation,Bird Watching,Vocational,42,"Photography,Driving",3,7,6,6,2,4,3,Actor
user_1292,Entrepreneurship,Dancing,Master's,40,"Critical Thinking,Programming,Data Analysis",1,3,2,2,10,2,6,Software Engineer
user_1293,Psychology,Yoga,Doctorate,56,"First Aid,Writing,Singing,Foreign Languages,Research",9,7,3,4,8,7,1,Environmental Scientist
user_1294,Technology,Reading,Bachelor's,40,"Data Analysis,Programming",8,5,10,10,3,2,7,Software Engineer
user_1295,History,Baking,Doctorate,26,"Research,Cooking,Digital Marketing",5,9,5,9,7,5,8,AI Engineer
user_1296,Gardening,Chess,Bachelor's,29,"Cybersecurity,Conflict Resolution,Programming",3,2,3,4,8,3,1,Lawyer
user_1297,Volunteering,Chess,Master's,36,"Data Analysis,Programming",10,1,1,9,9,10,10,Software Engineer
user_1298,Collecting,Rock Climbing,High School,42,"Robotics,Digital Marketing,Project Management",8,4,8,10,9,10,8,Sales Representative
user_1299,Meditation,Photography,Master's,45,"First Aid,Video Editing,Digital Marketing,Public Speaking,Programming",10,10,9,5,4,4,7,Architect
user_1300,Writing,Fishing,High School,60,"Cybersecurity,First Aid,Cooking,Leadership",3,10,5,3,1,4,5,Statistician
user_1301,Reading,Reading,Bachelor's,38,"Time Management,AI Prompt Engineering,First Aid,Critical Thinking,Weightlifting",5,7,7,8,3,1,2,Lawyer
user_1302,Writing,Scuba Diving,Master's,27,"Financial Literacy,Digital Marketing,Leadership",8,10,5,1,3,7,3,UX Designer
user_1303,Gardening,Origami,Vocational,47,"Research,UI/UX Design,Negotiation",4,7,5,3,4,6,8,HR Manager
user_1304,Gaming,Painting,Master's,62,"Data Analysis,Singing,Driving,Foreign Languages",2,3,6,6,10,1,5,Environmental Scientist
user_1305,Art,Chess,Bachelor's,44,"Public Speaking,Graphic Design",3,9,4,9,3,8,2,Electrician
user_1306,Technology,Origami,Master's,46,"Data Analysis,Programming,Critical Thinking",7,6,4,5,5,7,1,Data Scientist
user_1307,Meditation,Reading,High School,57,"Cooking,Digital Marketing",1,6,8,4,5,8,3,AI Engineer
user_1308,Gaming,Cooking,Vocational,38,"Empathy,Driving",3,8,3,7,8,1,9,Lawyer
user_1309,Writing,Traveling,Master's,46,"Conflict Resolution,Singing,Electrical Repair,Leadership,First Aid",10,5,8,8,2,3,10,Marketing Manager
user_1310,Volunteering,Yoga,Master's,54,"Critical Thinking,Project Management,Digital Marketing,Cooking,Conflict Resolution",5,4,5,1,5,7,7,Actor
user_1311,Sports,Collecting Stamps,Doctorate,40,"Negotiation,First Aid,Time Management",3,1,7,5,5,2,2,Cybersecurity Specialist
user_1312,Acting,Video Gaming,Vocational,18,"Digital Marketing,Critical Thinking,Cooking,Driving,Time Management",5,9,9,3,2,9,9,Social Worker
user_1313,Collecting,Board Games,High School,40,"Robotics,Data Analysis",1,3,2,3,6,5,4,Marketing Manager
user_1314,Fitness,Reading,Vocational,53,"Empathy,Critical Thinking",1,1,4,3,1,4,2,Registered Nurse
user_1315,Sports,Reading,Bachelor's,50,"Data Analysis,Critical Thinking",8,2,10,8,9,7,1,Data Scientist
user_1316,Dancing,Meditation,Doctorate,36,"Robotics,Leadership,Cooking,Conflict Resolution,Negotiation",1,2,2,4,8,6,4,Marketing Manager
user_1317,Volunteering,Writing,Bachelor's,51,"Writing,Project Management",8,10,1,4,8,2,7,Architect
user_1318,Meditation,Painting,Vocational,30,"First Aid,Writing,Sewing,Data Analysis,Singing",4,8,6,4,1,8,7,Pilot
user_1319,DIY,Scuba Diving,Master's,41,"Electrical Repair,Conflict Resolution,Leadership,Public Speaking",1,3,5,5,4,3,4,Dentist
user_1320,Entrepreneurship,Collecting Stamps,Doctorate,42,"Conflict Resolution,Electrical Repair,First Aid,Video Editing",8,1,7,8,6,2,7,Actor
user_1321,Art,Baking,High School,44,"Robotics,Project Management,Video Editing,Graphic Design",1,8,1,4,4,6,1,Psychologist
user_1322,Collecting,Playing Guitar,Master's,26,"Singing,Conflict Resolution,Critical Thinking,Leadership",2,4,1,1,5,2,7,Architect
user_1323,Reading,Crafts,Doctorate,57,"Leadership,Empathy,Public Speaking",4,4,10,6,4,5,9,Elementary Teacher
user_1324,Astronomy,Swimming,Associate's,27,"Leadership,Robotics,Research,Time Management,Foreign Languages",2,6,8,4,9,6,6,UX Designer
user_1325,Dancing,Painting,Vocational,55,"Sewing,Time Management,Writing,Leadership",2,6,6,5,3,7,1,Actor
user_1326,Languages,Yoga,Bachelor's,65,"Sewing,First Aid,Foreign Languages,Electrical Repair",8,3,1,6,2,8,2,Chef
user_1327,Entrepreneurship,Astronomy,Associate's,59,"Singing,Financial Literacy,Sewing,Digital Marketing,Writing",1,4,2,8,6,5,4,Construction Worker
user_1328,Collecting,Fishing,Doctorate,47,"Video Editing,Public Speaking,Carpentry",10,3,6,5,7,9,7,Social Worker
user_1329,Reading,Swimming,Associate's,26,"Electrical Repair,Financial Literacy",7,4,3,8,2,4,6,Farm Worker
user_1330,Acting,Hiking,Master's,45,"AI Prompt Engineering,Public Speaking,Foreign Languages,Weightlifting,Driving",1,5,9,9,7,10,4,Biomedical Engineer
user_1331,Languages,Reading,Doctorate,51,"Writing,Photography,Time Management",7,2,6,10,8,7,5,Construction Worker
user_1332,Astronomy,Pottery,Master's,47,"Cybersecurity,Cooking,Negotiation,First Aid,Carpentry",7,2,10,1,4,9,5,Mechanic
user_1333,Travel,Cooking,High School,63,"Carpentry,Financial Literacy,Project Management",8,2,2,2,8,6,8,Mechanic
user_1334,Volunteering,Fitness,Associate's,39,"Critical Thinking,Empathy,First Aid",6,3,2,7,10,1,4,Registered Nurse
user_1335,Gaming,Reading,High School,35,"Driving,Video Editing,First Aid",8,2,1,7,9,1,2,Actor
user_1336,Chess,Board Games,High School,39,"Public Speaking,Critical Thinking",10,4,4,3,7,8,3,Farm Worker
user_1337,Photography,Painting,Associate's,37,"UI/UX Design,Graphic Design",7,6,5,1,3,6,10,Graphic Designer
user_1338,Acting,Video Gaming,Doctorate,28,"Carpentry,Singing,Conflict Resolution,Graphic Design,Weightlifting",10,2,7,4,6,1,5,Electrician
user_1339,Cars,Fishing,Vocational,47,"Singing,Financial Literacy,Critical Thinking",6,4,10,8,5,10,10,AI Engineer
user_1340,Meditation,Reading,Bachelor's,65,"Negotiation,Sewing,Foreign Languages,Conflict Resolution,Programming",3,1,9,1,2,10,3,Chef
user_1341,Meditation,Playing Guitar,Master's,20,"First Aid,Singing,Time Management,UI/UX Design",1,10,4,3,3,6,4,Statistician
user_1342,Languages,Board Games,Doctorate,25,"Critical Thinking,Data Analysis",6,5,6,1,4,7,10,Data Scientist
user_1343,Environment,Playing Guitar,Vocational,28,"Conflict Resolution,Digital Marketing,Video Editing,UI/UX Design",3,10,7,3,1,9,1,Environmental Scientist
user_1344,Sports,Photography,Vocational,55,"Electrical Repair,Sewing",6,10,7,6,10,10,10,Environmental Scientist
user_1345,Writing,Bird Watching,Bachelor's,37,"First Aid,Carpentry,Graphic Design,UI/UX Design",1,7,3,10,5,2,10,Financial Analyst
user_1346,Art,Painting,Associate's,43,"Graphic Design,Creativity,UI/UX Design",8,6,3,9,7,5,7,Graphic Designer
user_1347,Environment,Playing Guitar,High School,18,"Driving,Empathy,Weightlifting",9,5,6,3,5,1,4,Actor
user_1348,Gaming,Board Games,Master's,42,"Critical Thinking,Programming",1,9,8,8,10,8,3,Software Engineer
user_1349,Writing,Pottery,Master's,33,"Financial Literacy,Research,Driving,Cooking",9,2,10,3,1,5,9,Civil Engineer
user_1350,Travel,Origami,Vocational,28,"Negotiation,Data Analysis,Conflict Resolution,AI Prompt Engineering,Public Speaking",3,6,8,9,5,7,5,Financial Analyst
user_1351,Meditation,Baking,Master's,28,"Cybersecurity,Foreign Languages,Research,Writing",3,7,3,1,9,5,7,Financial Analyst
user_1352,Environment,Skiing,Associate's,65,"Graphic Design,Research,Time Management,Video Editing",3,9,3,3,3,6,1,Plumber
user_1353,Cooking,Running,Bachelor's,30,"Weightlifting,Carpentry,Financial Literacy,Programming",2,3,3,4,5,2,5,Farm Worker
user_1354,Cars,Swimming,Bachelor's,28,"Public Speaking,Project Management,Foreign Languages,Video Editing,Programming",5,6,1,10,6,7,4,HR Manager
user_1355,Writing,Gardening,Doctorate,23,"Digital Marketing,Negotiation,Sewing",4,9,10,3,3,3,5,Biomedical Engineer
user_1356,Art,Swimming,High School,51,"Electrical Repair,Writing,Driving",1,6,7,5,7,2,7,HR Manager
user_1357,Volunteering,Scuba Diving,Associate's,18,"Time Management,Cooking",4,8,3,4,5,7,2,HR Manager
user_1358,Reading,Cycling,High School,59,"Critical Thinking,Cybersecurity,Graphic Design,Foreign Languages",5,3,4,2,7,6,5,Actor
user_1359,Chess,Knitting,Master's,41,"Foreign Languages,Weightlifting,UI/UX Design,Sewing,Public Speaking",7,4,5,10,5,3,10,Dentist
user_1360,Volunteering,Photography,Master's,58,"Public Speaking,Empathy",3,1,3,5,9,4,8,Elementary Teacher
user_1361,Technology,Swimming,Associate's,30,"Time Management,First Aid,Electrical Repair,Sewing,Programming",3,6,5,9,6,4,7,Marketing Manager
user_1362,Reading,Photography,High School,20,"Creativity,Graphic Design,UI/UX Design",6,8,5,3,2,7,5,Graphic Designer
user_1363,Photography,Bird Watching,Master's,22,"Driving,Foreign Languages,Public Speaking,Critical Thinking",8,7,2,5,4,8,9,Environmental Scientist
user_1364,Entrepreneurship,Photography,Master's,46,"Weightlifting,Foreign Languages,First Aid,Conflict Resolution",8,3,7,4,7,9,2,Mechanic
user_1365,Art,Gardening,Vocational,46,"UI/UX Design,Cybersecurity,Carpentry,Time Management,Robotics",2,1,9,5,6,1,8,Sales Representative
user_1366,Chess,Swimming,High School,39,"Digital Marketing,Cybersecurity",4,8,5,7,10,9,4,Environmental Scientist
user_1367,Entrepreneurship,Bird Watching,Doctorate,25,"Carpentry,Empathy,Foreign Languages",7,8,10,5,2,10,1,Cybersecurity Specialist
user_1368,Environment,Fishing,Doctorate,56,"Video Editing,Writing",4,10,7,4,5,3,9,Social Worker
user_1369,Music,Rock Climbing,Doctorate,58,"Time Management,Project Management,Robotics,Data Analysis",8,1,5,9,7,2,9,Plumber
user_1370,Art,Board Games,High School,43,"Time Management,UI/UX Design,Driving",1,8,4,10,10,3,9,Cybersecurity Specialist
user_1371,Acting,Swimming,Doctorate,38,"Sewing,Research,Digital Marketing",8,2,8,1,9,7,5,Architect
user_1372,Psychology,Reading,Bachelor's,24,"Programming,Critical Thinking,Data Analysis",10,1,2,5,6,10,10,Software Engineer
user_1373,Gardening,Singing,Master's,46,"Programming,Negotiation,First Aid",10,9,3,5,4,9,9,Biomedical Engineer
user_1374,Animals,Reading,Bachelor's,39,"Public Speaking,Leadership,Empathy",9,10,1,2,7,5,10,Elementary Teacher
user_1375,Art,Cycling,Bachelor's,21,"Foreign Languages,Financial Literacy,Critical Thinking",1,8,1,4,1,9,9,Environmental Scientist
user_1376,Cooking,Collecting Stamps,Bachelor's,53,"Financial Literacy,Conflict Resolution,Sewing",5,5,9,6,1,1,8,Social Worker
user_1377,Cars,Video Gaming,Doctorate,35,"Graphic Design,Foreign Languages",9,1,7,10,2,10,7,Journalist
user_1378,Art,Pottery,Vocational,19,"AI Prompt Engineering,Data Analysis,Electrical Repair",1,3,7,4,5,5,5,Architect
user_1379,Film,Singing,Bachelor's,18,"Carpentry,Programming",5,3,5,3,6,4,7,Social Worker
user_1380,Photography,Reading,Vocational,53,"Time Management,Electrical Repair,Video Editing,Robotics",1,4,10,7,8,1,3,Construction Worker
user_1381,Technology,Playing Guitar,Doctorate,45,"Leadership,Sewing,Graphic Design,Cybersecurity",9,8,6,5,1,4,7,Construction Worker
user_1382,Astronomy,Playing Guitar,Master's,41,"Cybersecurity,Video Editing,Foreign Languages,Project Management",4,3,4,7,1,7,7,Farm Worker
user_1383,Animals,Chess,Master's,28,"Data Analysis,Programming,Critical Thinking",10,9,7,3,3,7,10,Data Scientist
user_1384,Magic,Meditation,Master's,44,"Photography,Weightlifting,Negotiation",7,10,10,10,3,10,10,Farm Worker
user_1385,Volunteering,Video Gaming,Doctorate,49,"AI Prompt Engineering,Carpentry,Negotiation,UI/UX Design,Sewing",7,1,5,2,4,5,9,Architect
user_1386,Travel,Collecting Stamps,Master's,65,"Sewing,AI Prompt Engineering,Graphic Design",3,3,7,1,1,1,2,Psychologist
user_1387,DIY,Photography,Associate's,65,"Conflict Resolution,Public Speaking,Critical Thinking",10,2,4,5,2,1,4,Mechanic
user_1388,Art,Meditation,Master's,52,"Financial Literacy,Cooking,Robotics,Driving,Video Editing",5,3,3,5,1,6,10,Civil Engineer
user_1389,Gaming,Chess,Bachelor's,41,"Data Analysis,Critical Thinking,Programming",10,9,1,6,7,9,3,Software Engineer
user_1390,Reading,Swimming,High School,51,"Time Management,Cooking,Writing,Project Management,Sewing",5,1,5,4,5,8,5,Biomedical Engineer
user_1391,History,Fishing,Bachelor's,24,"Public Speaking,Writing",8,8,4,3,2,8,6,Dentist
user_1392,Psychology,Fishing,Master's,65,"Time Management,Photography",9,8,4,4,8,1,4,Civil Engineer
user_1393,History,Reading,Associate's,49,"Programming,Electrical Repair,Empathy,Singing,Foreign Languages",3,4,6,2,1,8,7,Architect
user_1394,Environment,Dancing,High School,48,"Driving,Carpentry,Conflict Resolution",9,10,6,2,5,6,7,Plumber
user_1395,Music,Dancing,Associate's,52,"Empathy,Research",2,6,8,5,5,10,7,Social Worker
user_1396,Astronomy,Reading,High School,36,"Time Management,Digital Marketing",1,5,6,5,2,9,5,Cybersecurity Specialist
user_1397,Gaming,Reading,Doctorate,31,"Video Editing,Sewing,Carpentry,Empathy,Public Speaking",4,9,6,9,9,7,5,Actor
user_1398,Cooking,Collecting Stamps,Doctorate,39,"Weightlifting,Video Editing",5,7,10,4,4,4,6,Psychologist
user_1399,Sports,Rock Climbing,High School,50,"Sewing,Robotics",7,8,1,9,10,9,8,Chef
user_1400,Entrepreneurship,Board Games,Doctorate,31,"Data Analysis,Critical Thinking",3,7,7,2,2,6,9,Data Scientist
user_1401,Entrepreneurship,Playing Guitar,Vocational,60,"Data Analysis,AI Prompt Engineering",7,1,5,8,3,3,1,Actor
user_1402,Technology,Scuba Diving,Associate's,36,"Empathy,Cybersecurity,Research,Public Speaking,Conflict Resolution",9,3,4,2,8,2,5,Marketing Manager
user_1403,Reading,Origami,Bachelor's,42,"Project Management,Conflict Resolution,Foreign Languages,Carpentry,Digital Marketing",6,10,7,1,6,4,1,Marketing Manager
user_1404,Astronomy,Singing,Master's,46,"Photography,UI/UX Design",7,9,7,1,6,1,7,Construction Worker
user_1405,Art,Painting,Doctorate,51,"Financial Literacy,Foreign Languages",5,1,10,9,10,2,1,Construction Worker
user_1406,DIY,Playing Guitar,Doctorate,19,"Negotiation,Project Management,Programming",10,5,6,3,4,8,6,Actor
user_1407,Meditation,Cooking,Bachelor's,20,"AI Prompt Engineering,Cybersecurity",9,7,1,3,8,6,8,Journalist
user_1408,Fitness,Baking,Master's,56,"Cybersecurity,Critical Thinking,UI/UX Design,Cooking",4,9,2,2,9,1,9,Psychologist
user_1409,Fitness,Origami,Associate's,39,"Video Editing,Carpentry,Conflict Resolution,AI Prompt Engineering,Research",6,3,2,8,10,8,1,Financial Analyst
user_1410,Reading,Singing,Vocational,37,"Programming,Electrical Repair,Critical Thinking,Conflict Resolution,Financial Literacy",3,7,7,1,3,4,6,Actor
user_1411,Film,Reading,High School,46,"Driving,Empathy,Financial Literacy",2,7,8,2,6,7,1,Financial Analyst
user_1412,Writing,Meditation,Bachelor's,38,"Graphic Design,Creativity,UI/UX Design",6,4,2,6,8,10,1,Graphic Designer
user_1413,Entrepreneurship,Swimming,Doctorate,37,"Time Management,Photography,Foreign Languages,Cooking,Video Editing",2,9,4,4,6,10,8,Architect
user_1414,Fashion,Gardening,Vocational,33,"Conflict Resolution,Writing,Research,Empathy,Graphic Design",9,5,4,1,2,10,3,Dentist
user_1415,Travel,Rock Climbing,Vocational,62,"Photography,Research,Driving,Project Management,Time Management",7,5,5,1,3,9,3,Financial Analyst
user_1416,Animals,Skiing,Vocational,34,"Electrical Repair,Writing,UI/UX Design",4,10,3,4,9,6,3,Plumber
user_1417,Psychology,Reading,High School,45,"Digital Marketing,Sewing,Research",3,9,5,5,3,4,5,Marketing Manager
user_1418,Gaming,Chess,Master's,30,"Critical Thinking,Programming,Data Analysis",1,8,6,7,10,10,10,Software Engineer
user_1419,Meditation,Knitting,Associate's,33,"Driving,Project Management,Carpentry",7,3,3,8,8,8,8,HR Manager
user_1420,Magic,Yoga,Doctorate,48,"UI/UX Design,Research",8,1,4,9,6,1,4,AI Engineer
user_1421,Languages,Yoga,Vocational,58,"Graphic Design,Empathy,Robotics,Public Speaking",8,5,1,3,8,5,1,Social Worker
user_1422,Acting,Dancing,Master's,18,"Robotics,Carpentry,Programming,Public Speaking,Digital Marketing",7,4,9,6,7,5,7,Lawyer
user_1423,Cars,Meditation,Vocational,24,"Time Management,Cybersecurity,Sewing",10,8,10,9,5,10,2,Pilot
user_1424,Gardening,Singing,Associate's,18,"AI Prompt Engineering,Cybersecurity,Research,Driving",4,3,7,7,5,4,3,Statistician
user_1425,Gaming,Crafts,Bachelor's,28,"Leadership,Empathy,Public Speaking",4,5,1,1,2,3,8,Elementary Teacher
user_1426,Fitness,Cooking,Doctorate,28,"Video Editing,Cybersecurity,Electrical Repair,Empathy",9,8,2,9,9,9,3,Pilot
user_1427,Film,Running,Associate's,22,"Leadership,Public Speaking,Video Editing,Cybersecurity,Graphic Design",4,5,10,6,7,5,8,Psychologist
user_1428,Reading,Writing,Bachelor's,57,"Time Management,Sewing,Research,Video Editing",4,9,4,1,10,8,3,Social Worker
user_1429,Acting,Swimming,High School,42,"Project Management,Programming,Data Analysis,Foreign Languages,Cooking",6,6,8,9,7,5,6,Statistician
user_1430,Dancing,Cooking,Associate's,48,"First Aid,Programming,Public Speaking,Video Editing,Leadership",8,6,9,7,9,3,5,Construction Worker
user_1431,Dancing,Painting,Vocational,34,"First Aid,Graphic Design,Sewing,Leadership",10,10,8,5,1,3,4,Psychologist
user_1432,Photography,Singing,Associate's,48,"Empathy,Graphic Design",8,1,4,7,4,1,10,Environmental Scientist
user_1433,Psychology,Painting,Associate's,20,"Creativity,Graphic Design,UI/UX Design",5,10,1,10,7,2,10,Graphic Designer
user_1434,Acting,Running,Associate's,25,"Negotiation,Video Editing,AI Prompt Engineering",5,9,1,5,6,1,8,Psychologist
user_1435,Gardening,Bird Watching,Doctorate,58,"Time Management,First Aid,Driving",1,6,10,9,1,3,7,Sales Representative
user_1436,Photography,Photography,Associate's,51,"Cooking,Leadership,First Aid",10,1,8,4,5,3,1,Actor
user_1437,Reading,Video Gaming,Associate's,57,"Data Analysis,Driving,Critical Thinking,Graphic Design",9,7,5,9,3,4,1,Architect
user_1438,Volunteering,Astronomy,Associate's,24,"Carpentry,Digital Marketing,Financial Literacy,Sewing,Weightlifting",7,1,6,9,7,10,5,HR Manager
user_1439,Volunteering,Reading,Vocational,59,"Leadership,Public Speaking",6,2,9,2,8,9,9,Elementary Teacher
user_1440,Reading,Collecting Stamps,Master's,55,"UI/UX Design,Foreign Languages",3,4,3,8,3,4,8,Chef
user_1441,Cooking,Playing Guitar,Bachelor's,61,"Public Speaking,Cybersecurity",7,6,5,9,8,1,9,Statistician
user_1442,Languages,Video Gaming,Bachelor's,49,"Cooking,Photography,Time Management,Leadership",2,9,9,10,1,8,4,Journalist
user_1443,History,Gardening,Master's,55,"Negotiation,Leadership,AI Prompt Engineering,Sewing",7,3,7,9,4,9,5,Pilot
user_1444,Acting,Reading,Doctorate,48,"Graphic Design,Project Management,Digital Marketing,Time Management,Video Editing",2,3,2,10,1,6,2,Plumber
user_1445,Entrepreneurship,Rock Climbing,Doctorate,24,"Robotics,Research,Programming",8,1,7,7,10,1,2,Journalist
user_1446,Gaming,Painting,Bachelor's,53,"Digital Marketing,First Aid,Weightlifting",9,7,5,10,8,1,4,Sales Representative
user_1447,Reading,Rock Climbing,Master's,64,"Photography,Cooking,Negotiation",8,1,8,8,4,2,3,Biomedical Engineer
user_1448,Film,Origami,High School,40,"Financial Literacy,Graphic Design,Leadership",8,10,10,4,9,5,5,Farm Worker
user_1449,Volunteering,Origami,Bachelor's,28,"Public Speaking,Empathy",1,4,7,9,8,2,6,Elementary Teacher
user_1450,Collecting,Video Gaming,Master's,46,"Conflict Resolution,Weightlifting",3,4,5,5,6,7,9,Statistician
user_1451,Environment,Playing Guitar,Bachelor's,64,"Critical Thinking,Robotics,Programming,Graphic Design,Foreign Languages",4,3,10,6,8,4,8,UX Designer
user_1452,Psychology,Traveling,Vocational,56,"Driving,Electrical Repair,Digital Marketing",2,9,7,9,4,1,3,Farm Worker
user_1453,Photography,Playing Guitar,Vocational,37,"Video Editing,Conflict Resolution",6,2,9,6,5,9,4,Cybersecurity Specialist
user_1454,Languages,Knitting,Bachelor's,63,"Video Editing,Carpentry,Empathy,Data Analysis",6,10,6,9,5,2,8,Chef
user_1455,Music,Cooking,Vocational,22,"Video Editing,Time Management",9,2,5,2,4,5,5,Psychologist
user_1456,Astronomy,Astronomy,Bachelor's,36,"Empathy,Project Management",10,3,9,7,5,4,4,HR Manager
user_1457,Psychology,Singing,Vocational,25,"Foreign Languages,Video Editing,Electrical Repair",8,2,10,7,7,7,7,AI Engineer
user_1458,Art,Rock Climbing,Associate's,41,"Graphic Design,Creativity,UI/UX Design",2,4,8,7,9,4,7,Graphic Designer
user_1459,Writing,Fishing,Vocational,58,"First Aid,Robotics,Video Editing,Data Analysis",5,5,1,10,3,4,4,Biomedical Engineer
user_1460,Fitness,Painting,Bachelor's,21,"Singing,Video Editing",4,8,3,7,4,2,10,Statistician
user_1461,Cooking,Skiing,Vocational,49,"Video Editing,Conflict Resolution,Weightlifting,First Aid,Research",2,5,10,1,1,4,9,Environmental Scientist
user_1462,Magic,Astronomy,Associate's,36,"Weightlifting,Singing,Video Editing,Writing",3,3,9,9,4,10,1,Cybersecurity Specialist
user_1463,Entrepreneurship,Baking,Doctorate,62,"Negotiation,Driving",8,5,10,4,3,6,2,Marketing Manager
user_1464,Meditation,Fishing,Vocational,22,"Conflict Resolution,Cybersecurity,Programming",5,1,10,6,5,4,8,Sales Representative
user_1465,Volunteering,Astronomy,Associate's,50,"Public Speaking,Data Analysis",9,8,4,2,5,4,10,HR Manager
user_1466,Gaming,Swimming,Vocational,58,"Research,Programming",8,9,2,9,8,2,1,Pilot
user_1467,Environment,Video Gaming,High School,44,"Project Management,Conflict Resolution",7,10,4,4,2,6,5,Psychologist
user_1468,Art,Cooking,Master's,45,"Financial Literacy,Cybersecurity,Cooking,UI/UX Design",1,6,3,3,5,2,2,Financial Analyst
user_1469,Volunteering,Crafts,Bachelor's,28,"Empathy,Public Speaking,Leadership",9,3,3,3,3,5,1,Elementary Teacher
user_1470,Volunteering,Volunteering,Bachelor's,26,"Empathy,Critical Thinking",9,5,4,4,10,2,4,Registered Nurse
user_1471,Travel,Cooking,Vocational,64,"Cooking,Robotics,Conflict Resolution,Foreign Languages",5,6,3,4,5,3,9,Actor
user_1472,Volunteering,Painting,Doctorate,21,"UI/UX Design,Creativity,Graphic Design",7,8,8,4,5,10,9,Graphic Designer
user_1473,Environment,Photography,Associate's,62,"Video Editing,Negotiation,Robotics",6,10,2,5,8,7,3,Cybersecurity Specialist
user_1474,Dancing,Chess,Bachelor's,41,"Digital Marketing,Video Editing,Conflict Resolution",10,6,3,5,8,5,7,Chef
user_1475,Psychology,Scuba Diving,Bachelor's,26,"Empathy,Digital Marketing,Project Management,Critical Thinking",4,7,8,10,3,5,2,HR Manager
user_1476,Cars,Running,Vocational,38,"Photography,Driving,Critical Thinking,Foreign Languages",9,6,9,7,4,10,1,Mechanic
user_1477,Animals,Skiing,Vocational,57,"Foreign Languages,Data Analysis",6,4,9,2,2,7,9,Pilot
user_1478,Travel,Bird Watching,Vocational,42,"Writing,Cybersecurity",3,1,2,5,9,10,7,Actor
user_1479,Travel,Cycling,Vocational,25,"Video Editing,Research,Photography,Time Management",5,8,7,3,6,5,3,Sales Representative
user_1480,Meditation,Hiking,Master's,24,"Project Management,Empathy,UI/UX Design,Time Management,Conflict Resolution",10,5,1,4,7,10,5,UX Designer
user_1481,Fashion,Photography,Master's,44,"Driving,Programming,Foreign Languages,Weightlifting,Singing",4,4,6,4,10,2,1,Sales Representative
user_1482,Animals,Collecting Stamps,Master's,24,"Public Speaking,Leadership",4,5,5,4,8,7,8,Elementary Teacher
user_1483,Languages,Scuba Diving,Associate's,23,"Graphic Design,Conflict Resolution",7,8,10,4,1,2,5,Architect
user_1484,Psychology,Meditation,Doctorate,60,"Sewing,Programming",1,5,3,1,3,9,9,Journalist
user_1485,History,Collecting Stamps,High School,33,"Project Management,Data Analysis,Conflict Resolution,Sewing",4,5,9,6,5,9,5,Statistician
user_1486,Fitness,Volunteering,Bachelor's,35,"Critical Thinking,Empathy,First Aid",6,8,2,2,8,2,4,Registered Nurse
user_1487,Fashion,Writing,High School,28,"Critical Thinking,Graphic Design",2,3,9,8,5,6,3,Statistician
user_1488,Astronomy,Knitting,Associate's,45,"AI Prompt Engineering,Graphic Design,Digital Marketing",9,2,1,8,5,10,2,Construction Worker
user_1489,Reading,Playing Guitar,Associate's,35,"Public Speaking,Empathy,Leadership",3,7,2,7,9,5,6,Elementary Teacher
user_1490,Technology,Baking,Master's,40,"Data Analysis,Critical Thinking,Programming",7,7,10,5,9,10,10,Software Engineer
user_1491,Fashion,Dancing,Doctorate,43,"Negotiation,Sewing,Leadership",5,3,3,8,2,8,3,Lawyer
user_1492,Entrepreneurship,Rock Climbing,High School,48,"Driving,Public Speaking",2,5,5,2,4,1,7,Marketing Manager
user_1493,Languages,Cycling,High School,18,"Foreign Languages,Singing,AI Prompt Engineering,Public Speaking,Driving",5,2,8,3,9,3,1,Environmental Scientist
user_1494,Collecting,Astronomy,Doctorate,28,"Digital Marketing,Project Management,Singing",3,3,3,9,3,5,1,Construction Worker
user_1495,History,Meditation,Master's,37,"Programming,First Aid",2,1,9,5,8,10,2,Construction Worker
user_1496,Collecting,Board Games,Associate's,30,"Sewing,Electrical Repair,UI/UX Design,Project Management",3,9,10,3,1,7,5,Cybersecurity Specialist
user_1497,Photography,Reading,Vocational,52,"Conflict Resolution,Graphic Design",1,5,2,10,5,6,4,Social Worker
user_1498,Cars,Chess,Associate's,48,"Research,Electrical Repair,Critical Thinking,Empathy,Weightlifting",3,9,1,3,2,9,9,UX Designer
user_1499,Gaming,Skiing,Doctorate,19,"Electrical Repair,Singing,Time Management",2,3,2,4,10,8,5,UX Designer
user_1500,Gardening,Dancing,Bachelor's,41,"Cybersecurity,Sewing,Programming,Singing",5,3,10,1,7,10,7,Architect
user_1501,Gaming,Swimming,High School,42,"Empathy,Public Speaking",7,6,7,8,4,4,8,Actor
user_1502,Fashion,Swimming,High School,32,"Driving,Singing,Graphic Design,Critical Thinking,Time Management",9,1,3,6,4,1,9,Civil Engineer
user_1503,History,Rock Climbing,Bachelor's,36,"Critical Thinking,Electrical Repair,Sewing,Robotics",8,3,6,1,9,5,3,Journalist
user_1504,Gaming,Scuba Diving,High School,45,"Critical Thinking,Programming,Data Analysis",10,2,6,9,6,6,8,Software Engineer
user_1505,Entrepreneurship,Reading,Vocational,35,"Negotiation,Electrical Repair,Public Speaking",4,4,4,3,10,6,10,Actor
user_1506,Languages,Painting,Master's,42,"Public Speaking,First Aid,Programming",3,10,7,7,3,10,10,UX Designer
user_1507,Acting,Singing,Vocational,19,"Graphic Design,Foreign Languages,Electrical Repair,Singing",3,2,6,4,10,3,7,Biomedical Engineer
user_1508,Meditation,Dancing,High School,31,"Robotics,Digital Marketing",10,3,9,1,5,9,6,Civil Engineer
user_1509,Photography,Volunteering,Vocational,53,"Critical Thinking,Empathy,First Aid",1,1,1,3,10,6,7,Registered Nurse
user_1510,Astronomy,Photography,Master's,65,"Negotiation,AI Prompt Engineering,Critical Thinking,Programming",8,10,10,3,4,1,5,HR Manager
user_1511,Magic,Astronomy,Master's,22,"Cooking,Video Editing,Critical Thinking,Electrical Repair",5,4,8,1,2,10,5,Farm Worker
user_1512,Reading,Scuba Diving,Bachelor's,39,"Negotiation,Carpentry",8,7,2,3,1,10,3,Lawyer
user_1513,Writing,Astronomy,Doctorate,57,"Project Management,Digital Marketing",2,2,7,8,9,8,1,Dentist
user_1514,Travel,Writing,Bachelor's,25,"Time Management,Project Management,Graphic Design,Conflict Resolution",3,7,9,5,9,6,7,Civil Engineer
user_1515,Travel,Reading,High School,19,"Electrical Repair,Robotics,Cooking",4,10,9,10,3,4,2,Chef
user_1516,Entrepreneurship,Knitting,Master's,31,"Writing,Sewing,Singing",5,2,8,9,4,8,7,Plumber
user_1517,Environment,Rock Climbing,Bachelor's,44,"First Aid,Critical Thinking",7,5,3,7,8,4,6,Registered Nurse
user_1518,Languages,Traveling,Vocational,49,"Driving,Video Editing,Cooking,UI/UX Design",7,10,8,7,5,9,8,Electrician
user_1519,Languages,Meditation,Associate's,63,"Robotics,Data Analysis,Programming,Critical Thinking",7,3,6,1,7,10,3,Cybersecurity Specialist
user_1520,Meditation,Writing,High School,44,"Sewing,Electrical Repair,Weightlifting",7,8,3,10,4,6,1,Civil Engineer
user_1521,Dancing,Board Games,High School,29,"Data Analysis,Programming",8,8,9,1,5,6,8,Data Scientist
user_1522,Cars,Gardening,Bachelor's,19,"Digital Marketing,Financial Literacy,AI Prompt Engineering",9,3,2,5,8,9,3,HR Manager
user_1523,Writing,Scuba Diving,Bachelor's,49,"Sewing,Empathy,Electrical Repair,Programming,Video Editing",4,7,4,3,9,7,4,Psychologist
user_1524,Chess,Baking,Doctorate,51,"Leadership,UI/UX Design,First Aid,Project Management",7,5,9,4,4,4,7,Statistician
user_1525,Entrepreneurship,Bird Watching,Doctorate,65,"Cybersecurity,Photography",7,1,6,5,10,5,7,Biomedical Engineer
user_1526,Psychology,Singing,High School,25,"Project Management,First Aid,AI Prompt Engineering",6,2,10,4,6,1,1,Sales Representative
user_1527,Languages,Origami,Master's,63,"Singing,Weightlifting",1,4,9,9,10,1,5,Construction Worker
user_1528,Reading,Chess,Vocational,50,"Data Analysis,Critical Thinking,Programming",9,4,8,5,8,6,6,Data Scientist
user_1529,Entrepreneurship,Pottery,Associate's,42,"Electrical Repair,Data Analysis,Writing,Robotics",8,9,5,1,2,10,1,UX Designer
user_1530,Psychology,Hiking,Bachelor's,62,"Foreign Languages,Graphic Design",2,6,9,7,7,9,7,Journalist
user_1531,Animals,Baking,Doctorate,51,"Driving,Photography,Carpentry",7,2,8,1,6,1,6,Construction Worker
user_1532,Reading,Board Games,Associate's,31,"Data Analysis,Critical Thinking,Programming",5,3,7,7,3,2,8,Data Scientist
user_1533,Sports,Traveling,Bachelor's,45,"AI Prompt Engineering,Conflict Resolution,Photography,Programming,Robotics",4,1,3,9,6,4,3,Cybersecurity Specialist
user_1534,Cars,Playing Guitar,Associate's,38,"Financial Literacy,Negotiation",1,3,6,3,9,6,5,Actor
user_1535,Music,Running,Master's,48,"Weightlifting,Empathy,Robotics",1,8,4,9,3,8,8,UX Designer
user_1536,Acting,Scuba Diving,Doctorate,48,"Photography,Programming,Sewing,AI Prompt Engineering,Public Speaking",1,8,2,3,2,1,3,Psychologist
user_1537,Film,Gardening,Associate's,65,"Conflict Resolution,Robotics,Cybersecurity,Driving,Electrical Repair",8,2,10,7,2,10,10,Statistician
user_1538,Entrepreneurship,Knitting,Bachelor's,44,"Public Speaking,AI Prompt Engineering,Empathy,Driving",7,9,4,4,5,5,1,Environmental Scientist
user_1539,Entrepreneurship,Writing,Doctorate,41,"Sewing,Electrical Repair,AI Prompt Engineering",4,3,3,2,10,2,5,Dentist
user_1540,Film,Playing Guitar,Bachelor's,21,"Cooking,Writing",10,2,2,6,1,2,1,Pilot
user_1541,Technology,Fitness,Associate's,51,"First Aid,Critical Thinking,Empathy",4,6,5,9,9,4,6,Registered Nurse
user_1542,Astronomy,Meditation,High School,34,"Digital Marketing,Weightlifting,Cybersecurity,Leadership,UI/UX Design",7,7,5,4,3,1,4,AI Engineer
user_1543,Volunteering,Painting,Associate's,43,"First Aid,Conflict Resolution,Weightlifting,Time Management",3,8,3,5,1,1,1,Environmental Scientist
user_1544,DIY,Knitting,High School,38,"Time Management,Programming",9,6,5,4,3,8,2,Dentist
user_1545,Cars,Traveling,Vocational,42,"Research,Programming,Graphic Design",1,1,1,10,1,9,10,Plumber
user_1546,Music,Astronomy,Associate's,52,"Carpentry,Leadership",4,6,5,2,6,9,10,Mechanic
user_1547,Photography,Skiing,Bachelor's,44,"Graphic Design,Digital Marketing,Sewing,Foreign Languages,Video Editing",3,9,1,9,2,3,3,HR Manager
user_1548,Psychology,Chess,Bachelor's,18,"UI/UX Design,Cybersecurity,Digital Marketing,Graphic Design",2,1,6,9,4,4,1,Statistician
user_1549,Fitness,Painting,High School,53,"Empathy,Critical Thinking",3,7,10,4,8,7,6,Social Worker
user_1550,Astronomy,Bird Watching,Bachelor's,26,"Foreign Languages,UI/UX Design,Digital Marketing",7,9,9,6,1,2,7,Social Worker
user_1551,Reading,Swimming,Bachelor's,50,"Time Management,Cybersecurity",4,8,7,2,7,6,3,Lawyer
user_1552,Animals,Meditation,Vocational,38,"Project Management,Cooking",6,10,8,8,8,3,7,Chef
user_1553,Travel,Traveling,Master's,41,"Cooking,Programming",2,5,2,8,2,7,6,Cybersecurity Specialist
user_1554,Collecting,Dancing,Bachelor's,40,"Singing,Electrical Repair",2,2,5,9,7,1,1,Sales Representative
user_1555,Psychology,Skiing,Vocational,51,"Singing,Robotics,Weightlifting,Writing,Negotiation",8,1,4,1,3,10,4,Biomedical Engineer
user_1556,Volunteering,Knitting,Doctorate,20,"First Aid,Carpentry,Time Management,Sewing,Programming",7,10,6,3,3,3,4,Journalist
user_1557,Cooking,Origami,High School,18,"Financial Literacy,Photography,Programming,Project Management,Research",5,3,7,7,3,5,10,AI Engineer
user_1558,Chess,Astronomy,Doctorate,23,"Critical Thinking,Video Editing,Driving,AI Prompt Engineering",6,7,8,5,1,7,9,Pilot
user_1559,Gardening,Baking,High School,35,"Financial Literacy,Foreign Languages,Weightlifting,Singing,Driving",7,6,9,4,5,9,4,Marketing Manager
user_1560,Reading,Singing,Bachelor's,31,"Video Editing,Robotics,Critical Thinking,Leadership,Cooking",4,3,1,8,8,6,9,Plumber
user_1561,Chess,Skiing,Bachelor's,57,"Driving,Robotics,Financial Literacy",5,5,4,7,10,6,9,Environmental Scientist
user_1562,Art,Collecting Stamps,Vocational,52,"Video Editing,Electrical Repair,Carpentry,Empathy",1,1,8,4,5,3,10,Mechanic
user_1563,Acting,Rock Climbing,Master's,38,"Financial Literacy,Research,UI/UX Design,Negotiation",1,4,9,1,2,7,3,UX Designer
user_1564,Psychology,Skiing,High School,37,"Programming,Driving,Carpentry,Singing",2,5,4,6,4,2,3,HR Manager
user_1565,Meditation,Board Games,Associate's,30,"Research,Empathy",2,2,3,4,6,10,1,Plumber
user_1566,Gaming,Swimming,Doctorate,42,"Research,Driving,Negotiation",2,1,9,6,8,4,9,Civil Engineer
user_1567,Cars,Board Games,Bachelor's,20,"Time Management,Digital Marketing",6,2,2,8,5,6,6,Marketing Manager
user_1568,Art,Painting,Associate's,32,"Graphic Design,UI/UX Design",6,8,6,7,3,7,5,Graphic Designer
user_1569,Animals,Reading,Master's,25,"Leadership,Public Speaking,Empathy",10,7,4,1,4,10,10,Elementary Teacher
user_1570,Fitness,Fitness,Bachelor's,48,"Empathy,First Aid,Critical Thinking",4,5,4,9,9,9,1,Registered Nurse
user_1571,Technology,Collecting Stamps,Vocational,43,"Negotiation,Public Speaking,Conflict Resolution,Driving",3,9,3,4,2,4,5,Civil Engineer
user_1572,Art,Fishing,High School,43,"UI/UX Design,Creativity,Graphic Design",2,9,4,5,4,7,10,Graphic Designer
user_1573,Dancing,Writing,Doctorate,24,"Programming,Foreign Languages,Project Management,Driving",10,2,8,10,3,7,6,Pilot
user_1574,Film,Collecting Stamps,High School,65,"Empathy,Leadership",8,4,10,3,3,2,10,Civil Engineer
user_1575,Film,Video Gaming,Bachelor's,48,"Sewing,Programming",6,3,10,9,8,8,1,Financial Analyst
user_1576,Travel,Gardening,Associate's,35,"Public Speaking,Programming,Research,Carpentry",1,3,7,9,4,9,8,Plumber
user_1577,Fashion,Photography,Doctorate,44,"Creativity,Graphic Design",10,4,5,7,8,6,5,Graphic Designer
user_1578,Chess,Running,Master's,33,"Public Speaking,Empathy",2,4,4,5,7,1,2,Elementary Teacher
user_1579,Film,Running,Vocational,41,"Carpentry,Public Speaking,Sewing",9,4,2,7,9,2,7,Architect
user_1580,Psychology,Bird Watching,Vocational,65,"AI Prompt Engineering,Programming,Electrical Repair,Empathy,Leadership",10,5,8,7,8,3,1,Journalist
user_1581,Art,Bird Watching,High School,47,"Foreign Languages,Digital Marketing",5,9,6,1,9,10,6,Environmental Scientist
user_1582,Entrepreneurship,Board Games,Doctorate,33,"Programming,Critical Thinking,Data Analysis",10,8,3,10,7,6,6,Data Scientist
user_1583,Fashion,Reading,Doctorate,48,"Programming,Data Analysis",10,6,7,2,3,7,7,Data Scientist
user_1584,Fashion,Cycling,Vocational,52,"Empathy,Critical Thinking,Robotics,Public Speaking,Carpentry",3,4,5,7,2,5,5,Financial Analyst
user_1585,Film,Astronomy,Bachelor's,43,"Programming,Data Analysis,Critical Thinking",3,5,9,4,2,10,7,Software Engineer
user_1586,Sports,Knitting,Associate's,42,"Time Management,Leadership,Weightlifting,Writing,UI/UX Design",1,4,7,9,9,4,1,Cybersecurity Specialist
user_1587,DIY,Playing Guitar,Doctorate,23,"Time Management,Carpentry,Empathy,Project Management",10,2,3,8,1,7,6,AI Engineer
user_1588,DIY,Traveling,Doctorate,27,"Graphic Design,Singing",8,3,3,9,3,5,8,AI Engineer
user_1589,Psychology,Meditation,Bachelor's,59,"Conflict Resolution,Robotics",8,6,8,9,10,9,5,Farm Worker
user_1590,Art,Fishing,Vocational,26,"Writing,Data Analysis",2,5,9,7,6,7,6,Biomedical Engineer
user_1591,Writing,Bird Watching,Vocational,58,"Foreign Languages,Conflict Resolution,Digital Marketing,Data Analysis",7,4,2,3,10,8,6,Lawyer
user_1592,History,Swimming,Vocational,49,"Graphic Design,Time Management",4,9,10,10,10,1,7,Chef
user_1593,Reading,Board Games,Master's,36,"Critical Thinking,Data Analysis",7,2,4,2,8,10,9,Data Scientist
user_1594,Art,Playing Guitar,Bachelor's,61,"AI Prompt Engineering,Negotiation,Empathy",5,6,9,6,9,4,6,Cybersecurity Specialist
user_1595,Collecting,Chess,Doctorate,31,"Project Management,UI/UX Design,Cooking",6,2,8,5,2,10,3,Pilot
user_1596,Magic,Cycling,Doctorate,29,"Video Editing,Research,Public Speaking",2,9,7,4,10,10,5,Statistician
user_1597,Dancing,Fishing,Bachelor's,31,"AI Prompt Engineering,Digital Marketing",1,8,10,7,9,6,10,Electrician
user_1598,Acting,Skiing,Associate's,64,"Singing,Empathy",10,10,3,2,8,8,4,Farm Worker
user_1599,Travel,Hiking,Master's,48,"UI/UX Design,Foreign Languages,Electrical Repair",1,8,3,2,8,4,5,Statistician
user_1600,Animals,Crafts,High School,48,"Public Speaking,Leadership,Empathy",7,6,5,1,2,9,2,Elementary Teacher
user_1601,Film,Writing,High School,28,"Digital Marketing,Research,Robotics,Sewing",6,1,10,5,8,7,6,Civil Engineer
user_1602,Music,Collecting Stamps,Master's,36,"Critical Thinking,Writing",6,4,10,9,10,2,4,Marketing Manager
user_1603,Entrepreneurship,Traveling,Doctorate,26,"Data Analysis,Critical Thinking,Programming",6,7,6,10,5,3,10,Data Scientist
user_1604,Entrepreneurship,Swimming,Master's,60,"AI Prompt Engineering,Carpentry,Sewing,Time Management,Negotiation",4,4,9,7,2,10,5,HR Manager
user_1605,Photography,Astronomy,Associate's,26,"Financial Literacy,Conflict Resolution,Project Management,Critical Thinking",1,7,7,3,9,4,5,Actor
user_1606,Photography,Chess,Vocational,48,"Data Analysis,Empathy,Leadership,Video Editing",7,10,5,1,9,7,6,Electrician
user_1607,Acting,Running,Associate's,39,"Electrical Repair,First Aid",4,6,1,10,6,3,9,Biomedical Engineer
user_1608,Animals,Swimming,Master's,45,"Cooking,Photography,AI Prompt Engineering,Data Analysis",8,7,6,1,5,8,2,Electrician
user_1609,Sports,Painting,Master's,50,"Photography,UI/UX Design,First Aid,Critical Thinking,Empathy",10,7,7,9,7,7,8,Psychologist
user_1610,Psychology,Cycling,Bachelor's,62,"Conflict Resolution,Foreign Languages",10,1,2,5,10,8,2,Lawyer
user_1611,Entrepreneurship,Bird Watching,Associate's,44,"Empathy,Cooking,Programming,Financial Literacy,Graphic Design",9,9,7,1,2,7,8,Psychologist
user_1612,History,Origami,Doctorate,45,"Programming,Weightlifting,UI/UX Design,First Aid",6,1,6,7,7,10,4,Construction Worker
user_1613,Gaming,Swimming,High School,48,"Weightlifting,Cooking,Research",8,2,5,1,3,6,1,Actor
user_1614,Meditation,Yoga,Master's,22,"Sewing,Digital Marketing,Leadership,Financial Literacy,Critical Thinking",10,4,7,9,1,7,4,Plumber
user_1615,Writing,Rock Climbing,Vocational,46,"AI Prompt Engineering,Cooking,Graphic Design,Research,Financial Literacy",4,1,5,9,6,3,8,Environmental Scientist
user_1616,Gardening,Swimming,Vocational,21,"Empathy,Foreign Languages,Photography",5,5,5,4,10,5,7,AI Engineer
user_1617,Technology,Dancing,Doctorate,26,"Critical Thinking,Data Analysis,Programming",4,2,8,5,5,6,8,Data Scientist
user_1618,Fashion,Running,Associate's,62,"Leadership,AI Prompt Engineering",9,10,8,8,5,8,6,AI Engineer
user_1619,Animals,Dancing,Vocational,46,"Research,First Aid,Weightlifting,Robotics,Conflict Resolution",1,4,8,7,8,7,9,Civil Engineer
user_1620,Fashion,Dancing,High School,37,"Negotiation,Photography,Critical Thinking,Graphic Design,Cooking",8,4,4,1,10,10,1,Lawyer
user_1621,Technology,Baking,Master's,27,"Empathy,Critical Thinking,First Aid",6,4,9,6,7,6,4,AI Engineer
user_1622,Film,Traveling,Doctorate,18,"First Aid,Electrical Repair",1,10,2,2,1,4,5,Journalist
user_1623,Animals,Meditation,Doctorate,43,"Graphic Design,Singing,Data Analysis,Driving",6,9,4,8,5,7,7,Social Worker
user_1624,Cars,Board Games,Doctorate,44,"Driving,Programming,First Aid,Empathy,Electrical Repair",10,7,7,7,9,3,10,Social Worker
user_1625,Technology,Reading,Master's,59,"First Aid,Cybersecurity",3,4,4,1,3,10,3,Sales Representative
user_1626,Photography,Collecting Stamps,Master's,45,"UI/UX Design,Project Management,Graphic Design",5,1,6,2,4,2,9,Dentist
user_1627,Photography,Hiking,Master's,55,"First Aid,Electrical Repair",9,6,3,5,8,5,5,Plumber
user_1628,Chess,Crafts,Doctorate,36,"Empathy,Public Speaking,Leadership",2,9,7,7,5,8,8,Elementary Teacher
user_1629,Film,Hiking,High School,27,"Leadership,Negotiation,Photography,First Aid",7,6,9,2,6,4,10,Social Worker
user_1630,Gardening,Fishing,Master's,57,"Research,Time Management",9,5,2,3,9,7,6,Biomedical Engineer
user_1631,Travel,Painting,Bachelor's,37,"Graphic Design,UI/UX Design,Creativity",4,9,2,5,7,4,5,Graphic Designer
user_1632,Technology,Meditation,Bachelor's,65,"Sewing,Conflict Resolution,Public Speaking",10,2,3,2,9,6,3,Statistician
user_1633,Writing,Board Games,Vocational,25,"Programming,Data Analysis",1,4,1,5,5,1,8,Data Scientist
user_1634,History,Running,Associate's,60,"Cooking,Electrical Repair,Foreign Languages,Empathy",7,4,5,6,5,2,9,Construction Worker
user_1635,Chess,Collecting Stamps,Associate's,39,"Public Speaking,Foreign Languages,Critical Thinking",2,10,2,1,7,2,7,Plumber
user_1636,Art,Painting,Associate's,33,"Graphic Design,UI/UX Design,Creativity",8,6,7,3,7,10,10,Graphic Designer
user_1637,Languages,Traveling,Doctorate,23,"Programming,Negotiation",10,4,3,6,8,3,3,Sales Representative
user_1638,Fitness,Reading,Associate's,30,"Empathy,Critical Thinking,First Aid",3,10,6,2,5,6,3,Registered Nurse
user_1639,Technology,Reading,Vocational,30,"Critical Thinking,Data Analysis",5,8,5,8,7,10,6,Software Engineer
user_1640,Gardening,Swimming,Bachelor's,62,"Photography,Public Speaking,Data Analysis,Weightlifting",7,6,6,7,3,4,9,Social Worker
user_1641,Reading,Scuba Diving,Master's,57,"Graphic Design,Photography,Video Editing",1,7,3,3,10,1,2,Construction Worker
user_1642,Animals,Chess,Doctorate,46,"Sewing,Time Management",10,1,4,9,1,4,6,Cybersecurity Specialist
user_1643,Fashion,Photography,Associate's,28,"UI/UX Design,Graphic Design,Creativity",4,5,8,3,9,4,10,Graphic Designer
user_1644,DIY,Playing Guitar,Vocational,60,"Writing,Programming,Research,Singing,First Aid",9,9,7,9,7,6,7,Psychologist
user_1645,Chess,Cooking,Doctorate,52,"Sewing,Data Analysis",9,4,3,4,6,4,1,Social Worker
user_1646,Meditation,Swimming,Bachelor's,44,"Leadership,Programming,AI Prompt Engineering,Video Editing,First Aid",6,9,4,8,5,5,10,Dentist
user_1647,Cars,Hiking,High School,48,"Weightlifting,Negotiation,Driving,Research",6,10,3,9,10,8,5,Construction Worker
user_1648,Film,Origami,Vocational,45,"Cooking,Sewing,Data Analysis,Robotics,Empathy",2,10,10,8,7,5,6,AI Engineer
user_1649,Technology,Board Games,Doctorate,45,"Weightlifting,Data Analysis,AI Prompt Engineering,Video Editing",8,9,10,7,4,1,1,Environmental Scientist
user_1650,Languages,Hiking,High School,23,"Time Management,Writing,Financial Literacy,Project Management",3,5,3,3,9,5,9,AI Engineer
user_1651,Art,Meditation,Doctorate,51,"Foreign Languages,Financial Literacy,Cybersecurity,Public Speaking",2,9,1,5,1,4,4,Architect
user_1652,Photography,Dancing,Master's,43,"Empathy,Writing,Data Analysis,UI/UX Design,Negotiation",6,5,5,7,1,6,4,Mechanic
user_1653,Sports,Traveling,Doctorate,43,"Writing,Project Management,Public Speaking",6,4,7,5,10,10,2,Plumber
user_1654,Cars,Traveling,Doctorate,27,"Empathy,Public Speaking,Carpentry,Graphic Design",6,6,4,9,4,1,8,Mechanic
user_1655,Cooking,Swimming,Associate's,31,"Video Editing,Writing,Financial Literacy,Leadership",5,5,7,1,8,9,10,AI Engineer
user_1656,Volunteering,Photography,Bachelor's,48,"Negotiation,Graphic Design,Project Management,Time Management",5,5,2,5,10,3,6,Biomedical Engineer
user_1657,Environment,Writing,Vocational,51,"Driving,Time Management,Writing,First Aid",8,8,7,6,7,6,10,Social Worker
user_1658,Cars,Astronomy,Doctorate,31,"Digital Marketing,Sewing,Foreign Languages,Singing",8,8,2,6,7,10,3,Marketing Manager
user_1659,Psychology,Playing Guitar,Associate's,25,"Photography,Negotiation,Time Management,Electrical Repair",8,2,1,1,2,2,6,AI Engineer
user_1660,Film,Photography,Doctorate,34,"Project Management,Carpentry,Negotiation,Electrical Repair,Leadership",6,7,5,2,4,6,5,Electrician
user_1661,Travel,Collecting Stamps,Doctorate,38,"Digital Marketing,Conflict Resolution,Project Management",9,6,6,6,9,1,10,Farm Worker
user_1662,Volunteering,Astronomy,Master's,29,"Empathy,Public Speaking",4,4,5,8,1,5,1,Elementary Teacher
user_1663,DIY,Bird Watching,Doctorate,55,"Empathy,Research,Robotics,Cybersecurity,Digital Marketing",5,2,9,6,6,10,6,Marketing Manager
user_1664,Music,Singing,High School,26,"Critical Thinking,Empathy,First Aid",2,8,1,7,8,10,5,Registered Nurse
user_1665,Gardening,Fishing,Doctorate,24,"Weightlifting,Cybersecurity,Project Management,Data Analysis,Empathy",6,10,4,9,10,7,8,Social Worker
user_1666,Chess,Writing,Associate's,63,"Public Speaking,Writing,Electrical Repair,Project Management,Singing",9,4,5,2,4,4,6,Construction Worker
user_1667,Animals,Skiing,Master's,36,"Critical Thinking,Empathy,First Aid",8,10,7,8,2,5,9,Registered Nurse
user_1668,Cars,Swimming,Associate's,53,"Video Editing,Robotics,Programming",9,3,6,3,7,4,8,Environmental Scientist
user_1669,Animals,Cycling,High School,26,"Photography,Research,Carpentry",2,5,3,6,3,7,2,Lawyer
user_1670,History,Rock Climbing,Associate's,43,"Electrical Repair,First Aid,Financial Literacy,Video Editing",6,4,3,6,6,5,5,Actor
user_1671,Entrepreneurship,Traveling,Bachelor's,30,"Driving,Cooking",3,1,4,9,9,2,10,Financial Analyst
user_1672,Chess,Chess,Bachelor's,23,"Video Editing,Driving,Project Management,Carpentry",1,2,5,9,4,4,4,Environmental Scientist
user_1673,Photography,Reading,Bachelor's,29,"Creativity,Graphic Design,UI/UX Design",7,8,7,2,9,4,8,Graphic Designer
user_1674,Astronomy,Scuba Diving,High School,58,"Carpentry,Data Analysis,Writing,Project Management,Public Speaking",5,9,9,9,7,9,1,Journalist
user_1675,Chess,Singing,Doctorate,28,"Conflict Resolution,Critical Thinking,Financial Literacy,Cooking,Research",7,5,10,7,8,5,2,Electrician
user_1676,Film,Reading,Bachelor's,34,"Time Management,Empathy",8,1,4,5,3,6,2,Biomedical Engineer
user_1677,Animals,Cycling,Vocational,43,"Time Management,Video Editing,Electrical Repair",1,8,5,3,2,6,4,Architect
user_1678,Languages,Reading,Vocational,29,"Foreign Languages,Time Management",1,9,9,8,6,5,9,AI Engineer
user_1679,Environment,Pottery,Associate's,30,"Programming,Foreign Languages",6,8,4,6,2,8,5,Electrician
user_1680,Entrepreneurship,Gardening,Bachelor's,26,"Programming,Data Analysis,Critical Thinking",10,6,6,9,10,8,10,Software Engineer
user_1681,Magic,Bird Watching,High School,49,"Photography,Public Speaking",6,7,9,8,1,10,5,Pilot
user_1682,Sports,Running,Vocational,58,"Photography,Digital Marketing,Electrical Repair,Video Editing",9,5,2,9,8,7,8,AI Engineer
user_1683,Gardening,Skiing,Doctorate,55,"Driving,Financial Literacy,Robotics,Digital Marketing,Graphic Design",8,4,1,4,4,3,5,Chef
user_1684,Volunteering,Crafts,Master's,50,"Public Speaking,Leadership,Empathy",6,7,1,6,5,3,8,Elementary Teacher
user_1685,Astronomy,Swimming,High School,24,"Public Speaking,Writing",10,8,7,5,8,6,5,Actor
user_1686,Fashion,Painting,Vocational,42,"Critical Thinking,Leadership,Cooking",5,1,4,10,1,10,9,Actor
user_1687,DIY,Meditation,Doctorate,56,"UI/UX Design,Conflict Resolution,Financial Literacy",7,2,4,9,3,7,9,AI Engineer
user_1688,Technology,Video Gaming,High School,59,"Time Management,Weightlifting,Robotics",7,3,7,4,8,8,10,Biomedical Engineer
user_1689,Dancing,Painting,Master's,56,"Carpentry,Driving,Research,Public Speaking,Foreign Languages",9,3,5,4,3,4,4,Construction Worker
user_1690,Sports,Knitting,High School,43,"Robotics,Conflict Resolution",7,10,5,4,1,7,10,Marketing Manager
user_1691,Environment,Painting,Master's,37,"Project Management,Leadership",6,4,8,1,1,7,5,Psychologist
user_1692,Gardening,Playing Guitar,High School,25,"First Aid,Carpentry",6,6,5,3,9,1,6,Environmental Scientist
user_1693,Music,Bird Watching,Master's,45,"Singing,Video Editing,Programming,Driving,Carpentry",1,4,10,3,3,2,4,Actor
user_1694,Reading,Traveling,Vocational,55,"Singing,Research,Writing",10,9,8,3,9,8,4,AI Engineer
user_1695,Art,Drawing,Bachelor's,29,"Creativity,Graphic Design",4,4,3,9,9,9,1,Graphic Designer
user_1696,Astronomy,Yoga,Associate's,61,"Project Management,Programming",3,3,1,2,8,6,5,Social Worker
user_1697,Acting,Writing,Doctorate,22,"Conflict Resolution,Weightlifting",5,7,7,3,8,6,1,Biomedical Engineer
user_1698,Cooking,Singing,High School,32,"Public Speaking,Writing,Singing,UI/UX Design,Sewing",6,5,9,4,4,1,10,Marketing Manager
user_1699,Gaming,Scuba Diving,Doctorate,18,"Public Speaking,Research,Graphic Design,Conflict Resolution,First Aid",6,8,10,3,4,3,7,AI Engineer
user_1700,Cars,Video Gaming,High School,24,"Public Speaking,Empathy,Data Analysis,Time Management",7,8,10,8,3,1,10,Biomedical Engineer
user_1701,Gaming,Painting,Master's,64,"Project Management,Digital Marketing,Cybersecurity,Time Management",8,1,5,10,4,8,10,Plumber
user_1702,Magic,Dancing,Associate's,25,"Foreign Languages,Robotics",4,10,8,2,5,10,3,Journalist
user_1703,Cooking,Yoga,Master's,47,"Time Management,Foreign Languages,Carpentry",7,3,6,10,2,9,9,UX Designer
user_1704,Environment,Traveling,Doctorate,45,"Writing,Carpentry,Weightlifting,Sewing,First Aid",5,4,5,4,6,5,10,Electrician
user_1705,Dancing,Fishing,Bachelor's,63,"Digital Marketing,Weightlifting,Leadership,Conflict Resolution",1,3,10,10,1,4,5,Pilot
user_1706,Reading,Gardening,Doctorate,19,"Time Management,Critical Thinking",1,10,2,7,6,8,4,Plumber
user_1707,Environment,Scuba Diving,Vocational,26,"First Aid,AI Prompt Engineering,Project Management,UI/UX Design",1,4,7,10,4,1,10,HR Manager
user_1708,Dancing,Scuba Diving,High School,47,"Robotics,Carpentry,Video Editing",5,2,5,8,6,7,10,Electrician
user_1709,Photography,Hiking,Associate's,57,"Electrical Repair,Research,Critical Thinking,Carpentry",3,10,9,4,6,10,7,Actor
user_1710,Technology,Video Gaming,Master's,45,"Critical Thinking,Data Analysis",1,1,4,3,10,10,1,Software Engineer
user_1711,Entrepreneurship,Reading,Doctorate,31,"Critical Thinking,Programming,Data Analysis",5,1,5,3,4,2,7,Data Scientist
user_1712,Languages,Rock Climbing,Associate's,54,"AI Prompt Engineering,Photography,Critical Thinking",4,10,7,10,1,5,6,Construction Worker
user_1713,Psychology,Playing Guitar,Associate's,47,"Digital Marketing,Robotics,Research",9,2,4,4,1,8,4,Architect
user_1714,Fitness,Cycling,Vocational,27,"Sewing,Writing,UI/UX Design,First Aid",1,10,9,6,4,8,3,Lawyer
user_1715,Art,Painting,Vocational,26,"Data Analysis,Robotics,Programming,Writing",2,6,6,6,9,8,1,AI Engineer
user_1716,Entrepreneurship,Yoga,High School,23,"Negotiation,Robotics,Conflict Resolution",2,3,6,4,9,1,8,Psychologist
user_1717,Psychology,Baking,Vocational,64,"AI Prompt Engineering,First Aid,UI/UX Design,Sewing",2,10,8,2,6,8,6,Construction Worker
user_1718,Cars,Skiing,Vocational,35,"Digital Marketing,Programming,Robotics,Research,Foreign Languages",2,7,3,2,9,6,7,Social Worker
user_1719,Reading,Fishing,Doctorate,40,"Critical Thinking,Programming,Data Analysis",8,2,5,4,4,7,1,Data Scientist
user_1720,Fitness,Board Games,Bachelor's,64,"Conflict Resolution,Public Speaking",4,10,3,8,9,9,9,UX Designer
user_1721,Chess,Knitting,Doctorate,25,"Digital Marketing,Singing,Leadership,Data Analysis,Foreign Languages",9,8,9,6,2,9,6,Actor
user_1722,Entrepreneurship,Board Games,Master's,52,"Video Editing,Writing,Carpentry",9,1,1,8,3,8,3,Psychologist
user_1723,Travel,Dancing,Bachelor's,36,"Electrical Repair,Leadership",4,1,9,4,1,7,10,Farm Worker
user_1724,Sports,Dancing,Associate's,56,"Foreign Languages,Electrical Repair,Weightlifting",2,5,7,8,5,10,1,Journalist
user_1725,Reading,Reading,Associate's,35,"Data Analysis,Programming,Critical Thinking",7,4,5,4,2,9,1,Data Scientist
user_1726,Volunteering,Singing,Associate's,45,"Sewing,Research,Photography,Digital Marketing",8,8,8,4,1,4,2,Construction Worker
user_1727,Reading,Cycling,Associate's,36,"Driving,Project Management,Programming,Conflict Resolution,Data Analysis",3,5,1,3,6,5,6,Cybersecurity Specialist
user_1728,DIY,Baking,High School,60,"Time Management,Conflict Resolution,Writing",7,8,4,9,9,8,3,Social Worker
user_1729,Languages,Board Games,Associate's,33,"Sewing,Driving,Public Speaking",1,1,10,2,5,4,6,Actor
user_1730,Psychology,Chess,High School,46,"Cooking,First Aid,Foreign Languages,Sewing,Video Editing",3,9,10,8,4,6,2,HR Manager
user_1731,Environment,Fishing,Doctorate,43,"Programming,Carpentry",3,4,1,3,4,5,1,Farm Worker
user_1732,Entrepreneurship,Reading,Master's,40,"Data Analysis,Critical Thinking,Programming",2,7,7,7,1,9,2,Data Scientist
user_1733,Environment,Chess,Bachelor's,58,"Time Management,Singing",7,4,7,2,6,3,8,Chef
user_1734,Music,Painting,Vocational,34,"First Aid,Singing,Robotics",7,4,2,4,8,4,8,Civil Engineer
user_1735,Gaming,Gardening,Doctorate,27,"Driving,Video Editing,Financial Literacy,Time Management,Research",2,5,2,10,4,10,7,UX Designer
user_1736,Volunteering,Meditation,Doctorate,25,"Robotics,Time Management",10,3,6,7,10,3,5,Plumber
user_1737,Writing,Hiking,Bachelor's,29,"First Aid,Empathy,Critical Thinking",1,6,2,4,3,6,2,Registered Nurse
user_1738,Technology,Swimming,High School,54,"Research,Public Speaking,Weightlifting,Video Editing",8,2,5,9,8,9,4,Social Worker
user_1739,Gardening,Bird Watching,Vocational,27,"Cooking,Driving,Writing,AI Prompt Engineering,First Aid",1,8,5,1,4,4,8,Marketing Manager
user_1740,Technology,Cycling,Master's,45,"Critical Thinking,Programming,Data Analysis",7,5,2,1,7,1,4,Software Engineer
user_1741,Animals,Writing,Bachelor's,23,"First Aid,Critical Thinking,Empathy",5,7,2,3,6,4,7,Registered Nurse
user_1742,Volunteering,Knitting,Bachelor's,56,"Weightlifting,Singing,Video Editing,Sewing",10,9,10,5,9,5,9,Chef
user_1743,Animals,Volunteering,Associate's,53,"First Aid,Critical Thinking",6,10,5,10,4,4,1,Registered Nurse
user_1744,Psychology,Board Games,Bachelor's,21,"First Aid,AI Prompt Engineering",1,3,2,5,5,5,2,Sales Representative
user_1745,Photography,Writing,Doctorate,51,"Driving,Time Management,Empathy,Foreign Languages",6,6,3,4,10,2,8,Electrician
user_1746,History,Scuba Diving,Master's,55,"Video Editing,Financial Literacy,Negotiation",4,7,2,10,8,8,4,Chef
user_1747,Volunteering,Bird Watching,Doctorate,64,"UI/UX Design,Photography,Research",9,6,9,7,6,4,10,Marketing Manager
user_1748,Writing,Traveling,Vocational,35,"Research,Data Analysis,Weightlifting",8,10,7,8,1,7,1,HR Manager
user_1749,History,Painting,High School,63,"Video Editing,Project Management",6,1,7,10,9,10,4,Farm Worker
user_1750,Psychology,Collecting Stamps,Bachelor's,18,"Critical Thinking,Driving",6,6,8,1,4,10,4,Architect
user_1751,Animals,Painting,Associate's,38,"AI Prompt Engineering,Robotics,Conflict Resolution",1,6,1,10,3,7,1,Mechanic
user_1752,Writing,Swimming,High School,55,"Photography,Singing,First Aid,Research,Sewing",10,9,2,3,2,4,1,Lawyer
user_1753,Entrepreneurship,Singing,Master's,57,"Sewing,Driving",9,7,8,3,4,4,2,Dentist
user_1754,Photography,Skiing,Bachelor's,41,"Empathy,Foreign Languages,Graphic Design,AI Prompt Engineering",3,3,2,9,9,3,3,Journalist
user_1755,Reading,Crafts,Bachelor's,23,"Public Speaking,Empathy",5,2,7,10,4,7,9,Elementary Teacher
user_1756,Sports,Reading,Vocational,27,"Research,Time Management,Driving",2,10,4,3,6,3,9,Lawyer
user_1757,Fashion,Meditation,Associate's,56,"Conflict Resolution,Carpentry,UI/UX Design,Cooking",3,10,7,5,5,5,9,Electrician
user_1758,Chess,Cycling,High School,37,"Digital Marketing,Public Speaking,Foreign Languages",5,1,10,9,1,6,9,Plumber
user_1759,Film,Astronomy,Doctorate,21,"Cybersecurity,Weightlifting,Carpentry,Sewing,Writing",9,8,10,1,3,6,10,Dentist
user_1760,Cooking,Photography,High School,26,"Graphic Design,Creativity",9,5,2,9,1,3,10,Graphic Designer
user_1761,Photography,Baking,Bachelor's,54,"AI Prompt Engineering,Robotics,Negotiation",8,10,6,6,2,10,3,Environmental Scientist
user_1762,Travel,Knitting,Bachelor's,18,"Cybersecurity,Leadership,Foreign Languages",3,6,7,8,7,2,2,Dentist
user_1763,Entrepreneurship,Knitting,Bachelor's,45,"Data Analysis,Programming,Critical Thinking",5,9,3,9,8,4,3,Software Engineer
user_1764,Art,Photography,Bachelor's,37,"Graphic Design,UI/UX Design,Creativity",8,3,1,2,10,8,1,Graphic Designer
user_1765,Film,Scuba Diving,Vocational,49,"Sewing,Weightlifting,Photography,Financial Literacy,Video Editing",6,2,3,10,6,6,6,Lawyer
user_1766,Animals,Volunteering,Bachelor's,49,"Public Speaking,Leadership",1,4,7,1,8,3,3,Elementary Teacher
user_1767,Chess,Hiking,Doctorate,35,"Weightlifting,Robotics,Financial Literacy",5,4,8,6,4,10,2,HR Manager
user_1768,Reading,Scuba Diving,Bachelor's,32,"Foreign Languages,Robotics",7,10,7,9,8,5,1,Plumber
user_1769,Reading,Knitting,Bachelor's,24,"Critical Thinking,Programming",5,6,9,1,2,6,2,Data Scientist
user_1770,Music,Meditation,Vocational,36,"Data Analysis,Negotiation",1,6,1,10,7,10,10,Social Worker
user_1771,Cooking,Scuba Diving,Vocational,62,"Project Management,Driving,Research",9,1,6,9,9,4,8,Construction Worker
user_1772,Entrepreneurship,Cooking,Associate's,65,"AI Prompt Engineering,Negotiation,Public Speaking",2,2,2,6,3,6,6,Pilot
user_1773,Cooking,Knitting,High School,32,"Electrical Repair,First Aid",9,10,1,4,1,5,6,Architect
user_1774,Writing,Astronomy,Associate's,26,"AI Prompt Engineering,Weightlifting,Digital Marketing",6,6,5,6,10,3,1,Lawyer
user_1775,History,Collecting Stamps,High School,24,"Research,Electrical Repair,Time Management",9,4,1,5,6,8,7,Pilot
user_1776,Gaming,Reading,Bachelor's,25,"Data Analysis,Programming,Critical Thinking",2,4,4,7,9,10,7,Software Engineer
user_1777,DIY,Photography,Vocational,60,"Programming,Driving,UI/UX Design",8,5,7,2,2,4,10,Dentist
user_1778,Magic,Traveling,Associate's,62,"UI/UX Design,Public Speaking,Research,Conflict Resolution,Digital Marketing",4,9,8,9,9,6,3,Journalist
user_1779,Dancing,Running,Associate's,33,"Video Editing,Cybersecurity,Digital Marketing,Public Speaking,UI/UX Design",10,1,1,8,4,8,10,Journalist
user_1780,Film,Origami,Doctorate,60,"Conflict Resolution,Research,Critical Thinking,First Aid",2,1,8,7,10,3,7,Farm Worker
user_1781,Technology,Meditation,High School,62,"Programming,UI/UX Design,Research,Empathy,First Aid",4,6,10,9,4,10,9,Cybersecurity Specialist
user_1782,Volunteering,Rock Climbing,Associate's,46,"UI/UX Design,Driving,Writing",6,7,9,2,7,8,9,Construction Worker
user_1783,Cars,Writing,High School,61,"Electrical Repair,Video Editing,Data Analysis,Weightlifting,UI/UX Design",4,6,1,1,8,9,9,Farm Worker
user_1784,Psychology,Pottery,Associate's,36,"Digital Marketing,Weightlifting",4,7,10,10,10,6,3,HR Manager
user_1785,Meditation,Writing,Bachelor's,38,"Carpentry,Electrical Repair,Digital Marketing",6,6,2,5,10,8,3,UX Designer
user_1786,Astronomy,Bird Watching,High School,36,"Research,AI Prompt Engineering,Cooking,Weightlifting,Public Speaking",10,4,6,6,6,6,8,Marketing Manager
user_1787,Writing,Hiking,Bachelor's,37,"UI/UX Design,Research,Negotiation,Time Management",5,8,7,2,3,2,9,Marketing Manager
user_1788,Reading,Fishing,High School,46,"Data Analysis,Weightlifting,Project Management,Carpentry,Conflict Resolution",3,9,4,1,6,7,5,Cybersecurity Specialist
user_1789,Technology,Fishing,Associate's,55,"Public Speaking,Project Management,Foreign Languages,Photography",6,7,1,8,8,8,9,Construction Worker
user_1790,Travel,Meditation,Doctorate,56,"First Aid,Driving",7,1,1,9,3,4,7,Plumber
user_1791,Cooking,Painting,High School,54,"Negotiation,Cooking,Driving,Programming,Video Editing",2,8,10,1,7,8,1,Dentist
user_1792,Collecting,Hiking,Associate's,37,"Electrical Repair,Foreign Languages",10,8,3,2,7,3,2,Sales Representative
user_1793,Photography,Drawing,High School,30,"Graphic Design,Creativity",2,3,3,7,1,1,9,Graphic Designer
user_1794,Art,Drawing,Bachelor's,43,"UI/UX Design,Creativity,Graphic Design",9,3,1,7,4,3,3,Graphic Designer
user_1795,Animals,Reading,Master's,42,"First Aid,Critical Thinking",8,7,1,10,7,1,7,Registered Nurse
user_1796,Travel,Video Gaming,Master's,47,"Writing,Singing,Weightlifting,First Aid",1,8,1,10,5,7,6,Farm Worker
user_1797,History,Pottery,Master's,56,"UI/UX Design,Project Management,Singing,Critical Thinking,Video Editing",9,1,10,3,9,3,7,Statistician
user_1798,Travel,Rock Climbing,Bachelor's,22,"Public Speaking,Cooking,Video Editing,Empathy,Cybersecurity",7,9,9,1,4,2,7,Psychologist
user_1799,Animals,Pottery,Vocational,25,"Sewing,First Aid,Project Management",9,6,4,6,5,2,7,Farm Worker
user_1800,Sports,Running,High School,51,"Programming,UI/UX Design,Cybersecurity,Data Analysis,Writing",1,9,7,8,2,6,3,Dentist
user_1801,Photography,Fitness,Associate's,46,"First Aid,Empathy,Critical Thinking",7,2,1,6,2,2,1,Registered Nurse
user_1802,DIY,Dancing,High School,64,"Programming,Negotiation,Public Speaking",3,6,5,10,8,3,4,Architect
user_1803,Chess,Bird Watching,Associate's,57,"First Aid,Financial Literacy,Electrical Repair,Driving,Cybersecurity",6,4,10,7,6,10,8,Statistician
user_1804,DIY,Chess,Doctorate,59,"Public Speaking,Critical Thinking,Graphic Design",7,5,2,6,4,8,5,Environmental Scientist
user_1805,Photography,Rock Climbing,Bachelor's,45,"Empathy,Time Management,Sewing,Research,Driving",10,8,7,9,2,7,1,Environmental Scientist
user_1806,Film,Gardening,Associate's,51,"AI Prompt Engineering,Empathy,Video Editing,Leadership",9,2,5,5,10,10,1,Biomedical Engineer
user_1807,DIY,Gardening,Doctorate,40,"First Aid,Cooking,Programming,Time Management,AI Prompt Engineering",10,9,7,4,3,5,6,Chef
user_1808,Dancing,Photography,Doctorate,21,"Research,Cybersecurity,Conflict Resolution,Graphic Design",9,5,7,7,9,10,9,Statistician
user_1809,Animals,Swimming,High School,50,"Public Speaking,Robotics,Driving",8,4,5,9,1,1,3,Cybersecurity Specialist
user_1810,Magic,Painting,High School,39,"Critical Thinking,Singing,Robotics,Carpentry",10,9,8,9,2,10,3,Dentist
user_1811,Fitness,Knitting,High School,36,"Time Management,Digital Marketing,UI/UX Design",8,2,8,9,5,8,3,Farm Worker
user_1812,Gaming,Gardening,Associate's,40,"AI Prompt Engineering,Robotics,Weightlifting",3,7,8,7,10,9,9,Psychologist
user_1813,Fitness,Chess,Associate's,50,"Weightlifting,Electrical Repair,Sewing,Critical Thinking",2,4,5,1,2,10,3,Psychologist
user_1814,Photography,Painting,Associate's,28,"Graphic Design,UI/UX Design,Creativity",3,5,9,5,5,8,10,Graphic Designer
user_1815,Gaming,Astronomy,Bachelor's,26,"Cybersecurity,UI/UX Design,Digital Marketing",1,8,1,7,6,10,5,Lawyer
user_1816,Psychology,Painting,Bachelor's,58,"Digital Marketing,Public Speaking,Photography,Robotics",8,3,8,2,9,7,3,Civil Engineer
user_1817,Languages,Cycling,Vocational,58,"Photography,Singing",1,8,9,3,9,8,9,Actor
user_1818,Collecting,Pottery,Associate's,50,"Video Editing,Digital Marketing,Negotiation,Foreign Languages,Cooking",5,2,9,1,3,9,9,Biomedical Engineer
user_1819,Reading,Meditation,High School,38,"Video Editing,Time Management,UI/UX Design,Cybersecurity",10,9,5,3,9,9,3,AI Engineer
user_1820,Writing,Writing,Vocational,61,"Robotics,AI Prompt Engineering,Singing",9,8,2,3,4,3,1,Electrician
user_1821,Fashion,Traveling,Doctorate,48,"Project Management,Foreign Languages,Singing,Cybersecurity,Driving",6,3,8,3,9,8,7,Actor
user_1822,Photography,Singing,Associate's,46,"Empathy,Programming",7,3,9,4,4,5,6,Architect
user_1823,Acting,Rock Climbing,Bachelor's,49,"Public Speaking,First Aid",6,4,6,9,6,10,8,Journalist
user_1824,Technology,Singing,Bachelor's,19,"Cybersecurity,Carpentry,Research,First Aid",1,3,6,6,6,5,7,Architect
user_1825,Dancing,Cycling,Bachelor's,48,"Negotiation,Research",10,7,5,7,8,4,9,Chef
user_1826,Film,Traveling,Associate's,65,"Writing,Empathy,Digital Marketing,Photography,Carpentry",3,10,2,3,5,9,10,Social Worker
user_1827,Collecting,Swimming,Vocational,33,"Cooking,Time Management,Robotics,Driving",5,3,7,5,1,8,7,Dentist
user_1828,Psychology,Gardening,Vocational,33,"Cybersecurity,Data Analysis",4,9,8,2,7,3,9,Civil Engineer
user_1829,Chess,Origami,Master's,22,"Singing,Driving",1,2,6,4,4,8,5,Psychologist
user_1830,Cooking,Pottery,Bachelor's,22,"UI/UX Design,Video Editing,Negotiation,AI Prompt Engineering",7,10,6,8,10,5,6,Pilot
user_1831,Music,Origami,Associate's,38,"Cybersecurity,Financial Literacy,Video Editing",3,10,2,8,2,5,9,Construction Worker
user_1832,Art,Drawing,Associate's,45,"Creativity,Graphic Design",2,7,6,2,2,10,3,Graphic Designer
user_1833,Art,Astronomy,Vocational,20,"Writing,Financial Literacy,Video Editing",10,5,8,4,1,9,9,Civil Engineer
user_1834,Magic,Photography,Vocational,65,"Weightlifting,Critical Thinking,Programming,Empathy",3,10,4,7,4,5,1,Mechanic
user_1835,Psychology,Singing,Doctorate,28,"Writing,Time Management,Cooking,Public Speaking",1,5,8,10,5,2,3,Construction Worker
user_1836,Chess,Collecting Stamps,High School,25,"Research,Critical Thinking,Empathy",4,5,9,6,8,2,4,Architect
user_1837,Reading,Photography,Vocational,49,"Critical Thinking,Robotics,Project Management",2,2,3,1,3,10,2,Architect
user_1838,Collecting,Yoga,Master's,20,"AI Prompt Engineering,Leadership,Public Speaking",9,9,9,2,10,7,7,Sales Representative
user_1839,Animals,Rock Climbing,Master's,20,"Graphic Design,Driving,Photography",4,6,7,9,4,2,8,Dentist
user_1840,Psychology,Origami,Doctorate,22,"Graphic Design,Programming,Conflict Resolution,Financial Literacy,Photography",9,10,2,10,2,9,8,UX Designer
user_1841,Cooking,Reading,Vocational,35,"Time Management,Negotiation,Foreign Languages,Programming",8,2,5,9,8,7,6,Actor
user_1842,Photography,Photography,Bachelor's,65,"Data Analysis,Video Editing,Programming",4,8,9,2,2,1,6,Civil Engineer
user_1843,Animals,Dancing,Associate's,47,"Critical Thinking,First Aid,Empathy",3,4,4,8,1,1,8,Registered Nurse
user_1844,Magic,Photography,Associate's,59,"Singing,Foreign Languages",4,4,3,4,5,4,1,Plumber
user_1845,Volunteering,Running,Vocational,57,"Digital Marketing,Electrical Repair,Cooking",10,1,10,8,3,3,9,HR Manager
user_1846,Gardening,Rock Climbing,High School,31,"Weightlifting,Time Management",7,1,4,5,9,3,4,Construction Worker
user_1847,Entrepreneurship,Origami,Master's,58,"Project Management,Digital Marketing,Singing",1,1,5,4,7,5,8,Financial Analyst
user_1848,DIY,Bird Watching,Doctorate,35,"Video Editing,Digital Marketing",8,2,3,1,7,4,2,Lawyer
user_1849,Art,Cycling,Associate's,40,"Programming,Leadership,Data Analysis,Empathy",5,5,2,6,8,3,9,AI Engineer
user_1850,Entrepreneurship,Cycling,High School,37,"UI/UX Design,Programming,Conflict Resolution,Photography,Weightlifting",7,2,2,9,10,3,7,Architect
user_1851,Sports,Cooking,Doctorate,43,"Video Editing,Leadership,Sewing",5,4,8,8,2,5,1,UX Designer
user_1852,Film,Swimming,Bachelor's,19,"Digital Marketing,Programming",2,2,10,7,3,3,8,Construction Worker
user_1853,Acting,Scuba Diving,High School,59,"Empathy,Conflict Resolution,Research,Photography,Video Editing",9,4,9,6,1,10,6,Dentist
user_1854,Writing,Swimming,Doctorate,41,"Singing,Data Analysis",2,4,7,5,1,4,5,Sales Representative
user_1855,Reading,Bird Watching,Associate's,43,"Empathy,Critical Thinking,First Aid",10,6,5,5,10,7,7,Registered Nurse
user_1856,Reading,Painting,Bachelor's,39,"Leadership,Programming,Data Analysis",7,2,8,4,5,5,8,Plumber
user_1857,Dancing,Singing,Bachelor's,63,"Singing,Digital Marketing,Robotics",3,7,5,9,10,8,2,Dentist
user_1858,Psychology,Crafts,Master's,47,"Leadership,Public Speaking",1,5,10,5,9,5,2,Elementary Teacher
user_1859,Cars,Hiking,Bachelor's,28,"Cybersecurity,Negotiation,Conflict Resolution,Video Editing,Driving",8,10,9,2,4,1,3,Financial Analyst
user_1860,Writing,Fishing,Master's,53,"Weightlifting,Empathy,Graphic Design",9,8,1,9,10,5,2,Cybersecurity Specialist
user_1861,Reading,Knitting,Master's,27,"Critical Thinking,Data Analysis,Programming",10,8,6,5,3,5,8,Data Scientist
user_1862,Film,Bird Watching,Associate's,53,"Electrical Repair,Programming,Public Speaking,Writing,Singing",9,2,3,6,4,3,6,Mechanic
user_1863,Cooking,Knitting,Bachelor's,54,"AI Prompt Engineering,Foreign Languages",7,7,1,3,9,7,6,Environmental Scientist
user_1864,Fitness,Knitting,Doctorate,51,"Data Analysis,Sewing,Cybersecurity",1,1,4,8,1,10,1,Lawyer
user_1865,Volunteering,Board Games,Doctorate,44,"Sewing,Research,Time Management,Digital Marketing,Carpentry",1,8,1,10,9,4,5,Journalist
user_1866,Fashion,Rock Climbing,Bachelor's,61,"AI Prompt Engineering,Foreign Languages,Negotiation",1,8,5,5,6,7,6,Architect
user_1867,Entrepreneurship,Cycling,Doctorate,39,"Critical Thinking,Programming,Data Analysis",1,4,5,6,3,3,1,Data Scientist
user_1868,Acting,Rock Climbing,Doctorate,42,"Negotiation,Carpentry,UI/UX Design,Electrical Repair",4,4,1,10,1,8,5,Financial Analyst
user_1869,Acting,Skiing,Vocational,35,"Video Editing,Empathy,Writing,Negotiation,Data Analysis",3,6,9,4,8,10,10,Psychologist
user_1870,Travel,Hiking,Vocational,49,"Digital Marketing,Photography,First Aid,Project Management,Singing",6,7,3,9,4,8,3,UX Designer
user_1871,Languages,Bird Watching,Bachelor's,22,"Leadership,Empathy,Public Speaking",4,5,1,4,8,1,5,Elementary Teacher
user_1872,Gaming,Chess,Associate's,43,"Project Management,Negotiation",8,9,1,5,8,4,8,Financial Analyst
user_1873,Film,Knitting,Master's,19,"Critical Thinking,Negotiation,Conflict Resolution,Cybersecurity,Empathy",3,2,6,8,9,4,8,Sales Representative
user_1874,Acting,Skiing,Bachelor's,30,"Leadership,Negotiation,AI Prompt Engineering,Photography,First Aid",3,9,9,4,10,1,4,HR Manager
user_1875,Travel,Photography,Doctorate,41,"Digital Marketing,Carpentry",2,10,9,6,10,7,6,Dentist
user_1876,Reading,Origami,Doctorate,59,"Financial Literacy,Driving,Sewing,Public Speaking,Video Editing",8,4,5,8,7,8,2,Lawyer
user_1877,Animals,Dancing,Doctorate,57,"Weightlifting,Empathy",1,4,9,6,3,5,3,Architect
user_1878,Environment,Knitting,Vocational,61,"Critical Thinking,Photography,Time Management,Driving,Foreign Languages",4,10,10,5,10,6,10,Sales Representative
user_1879,DIY,Yoga,Bachelor's,41,"Sewing,Driving,Financial Literacy,Negotiation,Photography",2,8,1,9,8,4,1,Actor
user_1880,Film,Knitting,Vocational,61,"Negotiation,Empathy,Video Editing",8,4,3,3,4,5,9,AI Engineer
user_1881,Entrepreneurship,Reading,High School,55,"Public Speaking,AI Prompt Engineering",1,5,9,9,7,7,1,Dentist
user_1882,Environment,Running,Master's,58,"Driving,Writing,Leadership",6,10,6,5,2,8,7,Environmental Scientist
user_1883,Reading,Yoga,Doctorate,60,"Financial Literacy,Singing,Data Analysis,Programming",5,6,8,4,5,7,7,UX Designer
user_1884,Environment,Running,High School,65,"Project Management,Leadership,Time Management,Programming",6,7,7,6,2,9,4,Farm Worker
user_1885,Magic,Board Games,Master's,50,"Electrical Repair,First Aid,Digital Marketing",5,6,1,10,7,9,6,Social Worker
user_1886,Art,Fitness,Associate's,39,"First Aid,Empathy,Critical Thinking",4,5,4,6,5,9,7,Registered Nurse
user_1887,Art,Singing,Vocational,50,"Graphic Design,Programming,Leadership,Singing,Public Speaking",4,6,5,7,10,5,7,AI Engineer
user_1888,Sports,Video Gaming,Associate's,47,"Empathy,UI/UX Design,Time Management,Data Analysis,Driving",2,7,2,3,3,2,6,AI Engineer
user_1889,Reading,Scuba Diving,Master's,63,"Financial Literacy,Time Management",1,1,5,2,6,9,10,Actor
user_1890,Psychology,Writing,Bachelor's,18,"Robotics,Digital Marketing",9,6,6,1,1,3,10,HR Manager
user_1891,Fitness,Chess,Master's,26,"Critical Thinking,Data Analysis,Programming",2,10,5,10,10,10,2,Data Scientist
user_1892,Dancing,Writing,Doctorate,55,"Robotics,UI/UX Design,Time Management",7,9,8,2,9,7,8,Sales Representative
user_1893,History,Rock Climbing,Vocational,63,"Sewing,Robotics,Conflict Resolution",9,6,1,8,2,10,7,Civil Engineer
user_1894,Travel,Chess,Master's,40,"Project Management,Public Speaking,Time Management",5,1,1,4,8,2,8,Environmental Scientist
user_1895,Fashion,Chess,Master's,18,"Video Editing,Data Analysis,Graphic Design,Cybersecurity,UI/UX Design",3,7,3,1,4,1,7,HR Manager
user_1896,Gaming,Drawing,High School,23,"UI/UX Design,Graphic Design,Creativity",10,10,4,4,1,3,6,Graphic Designer
user_1897,Languages,Painting,Vocational,25,"Robotics,Driving,Cooking,AI Prompt Engineering",7,9,9,10,2,1,10,Lawyer
user_1898,Music,Dancing,Vocational,23,"Project Management,Sewing",1,4,7,1,9,2,7,Construction Worker
user_1899,Art,Origami,Master's,62,"Cybersecurity,AI Prompt Engineering",8,2,5,1,9,4,5,Cybersecurity Specialist
user_1900,Technology,Reading,Master's,23,"Programming,Critical Thinking,Data Analysis",6,7,7,10,9,4,10,Software Engineer
user_1901,Sports,Photography,Associate's,27,"Critical Thinking,AI Prompt Engineering",6,8,8,7,3,6,4,Biomedical Engineer
user_1902,History,Astronomy,Associate's,30,"Data Analysis,Video Editing",5,8,3,9,7,2,8,Statistician
user_1903,Film,Knitting,Vocational,56,"Video Editing,Graphic Design,Data Analysis,Sewing,Project Management",9,7,7,1,4,5,10,Actor
user_1904,Cars,Gardening,High School,43,"Video Editing,Carpentry,Robotics,Writing",8,5,1,3,2,6,8,Pilot
user_1905,Photography,Singing,Associate's,20,"Creativity,UI/UX Design,Graphic Design",2,8,3,2,6,1,6,Graphic Designer
user_1906,DIY,Cycling,Master's,35,"UI/UX Design,Foreign Languages,Programming,Cooking",10,10,4,5,3,4,3,Financial Analyst
user_1907,Magic,Chess,Doctorate,32,"Research,Robotics",5,2,5,1,9,8,9,Marketing Manager
user_1908,Psychology,Rock Climbing,Associate's,20,"Data Analysis,UI/UX Design,Foreign Languages",9,3,4,2,4,8,10,Civil Engineer
user_1909,Film,Meditation,Bachelor's,27,"Carpentry,Foreign Languages,Negotiation,Electrical Repair",9,10,7,4,6,6,9,Actor
user_1910,Psychology,Yoga,Master's,51,"Photography,Empathy,Sewing",8,3,6,5,5,3,3,Environmental Scientist
user_1911,Gaming,Board Games,Vocational,53,"Cooking,Public Speaking",4,5,6,6,4,9,9,Dentist
user_1912,Astronomy,Swimming,Bachelor's,42,"Singing,Project Management",9,9,8,5,6,9,8,AI Engineer
user_1913,Meditation,Singing,Vocational,63,"Singing,Negotiation,AI Prompt Engineering,Photography,Data Analysis",6,3,7,3,2,1,8,Dentist
user_1914,Technology,Yoga,Master's,41,"Critical Thinking,Data Analysis,Programming",5,5,4,4,2,10,10,Software Engineer
user_1915,Sports,Astronomy,Master's,46,"AI Prompt Engineering,Foreign Languages,Robotics",10,8,1,2,1,1,4,Statistician
user_1916,DIY,Scuba Diving,Master's,62,"Robotics,Singing,Cybersecurity,Foreign Languages",2,9,9,9,2,8,9,Construction Worker
user_1917,Astronomy,Collecting Stamps,Associate's,31,"Foreign Languages,UI/UX Design,Digital Marketing,Leadership,Project Management",8,5,10,1,4,4,2,Civil Engineer
user_1918,Art,Traveling,Bachelor's,18,"Electrical Repair,Photography,Driving,Data Analysis",5,9,4,7,9,8,5,Architect
user_1919,Entrepreneurship,Knitting,Bachelor's,40,"Programming,Driving,Electrical Repair,Video Editing,Cybersecurity",3,3,9,3,2,3,9,Electrician
user_1920,Photography,Painting,Associate's,39,"Graphic Design,UI/UX Design",5,6,10,7,10,3,1,Graphic Designer
user_1921,Dancing,Cooking,Vocational,34,"Photography,Cooking,Leadership,Research",5,10,9,2,2,9,5,Electrician
user_1922,Entrepreneurship,Running,Master's,44,"Critical Thinking,Programming",7,5,9,2,2,7,6,Software Engineer
user_1923,Photography,Painting,Associate's,44,"Graphic Design,Creativity,UI/UX Design",10,8,3,8,7,8,7,Graphic Designer
user_1924,Languages,Running,Bachelor's,22,"Robotics,Sewing,Critical Thinking",2,8,5,10,2,10,6,Construction Worker
user_1925,Languages,Bird Watching,Vocational,30,"AI Prompt Engineering,Programming,Driving",8,7,2,6,1,1,2,Lawyer
user_1926,Music,Yoga,Associate's,29,"Foreign Languages,First Aid,Writing",10,3,2,5,10,10,1,Social Worker
user_1927,Fashion,Scuba Diving,Master's,19,"Robotics,Financial Literacy,Research,Driving",10,10,2,6,8,4,9,Cybersecurity Specialist
user_1928,Photography,Knitting,Bachelor's,29,"Time Management,Driving",7,2,1,3,4,8,3,Dentist
user_1929,Entrepreneurship,Meditation,Master's,46,"Weightlifting,First Aid,UI/UX Design",6,10,8,2,6,6,8,Actor
user_1930,Volunteering,Reading,Master's,53,"Leadership,Public Speaking",7,1,10,7,9,6,7,Elementary Teacher
user_1931,Environment,Pottery,Associate's,61,"Photography,Negotiation,Leadership,Video Editing,Writing",10,5,4,4,7,5,5,UX Designer
user_1932,Meditation,Bird Watching,Doctorate,45,"AI Prompt Engineering,Video Editing,Research,Conflict Resolution",5,6,9,8,7,7,10,AI Engineer
user_1933,Cars,Astronomy,Doctorate,33,"Conflict Resolution,Electrical Repair,UI/UX Design,First Aid",6,1,3,5,1,6,4,Cybersecurity Specialist
user_1934,Meditation,Baking,Master's,57,"Cooking,Weightlifting,Digital Marketing,Financial Literacy,AI Prompt Engineering",5,6,1,4,8,6,5,Dentist
user_1935,Travel,Hiking,Doctorate,52,"UI/UX Design,Video Editing,Time Management,Photography",3,10,2,4,7,10,7,Architect
user_1936,Travel,Gardening,Associate's,23,"Programming,Empathy,Weightlifting,Video Editing",4,3,5,1,6,2,1,Farm Worker
user_1937,Animals,Swimming,Vocational,30,"UI/UX Design,Video Editing,Electrical Repair,First Aid",7,5,7,7,1,4,4,Journalist
user_1938,Reading,Crafts,Master's,26,"Public Speaking,Leadership",3,8,7,1,8,9,2,Elementary Teacher
user_1939,Chess,Video Gaming,Bachelor's,54,"Photography,Leadership,Digital Marketing,Conflict Resolution,Robotics",1,7,2,5,5,4,6,Sales Representative
user_1940,Gardening,Reading,Associate's,60,"Foreign Languages,Public Speaking,Carpentry",8,1,7,9,8,6,7,Plumber
user_1941,Cooking,Playing Guitar,Doctorate,43,"Conflict Resolution,Photography",10,2,3,4,8,8,5,Biomedical Engineer
user_1942,Magic,Playing Guitar,Bachelor's,44,"Programming,Cooking,UI/UX Design,Cybersecurity,Leadership",1,8,10,2,1,7,6,UX Designer
user_1943,Volunteering,Hiking,Master's,61,"Electrical Repair,Leadership,Empathy,First Aid",9,4,1,4,5,9,6,Farm Worker
user_1944,Sports,Collecting Stamps,Vocational,48,"Leadership,Public Speaking,AI Prompt Engineering",1,4,2,8,9,9,4,Statistician
user_1945,DIY,Collecting Stamps,Master's,35,"First Aid,Weightlifting,Public Speaking,Singing",9,10,6,10,4,1,4,Psychologist
user_1946,Reading,Collecting Stamps,Master's,21,"Empathy,Negotiation",3,4,1,3,10,10,10,Civil Engineer
user_1947,Photography,Dancing,Bachelor's,40,"Programming,Digital Marketing,Electrical Repair,AI Prompt Engineering",10,2,6,5,1,3,8,UX Designer
user_1948,Writing,Running,Associate's,18,"Critical Thinking,Project Management",4,2,9,3,1,7,9,Financial Analyst
user_1949,Magic,Gardening,Associate's,37,"Cybersecurity,Electrical Repair,Photography,UI/UX Design",9,6,8,8,10,8,4,Electrician
user_1950,Meditation,Cycling,Associate's,23,"Writing,Project Management,Conflict Resolution",4,9,3,7,5,3,10,Social Worker
user_1951,Fashion,Writing,Bachelor's,51,"Cooking,Weightlifting",6,10,1,4,1,9,2,Journalist
user_1952,Entrepreneurship,Cycling,Doctorate,39,"Robotics,Cybersecurity",5,9,9,5,10,2,6,Farm Worker
user_1953,Fitness,Gardening,Vocational,39,"Electrical Repair,UI/UX Design",7,10,6,6,6,10,4,HR Manager
user_1954,Psychology,Painting,Doctorate,27,"Electrical Repair,Sewing,Cooking,Critical Thinking,Robotics",8,8,8,5,6,10,3,Environmental Scientist
user_1955,Collecting,Yoga,Doctorate,55,"Writing,AI Prompt Engineering,Public Speaking",1,8,1,5,6,6,10,Civil Engineer
user_1956,DIY,Rock Climbing,High School,45,"Project Management,Photography,Driving,Time Management,Cooking",7,8,2,3,6,6,10,UX Designer
user_1957,History,Baking,High School,42,"Data Analysis,Research,Project Management,UI/UX Design",3,8,3,8,7,6,4,Marketing Manager
user_1958,Magic,Traveling,Doctorate,21,"Cooking,Critical Thinking",6,6,9,4,5,6,6,Pilot
user_1959,Film,Hiking,Vocational,41,"Cybersecurity,Conflict Resolution,Sewing,Foreign Languages,Leadership",1,9,10,6,1,5,10,Architect
user_1960,Reading,Board Games,Doctorate,48,"Data Analysis,Programming",10,4,4,7,9,7,1,Data Scientist
user_1961,Volunteering,Pottery,Master's,40,"Graphic Design,Public Speaking",6,6,9,4,10,2,2,Statistician
user_1962,Art,Gardening,Master's,63,"Driving,Empathy,Digital Marketing",4,10,7,4,8,10,1,Chef
user_1963,Art,Drawing,Associate's,29,"UI/UX Design,Graphic Design,Creativity",8,7,7,4,5,3,1,Graphic Designer
user_1964,Photography,Photography,Doctorate,33,"Creativity,Graphic Design,UI/UX Design",8,9,4,3,8,10,7,Graphic Designer
user_1965,Psychology,Running,Bachelor's,46,"First Aid,AI Prompt Engineering,Time Management,Carpentry",5,7,9,8,2,5,5,Dentist
user_1966,Reading,Chess,Vocational,30,"Programming,Data Analysis,Critical Thinking",7,10,1,9,10,7,5,Data Scientist
user_1967,Gaming,Cooking,Vocational,54,"Digital Marketing,Driving,Sewing",3,5,7,9,8,3,3,Dentist
user_1968,Sports,Gardening,Bachelor's,61,"Photography,Leadership",7,8,5,9,6,8,9,Environmental Scientist
user_1969,Languages,Traveling,Associate's,61,"Driving,Video Editing,Financial Literacy,Robotics,UI/UX Design",6,8,9,7,9,1,1,Dentist
user_1970,Cars,Chess,Master's,34,"Foreign Languages,UI/UX Design,Digital Marketing",3,8,1,6,7,2,5,Marketing Manager
user_1971,Writing,Fitness,Associate's,51,"Empathy,Critical Thinking,First Aid",1,4,6,2,10,2,10,Registered Nurse
user_1972,Photography,Fishing,Master's,38,"Singing,Graphic Design",5,4,3,3,10,9,8,Electrician
user_1973,Sports,Painting,Vocational,31,"Programming,Video Editing",1,9,10,2,8,1,1,Environmental Scientist
user_1974,Fashion,Origami,Doctorate,36,"Negotiation,AI Prompt Engineering,Programming,Cooking,Conflict Resolution",3,8,1,3,6,10,10,Construction Worker
user_1975,Travel,Gardening,Associate's,18,"Writing,Empathy,Weightlifting,Negotiation,Data Analysis",4,1,7,2,1,10,3,Cybersecurity Specialist
user_1976,Languages,Traveling,Vocational,47,"Critical Thinking,Electrical Repair",4,3,1,5,4,2,10,Psychologist
user_1977,Reading,Dancing,Bachelor's,20,"Digital Marketing,Photography,Video Editing",2,7,6,6,9,1,7,Lawyer
user_1978,Fashion,Painting,High School,61,"Video Editing,Financial Literacy,Weightlifting",8,1,3,8,6,2,1,Lawyer
user_1979,Music,Fishing,Bachelor's,22,"Carpentry,Graphic Design",9,2,7,8,10,4,3,Sales Representative
user_1980,Collecting,Dancing,Associate's,51,"Empathy,Time Management,Cybersecurity,Cooking",2,7,6,8,1,8,10,Journalist
user_1981,Sports,Cooking,Bachelor's,61,"Foreign Languages,Empathy,Leadership,Research",6,6,2,10,1,3,1,Civil Engineer
user_1982,Volunteering,Playing Guitar,Bachelor's,45,"Empathy,First Aid,Critical Thinking",4,4,1,6,8,6,5,Registered Nurse
user_1983,Volunteering,Traveling,Bachelor's,28,"Public Speaking,Empathy,Leadership",1,2,3,6,10,3,9,Elementary Teacher
user_1984,Entrepreneurship,Pottery,High School,47,"AI Prompt Engineering,Electrical Repair,Negotiation,Public Speaking,Data Analysis",8,4,10,4,1,2,1,Construction Worker
user_1985,Photography,Scuba Diving,Doctorate,22,"Time Management,Photography,Weightlifting,Video Editing,Critical Thinking",8,1,9,10,5,5,1,Financial Analyst
user_1986,Magic,Singing,Associate's,47,"Driving,Writing",7,6,1,10,5,7,3,Financial Analyst
user_1987,Dancing,Meditation,Doctorate,28,"Programming,Sewing,Project Management,UI/UX Design,Robotics",7,2,2,9,7,9,1,Farm Worker
user_1988,Writing,Meditation,Associate's,54,"Robotics,Singing",2,8,1,1,4,3,8,Journalist
user_1989,Meditation,Bird Watching,Bachelor's,21,"First Aid,Driving",10,8,3,7,9,3,2,Farm Worker
user_1990,Music,Bird Watching,Bachelor's,30,"AI Prompt Engineering,Negotiation,Video Editing,Cybersecurity",10,2,10,3,3,1,6,Lawyer
user_1991,Fitness,Baking,Master's,60,"Negotiation,Public Speaking,Writing",6,2,7,8,5,9,7,Actor
user_1992,Dancing,Bird Watching,Doctorate,49,"Leadership,Electrical Repair,Critical Thinking,Writing",8,10,4,6,10,10,6,Mechanic
user_1993,Animals,Meditation,Bachelor's,25,"Negotiation,Project Management,Sewing",1,2,10,4,1,7,5,Biomedical Engineer
user_1994,Writing,Meditation,Bachelor's,55,"Photography,Negotiation,Digital Marketing",1,4,2,4,9,8,9,Sales Representative
user_1995,DIY,Baking,Bachelor's,41,"Digital Marketing,Cooking,Robotics",6,3,7,3,1,3,10,Actor
user_1996,Cooking,Crafts,Master's,45,"Empathy,Public Speaking",10,3,3,3,10,4,2,Elementary Teacher
user_1997,Cars,Chess,Doctorate,64,"Negotiation,Robotics,Sewing,Financial Literacy,Public Speaking",6,6,8,8,8,10,2,Sales Representative
user_1998,Cars,Fishing,Vocational,40,"Leadership,UI/UX Design,Cybersecurity",2,2,6,8,6,1,10,Chef
user_1999,Volunteering,Fitness,Associate's,44,"Empathy,Critical Thinking,First Aid",4,10,2,7,9,7,8,Registered Nurse
user_2000,Environment,Chess,Vocational,55,"First Aid,Research,Data Analysis,Public Speaking",2,1,5,3,8,10,8,Sales Representative
user_2001,Reading,Pottery,Master's,29,"Public Speaking,Leadership",6,8,6,4,9,5,9,Elementary Teacher
user_2002,Fashion,Dancing,Bachelor's,21,"Conflict Resolution,Robotics",7,5,3,7,3,5,6,Chef
user_2003,Photography,Fishing,Doctorate,34,"AI Prompt Engineering,Cybersecurity,Carpentry,Project Management,Driving",4,10,5,1,8,2,8,Cybersecurity Specialist
user_2004,Languages,Collecting Stamps,Associate's,34,"Driving,Public Speaking,Empathy,Foreign Languages,Research",4,10,9,2,1,8,10,UX Designer
user_2005,Cars,Board Games,Doctorate,23,"Programming,UI/UX Design,Carpentry",3,5,2,8,6,7,2,Marketing Manager
user_2006,Meditation,Photography,Master's,64,"First Aid,Data Analysis,Photography,Driving",4,7,7,6,1,3,9,Dentist
user_2007,Animals,Dancing,Bachelor's,58,"Leadership,Empathy",3,5,10,3,3,2,10,Elementary Teacher
user_2008,Volunteering,Cycling,Associate's,25,"Programming,Sewing,Graphic Design,Photography",9,6,7,10,10,4,10,Marketing Manager
user_2009,Dancing,Singing,Vocational,63,"Data Analysis,Electrical Repair",5,1,3,1,10,9,5,Statistician
user_2010,Technology,Collecting Stamps,Associate's,52,"Cybersecurity,Singing",3,8,3,10,2,4,7,AI Engineer
user_2011,Cars,Meditation,High School,38,"Research,Project Management,Empathy",2,9,1,2,2,4,1,HR Manager
user_2012,Chess,Running,Vocational,33,"Carpentry,Singing,First Aid,UI/UX Design",1,3,3,5,7,3,7,Cybersecurity Specialist
user_2013,Magic,Singing,Associate's,28,"Singing,Foreign Languages,Electrical Repair",1,8,8,7,1,5,3,Electrician
user_2014,Astronomy,Yoga,High School,52,"Writing,Conflict Resolution,Project Management,Graphic Design,Public Speaking",8,6,3,5,1,1,4,UX Designer
user_2015,Acting,Yoga,Bachelor's,26,"First Aid,Carpentry,Foreign Languages,Negotiation",5,2,7,9,10,4,10,UX Designer
user_2016,Cooking,Playing Guitar,Master's,60,"Research,Singing",3,9,10,4,7,4,3,HR Manager
user_2017,Cooking,Skiing,Vocational,40,"Sewing,Financial Literacy,Digital Marketing,Graphic Design,Leadership",10,10,6,10,4,2,2,Marketing Manager
user_2018,Fitness,Scuba Diving,Bachelor's,64,"Negotiation,Programming",8,1,8,8,6,1,9,Electrician
user_2019,Magic,Knitting,Vocational,40,"Video Editing,Leadership,Foreign Languages,Cybersecurity,Project Management",2,4,9,1,6,10,6,Actor
user_2020,Cooking,Cooking,Associate's,55,"Cooking,Data Analysis,Photography,Robotics",4,1,6,10,2,6,5,Mechanic
user_2021,Gaming,Video Gaming,Master's,29,"Critical Thinking,Programming,Data Analysis",1,5,2,8,4,8,3,Software Engineer
user_2022,Languages,Video Gaming,High School,63,"Weightlifting,Robotics,Driving",3,4,9,2,3,9,2,Actor
user_2023,Fitness,Writing,Bachelor's,65,"Weightlifting,Project Management,Robotics,Data Analysis",2,3,8,6,10,7,4,Plumber
user_2024,Dancing,Origami,High School,52,"Carpentry,Digital Marketing,Public Speaking,Robotics,Foreign Languages",6,10,5,1,1,4,9,Electrician
user_2025,Psychology,Photography,Doctorate,20,"Project Management,Graphic Design",9,3,5,2,5,1,9,Construction Worker
user_2026,Entrepreneurship,Chess,Master's,29,"Programming,Critical Thinking",1,4,3,1,5,4,5,Data Scientist
user_2027,Technology,Gardening,Master's,47,"Public Speaking,Leadership",5,2,4,2,4,6,6,Elementary Teacher
user_2028,Acting,Writing,Doctorate,26,"AI Prompt Engineering,Negotiation,Foreign Languages",8,3,2,8,7,2,9,Environmental Scientist
user_2029,Reading,Bird Watching,Doctorate,46,"Conflict Resolution,Graphic Design,Photography,Leadership",8,8,2,3,4,10,9,Pilot
user_2030,Astronomy,Chess,Master's,38,"Critical Thinking,First Aid,Empathy",8,4,5,2,9,9,1,Registered Nurse
user_2031,Chess,Bird Watching,Associate's,50,"AI Prompt Engineering,Photography,UI/UX Design,Time Management",2,9,6,4,7,3,1,Construction Worker
user_2032,Fashion,Photography,Bachelor's,27,"Creativity,UI/UX Design,Graphic Design",1,3,1,8,2,6,4,Graphic Designer
user_2033,Cars,Dancing,Doctorate,39,"Driving,Cooking,First Aid",5,1,8,9,10,7,8,Dentist
user_2034,Dancing,Board Games,High School,65,"Electrical Repair,Sewing",3,1,5,1,10,5,8,Actor
user_2035,Film,Bird Watching,Master's,62,"Weightlifting,First Aid",2,1,5,9,7,7,8,Construction Worker
user_2036,Environment,Yoga,Associate's,49,"Cybersecurity,First Aid",10,9,7,8,2,2,1,Civil Engineer
user_2037,Art,Drawing,High School,34,"Graphic Design,Creativity",7,7,9,10,10,8,5,Graphic Designer
user_2038,Volunteering,Crafts,Bachelor's,38,"Leadership,Public Speaking,Empathy",8,1,5,9,2,2,4,Elementary Teacher
user_2039,Writing,Singing,Associate's,40,"Robotics,Negotiation,Data Analysis,Leadership,Research",2,3,8,6,10,2,8,Electrician
user_2040,DIY,Singing,Vocational,40,"Research,Driving,Writing,Critical Thinking,Programming",6,4,7,3,6,2,3,Financial Analyst
user_2041,Reading,Reading,Bachelor's,28,"Leadership,Empathy",10,4,1,1,6,3,3,Elementary Teacher
user_2042,Environment,Dancing,Vocational,53,"Driving,Project Management,Cooking,Sewing",7,2,2,7,2,6,10,Mechanic
user_2043,Sports,Rock Climbing,Associate's,38,"Electrical Repair,Sewing,Weightlifting",6,9,3,7,9,3,10,Architect
user_2044,Collecting,Writing,Associate's,20,"Research,Photography,Project Management",4,6,9,6,10,4,6,Cybersecurity Specialist
user_2045,Gaming,Chess,Bachelor's,40,"Data Analysis,Critical Thinking,Programming",6,5,5,3,6,3,5,Software Engineer
user_2046,Entrepreneurship,Chess,Master's,33,"Critical Thinking,Foreign Languages",5,1,1,7,1,7,10,Sales Representative
user_2047,DIY,Writing,Bachelor's,41,"Research,Photography,Writing,Electrical Repair",10,4,9,6,5,7,1,Civil Engineer
user_2048,Cooking,Rock Climbing,Associate's,34,"Empathy,Photography,AI Prompt Engineering,Foreign Languages",1,2,7,1,10,10,4,Farm Worker
user_2049,Acting,Dancing,Doctorate,24,"Critical Thinking,Photography,Data Analysis,Driving,Video Editing",1,4,3,6,1,4,10,AI Engineer
user_2050,Fashion,Running,Master's,40,"Driving,UI/UX Design,Digital Marketing",7,2,8,10,5,10,7,Civil Engineer
user_2051,Fashion,Baking,Master's,25,"Electrical Repair,Empathy,Photography",2,8,5,3,8,2,9,Cybersecurity Specialist
user_2052,Travel,Knitting,Doctorate,26,"Video Editing,Data Analysis,Electrical Repair,Foreign Languages,UI/UX Design",5,1,5,1,5,7,6,Biomedical Engineer
user_2053,Writing,Cycling,High School,40,"Project Management,Cybersecurity",3,9,10,3,1,8,5,Social Worker
user_2054,Magic,Origami,Bachelor's,49,"Research,First Aid,Carpentry,Photography,AI Prompt Engineering",4,6,5,4,4,8,4,Environmental Scientist
user_2055,Technology,Reading,High School,35,"Graphic Design,UI/UX Design,Creativity",4,5,9,7,10,7,6,Graphic Designer
user_2056,Volunteering,Running,Bachelor's,26,"Empathy,Public Speaking,Leadership",10,6,1,8,10,4,4,Elementary Teacher
user_2057,Chess,Chess,High School,65,"Leadership,Cooking,Public Speaking,Weightlifting",3,8,6,10,1,9,3,Financial Analyst
user_2058,Cooking,Reading,Master's,59,"Graphic Design,Conflict Resolution,Carpentry,Sewing,Data Analysis",9,10,5,6,3,4,10,Civil Engineer
user_2059,Entrepreneurship,Board Games,Doctorate,35,"Programming,Critical Thinking",8,10,1,4,3,4,1,Data Scientist
user_2060,Writing,Video Gaming,Associate's,18,"Research,Empathy,First Aid",2,4,1,1,8,9,9,Chef
user_2061,Gaming,Fishing,High School,55,"Time Management,Sewing,Data Analysis,Critical Thinking",6,1,5,10,8,3,4,Dentist
user_2062,Photography,Traveling,Doctorate,24,"Creativity,Graphic Design",9,5,6,1,5,7,3,Graphic Designer
user_2063,Travel,Rock Climbing,Master's,36,"Foreign Languages,Research",7,8,5,1,8,9,9,Plumber
user_2064,History,Photography,High School,21,"Financial Literacy,Research,UI/UX Design,Foreign Languages,Electrical Repair",3,7,5,2,9,8,10,Marketing Manager
user_2065,Astronomy,Gardening,High School,28,"Time Management,Photography,Weightlifting,Robotics",2,7,5,6,10,9,3,Farm Worker
user_2066,Astronomy,Video Gaming,High School,38,"Critical Thinking,Data Analysis,Programming",7,10,3,1,4,3,8,Software Engineer
user_2067,Astronomy,Cooking,High School,27,"Programming,Singing,Sewing",6,8,9,10,6,10,2,Statistician
user_2068,Music,Reading,Master's,52,"Weightlifting,Conflict Resolution",6,8,9,4,7,10,1,AI Engineer
user_2069,Cars,Hiking,Vocational,55,"Foreign Languages,Empathy,UI/UX Design,Singing",5,10,10,8,8,1,8,Psychologist
user_2070,Reading,Video Gaming,High School,39,"Leadership,Public Speaking,Empathy",5,5,4,7,9,8,2,Elementary Teacher
user_2071,Technology,Origami,Bachelor's,63,"Research,Critical Thinking,Robotics,Programming,Empathy",6,5,6,9,7,7,2,UX Designer
user_2072,Cooking,Bird Watching,Master's,41,"Financial Literacy,Graphic Design,First Aid",2,10,9,9,8,3,7,Marketing Manager
user_2073,Psychology,Playing Guitar,Master's,55,"Data Analysis,Cooking,Time Management",1,1,8,2,4,3,1,Financial Analyst
user_2074,Languages,Bird Watching,High School,41,"Data Analysis,Empathy,Electrical Repair,Financial Literacy",7,7,1,5,6,7,9,UX Designer
user_2075,Fashion,Skiing,Bachelor's,49,"Sewing,Robotics,Video Editing,UI/UX Design,Negotiation",8,7,7,7,5,8,7,Construction Worker
user_2076,Cars,Painting,Master's,45,"Cooking,Weightlifting,UI/UX Design,Carpentry",2,8,6,1,5,10,10,Plumber
user_2077,Astronomy,Painting,Bachelor's,41,"Empathy,First Aid,Project Management,Carpentry",1,7,2,9,6,1,7,Social Worker
user_2078,Languages,Writing,Associate's,20,"Video Editing,Research",8,3,5,7,7,4,10,Lawyer
user_2079,Writing,Running,Doctorate,30,"Digital Marketing,Robotics,Programming",2,2,2,9,5,1,7,Financial Analyst
user_2080,Gardening,Dancing,Vocational,62,"Negotiation,Project Management,Time Management,Video Editing",2,6,2,5,4,7,10,Pilot
user_2081,Entrepreneurship,Reading,Doctorate,46,"Critical Thinking,Data Analysis",6,6,7,7,10,7,4,Data Scientist
user_2082,Entrepreneurship,Chess,Doctorate,25,"Data Analysis,Critical Thinking,Programming",3,5,7,10,5,8,7,Data Scientist
user_2083,Volunteering,Rock Climbing,Associate's,25,"Time Management,Electrical Repair,Photography,Foreign Languages,Writing",10,10,1,2,1,3,8,Lawyer
user_2084,Gaming,Writing,Bachelor's,28,"UI/UX Design,Project Management",2,6,2,10,1,5,6,Financial Analyst
user_2085,Gardening,Volunteering,Bachelor's,35,"Critical Thinking,Empathy,First Aid",5,4,3,7,3,6,4,Registered Nurse
user_2086,Gardening,Rock Climbing,Master's,51,"Graphic Design,Driving,First Aid,Weightlifting",3,1,3,5,9,5,4,Psychologist
user_2087,DIY,Rock Climbing,Vocational,29,"Conflict Resolution,Time Management",10,10,8,1,3,5,5,Financial Analyst
user_2088,Astronomy,Cycling,Doctorate,53,"Digital Marketing,Driving,Cooking",4,3,8,8,4,8,7,Farm Worker
user_2089,Fashion,Dancing,Bachelor's,32,"Cooking,Critical Thinking,Singing,UI/UX Design",2,5,8,2,3,7,7,Civil Engineer
user_2090,Collecting,Painting,Master's,35,"Electrical Repair,Cybersecurity,Public Speaking",3,2,6,1,2,4,5,Mechanic
user_2091,Collecting,Baking,Master's,57,"Leadership,Carpentry,Weightlifting,Critical Thinking",8,8,4,4,10,2,3,Biomedical Engineer
user_2092,Fashion,Reading,Master's,42,"Leadership,Public Speaking,Empathy",3,2,2,7,3,3,1,Elementary Teacher
user_2093,Sports,Hiking,Bachelor's,34,"Video Editing,First Aid,Critical Thinking",5,4,3,10,7,10,2,Cybersecurity Specialist
user_2094,Photography,Drawing,Vocational,34,"Graphic Design,Creativity,UI/UX Design",8,2,1,10,4,4,9,Graphic Designer
user_2095,Art,Writing,Bachelor's,31,"Cooking,Leadership,Empathy",7,8,8,6,5,7,6,Statistician
user_2096,Cars,Reading,Vocational,36,"Research,Foreign Languages,Financial Literacy,Photography",4,3,5,7,6,7,9,Farm Worker
user_2097,Volunteering,Board Games,Master's,45,"Leadership,Empathy",7,10,7,6,10,6,10,Elementary Teacher
user_2098,DIY,Fishing,Vocational,29,"Empathy,First Aid,Leadership,Financial Literacy,Project Management",2,1,10,3,3,3,6,Farm Worker
user_2099,DIY,Hiking,Bachelor's,59,"Digital Marketing,Writing,Video Editing",7,1,5,2,5,3,7,Cybersecurity Specialist
user_2100,Writing,Playing Guitar,Bachelor's,27,"Time Management,Singing,Project Management",2,1,10,4,6,3,5,Architect
user_2101,Entrepreneurship,Chess,Master's,41,"Data Analysis,Programming,Critical Thinking",10,6,4,10,1,9,8,Data Scientist
user_2102,Fashion,Chess,Bachelor's,34,"Data Analysis,Critical Thinking,Programming",7,1,10,5,4,9,7,Software Engineer
user_2103,Cooking,Fishing,Doctorate,45,"Time Management,Writing,Research",3,7,7,10,3,4,3,Sales Representative
user_2104,Gaming,Singing,Doctorate,56,"Writing,Public Speaking,Empathy",5,8,3,4,4,5,5,UX Designer
user_2105,Fitness,Collecting Stamps,Doctorate,65,"Graphic Design,Singing,Public Speaking,Video Editing,Conflict Resolution",9,7,3,9,9,7,9,UX Designer
user_2106,Sports,Origami,High School,33,"Graphic Design,Leadership,Foreign Languages,AI Prompt Engineering",6,7,2,4,5,5,1,Statistician
user_2107,Music,Cycling,Bachelor's,55,"First Aid,Writing,Foreign Languages",10,2,3,4,8,8,10,Architect
user_2108,Languages,Reading,High School,42,"Data Analysis,Leadership,Sewing",6,3,1,1,3,4,10,UX Designer
user_2109,Meditation,Knitting,Doctorate,61,"Driving,Graphic Design,Critical Thinking",1,10,9,3,2,3,8,Cybersecurity Specialist
user_2110,Cooking,Gardening,High School,29,"AI Prompt Engineering,Programming,Weightlifting,Conflict Resolution",4,2,8,8,6,7,10,Pilot
user_2111,Collecting,Fishing,Vocational,29,"Conflict Resolution,Critical Thinking,Leadership,Digital Marketing",5,4,9,8,2,6,2,AI Engineer
user_2112,Animals,Scuba Diving,Master's,22,"Empathy,Public Speaking",9,3,1,5,1,1,10,Elementary Teacher
user_2113,Dancing,Cooking,Vocational,28,"Video Editing,Driving",1,1,6,10,4,3,5,Journalist
user_2114,Cooking,Dancing,Vocational,59,"Weightlifting,Carpentry",2,4,2,2,7,8,10,AI Engineer
user_2115,Film,Reading,High School,65,"Video Editing,Electrical Repair",9,2,2,7,8,9,7,Pilot
user_2116,Volunteering,Knitting,Associate's,28,"Electrical Repair,Digital Marketing,Sewing,Programming,Carpentry",3,1,10,10,5,2,8,Financial Analyst
user_2117,Reading,Reading,Master's,38,"Programming,Data Analysis,Critical Thinking",9,6,3,9,5,7,8,Data Scientist
user_2118,History,Bird Watching,High School,64,"Singing,Financial Literacy",4,1,8,7,5,5,1,Farm Worker
user_2119,Chess,Cooking,Bachelor's,28,"Financial Literacy,AI Prompt Engineering,Electrical Repair,Digital Marketing,UI/UX Design",3,9,3,10,1,2,9,Pilot
user_2120,Reading,Origami,Bachelor's,41,"Data Analysis,Critical Thinking",6,1,3,5,1,7,6,Data Scientist
user_2121,Art,Writing,Bachelor's,35,"Research,Conflict Resolution,Electrical Repair,Time Management",7,9,9,7,4,2,3,Farm Worker
user_2122,Film,Photography,Vocational,52,"Time Management,Public Speaking",2,2,5,6,7,8,7,Architect
user_2123,Animals,Knitting,Doctorate,19,"Writing,Public Speaking",10,3,2,8,7,5,6,Marketing Manager
user_2124,Music,Chess,Doctorate,40,"Critical Thinking,Electrical Repair,Leadership",3,8,8,3,6,4,3,Architect
user_2125,Animals,Running,Bachelor's,33,"Cybersecurity,Leadership,Writing,Carpentry",8,3,10,10,4,4,6,Social Worker
user_2126,Volunteering,Knitting,Doctorate,45,"Cybersecurity,AI Prompt Engineering,Research",9,5,7,5,9,5,5,Sales Representative
user_2127,Environment,Knitting,Doctorate,40,"Cybersecurity,Digital Marketing,AI Prompt Engineering",2,9,9,7,8,7,3,Mechanic
user_2128,Music,Knitting,Doctorate,28,"Conflict Resolution,Data Analysis",7,7,4,4,5,1,2,Statistician
user_2129,Psychology,Fishing,Vocational,44,"Video Editing,Carpentry,Research",9,9,7,3,4,4,6,Statistician
user_2130,Psychology,Cycling,Doctorate,59,"Photography,First Aid,Conflict Resolution,Critical Thinking",3,2,2,2,8,6,5,Actor
user_2131,Art,Drawing,Associate's,40,"Creativity,Graphic Design,UI/UX Design",6,2,3,10,2,2,7,Graphic Designer
user_2132,Fashion,Painting,Doctorate,26,"Graphic Design,Creativity,UI/UX Design",10,2,6,4,1,1,8,Graphic Designer
user_2133,Sports,Bird Watching,Master's,29,"Public Speaking,Cooking,Electrical Repair",9,3,5,6,4,2,1,Plumber
user_2134,Astronomy,Running,Doctorate,61,"Carpentry,Critical Thinking,Photography,Empathy,Public Speaking",2,5,7,1,7,7,10,Mechanic
user_2135,Fashion,Traveling,Associate's,56,"Weightlifting,Research",3,2,9,8,10,1,7,Mechanic
user_2136,Animals,Reading,High School,24,"Cooking,Programming,Project Management",4,2,7,1,1,5,1,Construction Worker
user_2137,Collecting,Pottery,Vocational,58,"Data Analysis,UI/UX Design,Carpentry",1,9,7,2,5,10,9,Actor
user_2138,Entrepreneurship,Collecting Stamps,Master's,58,"Leadership,Weightlifting,First Aid,Carpentry,Public Speaking",1,2,5,2,5,5,3,Environmental Scientist
user_2139,Psychology,Rock Climbing,Master's,45,"Cybersecurity,Negotiation",10,6,3,9,6,10,10,Electrician
user_2140,Environment,Collecting Stamps,Master's,28,"Programming,Cooking,Writing",8,10,8,10,9,4,7,HR Manager
user_2141,Animals,Hiking,Master's,35,"Cooking,Programming",5,4,10,1,4,6,7,Construction Worker
user_2142,Entrepreneurship,Swimming,Doctorate,18,"Photography,Negotiation,Critical Thinking,Driving,Electrical Repair",7,1,8,6,2,3,2,Journalist
user_2143,Acting,Knitting,Associate's,59,"UI/UX Design,Data Analysis,Leadership,Programming",3,5,6,10,5,1,9,Dentist
user_2144,Cooking,Astronomy,Associate's,59,"Writing,Sewing,Electrical Repair",10,6,1,8,7,6,6,Psychologist
user_2145,Writing,Cooking,Vocational,39,"Foreign Languages,Electrical Repair,Research,Time Management",1,2,8,6,3,3,8,Psychologist
user_2146,Cooking,Hiking,Master's,43,"First Aid,Driving,Conflict Resolution,Time Management,UI/UX Design",10,10,1,3,1,4,9,Statistician
user_2147,Environment,Photography,Associate's,54,"Project Management,Critical Thinking",3,7,10,6,8,6,4,Marketing Manager
user_2148,Photography,Fishing,Vocational,57,"Foreign Languages,Graphic Design,Critical Thinking,Project Management",7,3,1,5,1,9,6,HR Manager
user_2149,History,Chess,Vocational,40,"Critical Thinking,Programming",6,10,4,4,9,1,5,Data Scientist
user_2150,Travel,Singing,Doctorate,61,"Public Speaking,Leadership,Robotics",6,5,5,2,9,5,4,Electrician
user_2151,Magic,Reading,Master's,25,"Data Analysis,Programming,Critical Thinking",7,8,8,8,8,4,7,Data Scientist
user_2152,History,Origami,High School,31,"Weightlifting,Leadership,Data Analysis,AI Prompt Engineering",6,5,4,6,2,2,1,Psychologist
user_2153,Photography,Singing,High School,52,"Photography,Cybersecurity,Digital Marketing",4,2,4,6,2,5,9,Financial Analyst
user_2154,Music,Swimming,Vocational,45,"Video Editing,Electrical Repair",5,2,6,2,5,5,9,Marketing Manager
user_2155,DIY,Chess,Doctorate,26,"Cybersecurity,Weightlifting,Robotics,Time Management,Electrical Repair",4,1,3,10,5,1,7,Electrician
user_2156,Languages,Photography,Associate's,34,"Graphic Design,UI/UX Design,Creativity",9,3,9,5,9,9,10,Graphic Designer
user_2157,Film,Baking,Associate's,57,"Empathy,Cybersecurity",10,5,6,7,5,5,7,AI Engineer
user_2158,Writing,Dancing,Vocational,37,"Weightlifting,Conflict Resolution,Empathy",9,7,8,9,6,6,5,Marketing Manager
user_2159,Film,Dancing,High School,25,"Video Editing,Electrical Repair,Public Speaking,Empathy",10,4,7,8,3,6,1,Biomedical Engineer
user_2160,Chess,Scuba Diving,High School,58,"Digital Marketing,First Aid,Cybersecurity,Conflict Resolution,Foreign Languages",1,4,2,7,2,4,5,Pilot
user_2161,Sports,Dancing,Bachelor's,38,"Writing,Negotiation,Critical Thinking",3,9,4,3,9,7,8,Statistician
user_2162,Magic,Pottery,High School,40,"Empathy,Electrical Repair,Data Analysis,Cybersecurity",6,6,7,7,2,7,7,Social Worker
user_2163,DIY,Playing Guitar,Bachelor's,34,"Financial Literacy,Programming,Cooking,Time Management,Weightlifting",6,6,2,7,2,2,4,UX Designer
user_2164,Magic,Dancing,High School,50,"Negotiation,Video Editing,AI Prompt Engineering",7,2,10,3,2,3,7,Marketing Manager
user_2165,Fitness,Pottery,Bachelor's,54,"Empathy,Photography,Graphic Design,Time Management,Foreign Languages",4,1,6,3,8,1,5,Architect
user_2166,Writing,Swimming,Associate's,26,"Programming,Data Analysis,Project Management",8,5,7,10,1,2,8,Mechanic
user_2167,Reading,Playing Guitar,Bachelor's,61,"Robotics,Leadership",6,6,4,7,1,7,3,Plumber
user_2168,Travel,Skiing,Doctorate,40,"Electrical Repair,Negotiation,Video Editing,AI Prompt Engineering,Empathy",5,3,10,9,5,2,1,Pilot
user_2169,Acting,Reading,Bachelor's,31,"Critical Thinking,Programming,Data Analysis",3,4,6,7,2,2,9,Software Engineer
user_2170,Meditation,Writing,Doctorate,64,"Leadership,Driving,Foreign Languages,Project Management",2,9,6,4,2,2,2,Plumber
user_2171,Travel,Skiing,Bachelor's,45,"Video Editing,Digital Marketing,Financial Literacy,Empathy,AI Prompt Engineering",5,8,3,9,2,4,3,Actor
user_2172,Travel,Writing,Bachelor's,57,"Cybersecurity,Carpentry",10,5,1,4,8,6,4,Financial Analyst
user_2173,Collecting,Scuba Diving,Bachelor's,62,"Foreign Languages,Electrical Repair,Robotics,Data Analysis",10,6,1,4,1,6,7,Civil Engineer
user_2174,Collecting,Board Games,Bachelor's,39,"Critical Thinking,Conflict Resolution,AI Prompt Engineering",5,9,10,2,9,6,3,HR Manager
user_2175,Psychology,Photography,Associate's,25,"Time Management,Electrical Repair,Writing,Foreign Languages",5,10,2,4,7,2,7,UX Designer
user_2176,Psychology,Astronomy,Bachelor's,24,"Driving,First Aid,Cybersecurity,UI/UX Design",10,1,3,10,5,9,5,Civil Engineer
user_2177,Languages,Swimming,Bachelor's,22,"UI/UX Design,Singing,Conflict Resolution",7,6,6,1,1,10,2,Cybersecurity Specialist
user_2178,Travel,Meditation,Doctorate,59,"UI/UX Design,Sewing,Time Management,Photography",7,1,2,10,5,2,3,Civil Engineer
user_2179,Photography,Swimming,High School,63,"Singing,Public Speaking,UI/UX Design,Electrical Repair,Project Management",1,3,1,4,4,9,9,Dentist
user_2180,Collecting,Bird Watching,Bachelor's,32,"Carpentry,Programming,Photography,Financial Literacy,Electrical Repair",4,5,5,9,4,7,6,AI Engineer
user_2181,Entrepreneurship,Writing,Associate's,49,"Robotics,Conflict Resolution,Photography,Time Management",7,8,8,1,6,5,7,Construction Worker
user_2182,History,Reading,Master's,65,"First Aid,Foreign Languages,Weightlifting,Singing",9,8,4,1,6,9,9,Mechanic
user_2183,Animals,Volunteering,Master's,30,"Empathy,Leadership,Public Speaking",1,10,6,9,1,5,1,Elementary Teacher
user_2184,DIY,Reading,High School,19,"UI/UX Design,Time Management",1,1,8,4,9,9,6,Environmental Scientist
user_2185,Collecting,Knitting,Master's,32,"Singing,AI Prompt Engineering",5,2,4,2,10,9,6,Electrician
user_2186,Music,Reading,Master's,33,"Leadership,Public Speaking,Empathy",2,10,1,4,6,10,5,Elementary Teacher
user_2187,Cooking,Fishing,Master's,46,"Empathy,Driving",4,3,4,9,9,8,7,Cybersecurity Specialist
user_2188,Gardening,Origami,High School,30,"Programming,Financial Literacy,Photography,Time Management",10,8,9,4,9,8,5,Sales Representative
user_2189,Photography,Cooking,Doctorate,54,"Financial Literacy,AI Prompt Engineering,Conflict Resolution",8,1,3,7,7,4,9,Lawyer
user_2190,Technology,Singing,Master's,50,"Critical Thinking,Programming,Data Analysis",6,8,8,7,8,8,2,Data Scientist
user_2191,Photography,Gardening,Vocational,51,"Cooking,Research,Electrical Repair,First Aid,Public Speaking",6,9,10,3,4,1,4,Plumber
user_2192,Animals,Board Games,Bachelor's,46,"Empathy,Leadership,Public Speaking",4,7,5,10,7,8,5,Elementary Teacher
user_2193,Cooking,Dancing,Bachelor's,64,"Research,Critical Thinking,Driving,Robotics",9,9,3,6,3,7,10,Environmental Scientist
user_2194,Dancing,Fishing,Doctorate,45,"Weightlifting,Digital Marketing,Research,Singing,Conflict Resolution",6,2,6,8,7,5,7,Cybersecurity Specialist
user_2195,Gaming,Hiking,Master's,65,"Graphic Design,Conflict Resolution,Time Management",4,5,7,6,1,3,8,Biomedical Engineer
user_2196,Travel,Scuba Diving,Vocational,31,"Digital Marketing,Critical Thinking,AI Prompt Engineering",6,3,5,6,8,1,6,AI Engineer
user_2197,Gaming,Running,High School,58,"Research,Carpentry,First Aid",3,8,2,7,2,9,7,Financial Analyst
user_2198,DIY,Astronomy,Vocational,31,"Programming,Photography,Driving,Singing,Negotiation",5,8,9,8,3,7,9,Lawyer
user_2199,Animals,Chess,High School,63,"UI/UX Design,Cybersecurity,Digital Marketing",3,9,1,7,3,6,4,Mechanic
user_2200,Sports,Photography,Master's,57,"Cooking,Singing,Weightlifting",9,4,2,5,1,1,4,Construction Worker
user_2201,Reading,Bird Watching,Vocational,38,"Conflict Resolution,AI Prompt Engineering,Programming,Critical Thinking",8,10,9,7,6,8,2,Civil Engineer
user_2202,Environment,Baking,Associate's,21,"Carpentry,Conflict Resolution,Singing,Foreign Languages,UI/UX Design",9,6,7,5,4,5,8,Civil Engineer
user_2203,Cooking,Rock Climbing,Associate's,52,"Carpentry,Leadership,AI Prompt Engineering,Research,Financial Literacy",5,7,8,4,7,4,2,Sales Representative
user_2204,Cooking,Volunteering,Bachelor's,37,"First Aid,Critical Thinking",5,10,1,9,5,8,5,Registered Nurse
user_2205,Film,Gardening,Vocational,24,"Cybersecurity,Data Analysis",7,7,4,7,7,3,3,Plumber
user_2206,Music,Running,Doctorate,39,"AI Prompt Engineering,UI/UX Design,Conflict Resolution,Video Editing,Project Management",3,10,6,2,2,1,9,Environmental Scientist
user_2207,Art,Baking,Doctorate,21,"Conflict Resolution,Video Editing,Weightlifting",1,5,7,10,1,2,8,Mechanic
user_2208,Meditation,Baking,Bachelor's,26,"First Aid,Graphic Design,Programming,Foreign Languages",7,8,9,9,5,6,8,UX Designer
user_2209,Film,Chess,Vocational,31,"Negotiation,First Aid,Empathy",5,1,8,2,2,1,8,UX Designer
user_2210,Film,Reading,Associate's,58,"Robotics,Foreign Languages",7,8,2,5,9,6,4,Dentist
user_2211,Environment,Fishing,Associate's,34,"Carpentry,Time Management",9,3,5,10,3,3,1,Sales Representative
user_2212,Animals,Rock Climbing,Doctorate,40,"Data Analysis,Conflict Resolution,Electrical Repair",7,9,1,2,3,7,10,Social Worker
user_2213,Photography,Scuba Diving,Vocational,35,"Digital Marketing,Weightlifting",10,5,4,1,4,3,6,Mechanic
user_2214,Photography,Running,Vocational,50,"Critical Thinking,Public Speaking,Sewing,UI/UX Design",4,8,7,6,5,4,10,Actor
user_2215,Music,Reading,High School,31,"Critical Thinking,Programming,Data Analysis",10,1,9,6,1,6,1,Software Engineer
user_2216,Gardening,Cycling,Master's,26,"Electrical Repair,Writing,Carpentry",2,1,10,1,8,5,5,Cybersecurity Specialist
user_2217,Dancing,Bird Watching,Associate's,63,"Programming,Photography",5,6,7,9,9,5,9,Pilot
user_2218,Entrepreneurship,Knitting,Bachelor's,18,"Project Management,Digital Marketing,Video Editing,Empathy,Public Speaking",5,8,5,2,3,1,9,Biomedical Engineer
user_2219,Volunteering,Skiing,Vocational,40,"Research,Singing,Driving",10,5,1,5,4,10,4,Financial Analyst
user_2220,Psychology,Fishing,Bachelor's,46,"Project Management,Cybersecurity,UI/UX Design,Foreign Languages",7,9,5,9,1,4,2,Environmental Scientist
user_2221,Acting,Chess,Doctorate,53,"Digital Marketing,Cooking",4,8,7,5,3,10,9,Psychologist
user_2222,History,Dancing,Vocational,65,"Public Speaking,Leadership,Financial Literacy,Singing,Negotiation",4,3,10,9,8,4,5,Electrician
user_2223,DIY,Yoga,Bachelor's,39,"Empathy,Writing,Photography,Driving",8,8,1,5,10,10,1,Cybersecurity Specialist
user_2224,Meditation,Astronomy,Bachelor's,39,"Electrical Repair,Digital Marketing,AI Prompt Engineering,Video Editing,Data Analysis",1,4,5,1,6,8,4,Construction Worker
user_2225,Languages,Cycling,Doctorate,61,"Weightlifting,Cooking,Foreign Languages,AI Prompt Engineering,Financial Literacy",5,4,1,8,3,2,9,Chef
user_2226,Animals,Reading,Master's,26,"Public Speaking,Empathy",9,6,8,9,7,8,2,Elementary Teacher
user_2227,Acting,Singing,Master's,25,"Conflict Resolution,Writing,Sewing",9,10,9,9,6,3,5,Architect
user_2228,Dancing,Baking,Doctorate,40,"Weightlifting,Negotiation,Photography,Electrical Repair",4,1,5,4,8,7,4,Chef
user_2229,Technology,Reading,Master's,39,"Programming,Critical Thinking,Data Analysis",1,1,1,5,1,8,6,Software Engineer
user_2230,Environment,Gardening,Bachelor's,56,"Carpentry,Time Management,Foreign Languages,Leadership,Empathy",3,3,9,9,6,5,3,Chef
user_2231,DIY,Collecting Stamps,Vocational,41,"Research,Conflict Resolution",10,8,4,7,7,6,5,Cybersecurity Specialist
user_2232,Writing,Traveling,High School,62,"Photography,Time Management,Empathy,Cybersecurity",3,6,10,1,7,8,8,UX Designer
user_2233,Fitness,Traveling,Vocational,62,"First Aid,Public Speaking",3,6,7,1,1,5,2,Pilot
user_2234,Astronomy,Board Games,High School,46,"Project Management,Weightlifting",8,10,8,2,8,7,4,Civil Engineer
user_2235,DIY,Collecting Stamps,High School,62,"Photography,Leadership,Singing,Financial Literacy",2,8,7,8,7,3,3,Sales Representative
user_2236,Cars,Playing Guitar,Master's,22,"Leadership,Critical Thinking,Foreign Languages,First Aid",8,3,6,7,1,5,7,AI Engineer
user_2237,Technology,Reading,Doctorate,27,"Programming,Data Analysis,Critical Thinking",1,10,8,4,2,3,3,Software Engineer
user_2238,Cars,Reading,Associate's,32,"First Aid,Carpentry,Financial Literacy",2,7,10,5,4,6,4,Chef
user_2239,Gaming,Origami,High School,33,"Cooking,Electrical Repair",4,3,2,4,7,8,9,Construction Worker
user_2240,Dancing,Fishing,High School,19,"Programming,Empathy,Negotiation,Driving,Writing",1,6,3,10,6,1,9,Lawyer
user_2241,Travel,Fishing,Doctorate,55,"Financial Literacy,Carpentry,UI/UX Design,Cooking,Singing",7,10,3,7,4,6,7,Environmental Scientist
user_2242,Writing,Bird Watching,Master's,46,"Graphic Design,Conflict Resolution,Time Management,Photography",8,9,5,10,6,4,2,Construction Worker
user_2243,Music,Writing,High School,57,"Foreign Languages,Cybersecurity,Carpentry,Data Analysis,Photography",5,7,2,7,5,7,2,Journalist
user_2244,Collecting,Writing,Associate's,46,"Empathy,Driving",9,2,1,2,5,9,2,Civil Engineer
user_2245,Art,Board Games,Master's,56,"Digital Marketing,Electrical Repair,Sewing,Research",5,9,2,3,7,9,2,Marketing Manager
user_2246,Volunteering,Running,Master's,56,"Cooking,Conflict Resolution",9,1,9,2,5,1,4,Psychologist
user_2247,DIY,Origami,High School,39,"Cybersecurity,Digital Marketing,Cooking,Financial Literacy,Leadership",7,10,10,1,3,2,4,HR Manager
user_2248,Entrepreneurship,Traveling,Master's,35,"Critical Thinking,Data Analysis,Programming",9,2,3,6,10,9,4,Software Engineer
user_2249,Gaming,Astronomy,Associate's,55,"AI Prompt Engineering,Graphic Design,Conflict Resolution,Carpentry",7,1,10,3,1,4,4,Cybersecurity Specialist
user_2250,Chess,Rock Climbing,High School,44,"Negotiation,Writing,Conflict Resolution,UI/UX Design,Leadership",2,4,1,5,10,10,6,HR Manager
user_2251,Dancing,Knitting,Associate's,40,"Leadership,Video Editing",3,10,6,4,3,3,4,Journalist
user_2252,Dancing,Traveling,Vocational,44,"Weightlifting,Photography",10,6,6,8,5,6,9,Marketing Manager
user_2253,Photography,Yoga,High School,51,"Negotiation,First Aid,Financial Literacy",5,3,8,9,9,6,10,Sales Representative
user_2254,Entrepreneurship,Dancing,Bachelor's,57,"Carpentry,Negotiation,Driving",10,7,3,8,7,3,3,Biomedical Engineer
user_2255,Photography,Origami,Associate's,25,"AI Prompt Engineering,Empathy,Cybersecurity",6,6,8,9,1,3,3,Psychologist
user_2256,Acting,Meditation,Associate's,41,"Project Management,Empathy",7,10,5,5,8,4,6,Lawyer
user_2257,Technology,Reading,Master's,43,"Critical Thinking,Data Analysis,Programming",7,7,8,5,8,8,3,Software Engineer
user_2258,Volunteering,Chess,Vocational,65,"Conflict Resolution,Singing,Carpentry,Video Editing,Programming",2,9,8,8,8,10,6,Electrician
user_2259,Photography,Collecting Stamps,Vocational,26,"Project Management,Negotiation,Weightlifting,Sewing",8,8,8,3,8,8,5,Sales Representative
user_2260,Chess,Dancing,Vocational,23,"UI/UX Design,Critical Thinking",9,5,7,1,4,7,4,Social Worker
user_2261,Volunteering,Rock Climbing,Associate's,29,"Sewing,Empathy",5,8,6,10,9,4,6,Cybersecurity Specialist
user_2262,Psychology,Baking,Vocational,61,"Leadership,Cooking,Digital Marketing",3,1,3,6,5,7,2,Sales Representative
user_2263,Film,Astronomy,High School,51,"Photography,Cybersecurity,Foreign Languages,Empathy,UI/UX Design",2,4,10,6,10,5,6,Social Worker
user_2264,Cars,Drawing,Master's,28,"Graphic Design,Creativity,UI/UX Design",10,7,3,7,4,9,10,Graphic Designer
user_2265,Writing,Scuba Diving,Bachelor's,53,"Research,Conflict Resolution,Project Management",1,1,9,2,1,1,2,Sales Representative
user_2266,Cooking,Fishing,High School,38,"Cooking,Time Management,Data Analysis,First Aid,Conflict Resolution",10,1,10,7,8,2,1,AI Engineer
user_2267,Cooking,Chess,Vocational,60,"Writing,Conflict Resolution,Driving",5,10,7,7,6,3,10,Statistician
user_2268,Reading,Reading,Vocational,38,"Public Speaking,Empathy",4,7,8,6,8,8,8,Elementary Teacher
user_2269,Astronomy,Fishing,High School,31,"Programming,Critical Thinking",10,8,10,2,5,1,8,Plumber
user_2270,Animals,Collecting Stamps,High School,48,"Video Editing,Weightlifting,Cybersecurity,Foreign Languages",10,8,5,8,3,2,8,Dentist
user_2271,Film,Astronomy,Vocational,65,"Photography,Project Management",6,4,7,10,6,3,6,Social Worker
user_2272,Music,Bird Watching,Master's,23,"Driving,Writing",3,9,4,10,5,8,7,Mechanic
user_2273,Psychology,Skiing,Master's,31,"Driving,UI/UX Design,Digital Marketing,Data Analysis,Sewing",10,7,3,8,6,7,5,Biomedical Engineer
user_2274,History,Singing,Associate's,43,"Photography,Programming,Public Speaking,Financial Literacy,Video Editing",4,7,3,2,1,6,2,Journalist
user_2275,Fitness,Singing,Master's,24,"Photography,Empathy",6,4,8,4,10,7,6,Plumber
user_2276,Fashion,Video Gaming,Bachelor's,62,"Cooking,Negotiation",5,9,10,10,1,8,2,AI Engineer
user_2277,Fitness,Scuba Diving,Master's,29,"Programming,Public Speaking,Driving,Project Management,Time Management",4,4,2,4,3,7,9,Psychologist
user_2278,Environment,Board Games,Associate's,39,"Data Analysis,Critical Thinking,Programming",9,5,3,6,2,10,6,Data Scientist
user_2279,Cooking,Painting,Vocational,62,"Negotiation,Weightlifting,Project Management,Cybersecurity",9,6,9,8,1,7,4,Biomedical Engineer
user_2280,Photography,Dancing,Vocational,52,"Leadership,AI Prompt Engineering,Writing,Data Analysis,Negotiation",4,6,10,7,5,8,3,Actor
user_2281,Technology,Fishing,High School,47,"Weightlifting,Leadership,Digital Marketing",2,1,2,9,6,1,9,Dentist
user_2282,Magic,Dancing,High School,65,"Singing,Data Analysis,Financial Literacy,Programming",6,9,1,2,1,9,9,Cybersecurity Specialist
user_2283,Writing,Meditation,Vocational,46,"Video Editing,Photography,Robotics,Research,Financial Literacy",5,7,6,4,4,4,5,Lawyer
user_2284,Animals,Origami,Vocational,27,"UI/UX Design,Weightlifting,Carpentry,Leadership,Data Analysis",10,2,6,1,3,4,8,Pilot
user_2285,Volunteering,Yoga,Doctorate,22,"Critical Thinking,Empathy,First Aid",1,10,8,10,7,3,10,Registered Nurse
user_2286,Entrepreneurship,Reading,Master's,52,"Time Management,Data Analysis,AI Prompt Engineering,Singing",2,8,5,8,4,7,7,Lawyer
user_2287,Fashion,Astronomy,Associate's,50,"Weightlifting,Financial Literacy,Conflict Resolution,Negotiation",8,2,4,2,10,9,5,Social Worker
user_2288,Animals,Fishing,Vocational,39,"First Aid,Writing,Digital Marketing,Electrical Repair,Financial Literacy",3,2,3,4,9,5,9,Plumber
user_2289,Gaming,Board Games,Master's,51,"Cooking,Negotiation,Writing,Time Management,Conflict Resolution",9,4,3,3,10,1,1,UX Designer
user_2290,Dancing,Video Gaming,Vocational,42,"Singing,Negotiation,Critical Thinking,Public Speaking",6,10,2,10,4,5,5,Mechanic
user_2291,History,Playing Guitar,Vocational,21,"Cooking,Digital Marketing,Photography,Negotiation,Weightlifting",4,6,10,8,6,10,9,Financial Analyst
user_2292,Entrepreneurship,Traveling,High School,51,"Singing,Writing,Sewing,Financial Literacy,Cooking",8,9,9,3,8,4,8,Biomedical Engineer
user_2293,Cars,Singing,Master's,64,"Conflict Resolution,Foreign Languages,Video Editing",7,1,10,8,10,8,9,Sales Representative
user_2294,Art,Video Gaming,Doctorate,26,"Carpentry,AI Prompt Engineering,Weightlifting,Empathy,Sewing",1,2,1,8,10,4,3,Dentist
user_2295,Fitness,Knitting,Vocational,19,"AI Prompt Engineering,Critical Thinking,Driving,Graphic Design",6,7,8,2,2,8,8,Construction Worker
user_2296,Cars,Fishing,Master's,23,"Driving,Public Speaking,Leadership,Critical Thinking,Programming",8,6,6,4,9,1,6,Actor
user_2297,Travel,Rock Climbing,Master's,41,"Sewing,Electrical Repair",1,6,2,4,1,7,10,Social Worker
user_2298,Entrepreneurship,Running,Vocational,53,"Research,Programming,Robotics,UI/UX Design,Carpentry",8,9,6,4,8,10,9,Psychologist
user_2299,Astronomy,Cycling,Bachelor's,33,"Conflict Resolution,Weightlifting",7,4,10,1,9,6,9,Electrician
user_2300,Reading,Board Games,Master's,25,"Electrical Repair,Carpentry,Photography,Singing,Video Editing",7,6,7,1,7,8,8,Plumber
user_2301,Dancing,Astronomy,High School,38,"Writing,Weightlifting,Driving,Project Management,Negotiation",1,5,1,3,6,9,10,Chef
user_2302,Fashion,Painting,Vocational,39,"Leadership,Critical Thinking,Sewing,Negotiation,Research",8,3,1,9,1,3,5,Social Worker
user_2303,Magic,Board Games,Associate's,55,"Data Analysis,Video Editing,Programming",9,2,7,2,2,6,6,Mechanic
user_2304,Film,Skiing,Associate's,20,"Public Speaking,Conflict Resolution",5,6,9,5,1,9,10,Farm Worker
user_2305,Art,Traveling,Doctorate,42,"AI Prompt Engineering,Research,Critical Thinking,Digital Marketing",6,7,6,9,1,4,7,Dentist
user_2306,Cooking,Yoga,Associate's,38,"Writing,Public Speaking",9,4,4,6,2,5,3,Plumber
user_2307,Fitness,Dancing,Doctorate,23,"First Aid,Critical Thinking,Empathy",3,6,2,5,1,10,7,Registered Nurse
user_2308,Writing,Bird Watching,High School,55,"Weightlifting,Video Editing",7,9,9,2,4,1,4,Financial Analyst
user_2309,Reading,Volunteering,Bachelor's,46,"Empathy,Leadership",4,2,3,6,4,7,2,Elementary Teacher
user_2310,Art,Drawing,Bachelor's,45,"UI/UX Design,Creativity,Graphic Design",5,6,1,9,1,10,9,Graphic Designer
user_2311,Gardening,Board Games,Bachelor's,24,"Public Speaking,Weightlifting,First Aid,Carpentry,Video Editing",2,5,5,8,2,7,6,Environmental Scientist
user_2312,Fitness,Dancing,Doctorate,60,"AI Prompt Engineering,Weightlifting,Research",7,10,5,6,5,2,10,Marketing Manager
user_2313,Astronomy,Singing,Bachelor's,26,"AI Prompt Engineering,Photography",9,4,8,4,10,7,6,Social Worker
user_2314,Film,Writing,High School,37,"First Aid,Conflict Resolution,Sewing,Weightlifting,Programming",3,7,2,4,6,4,5,Chef
user_2315,Acting,Singing,Bachelor's,64,"Robotics,Graphic Design,Photography",9,5,2,6,6,2,1,Financial Analyst
user_2316,Music,Dancing,Bachelor's,52,"Leadership,Weightlifting",5,9,3,1,8,3,8,Psychologist
user_2317,Film,Cooking,Doctorate,57,"Writing,Leadership,UI/UX Design",2,4,3,7,8,3,8,HR Manager
user_2318,DIY,Swimming,Bachelor's,36,"Weightlifting,AI Prompt Engineering,Cooking,UI/UX Design,Leadership",9,2,10,5,7,9,8,UX Designer
user_2319,History,Hiking,High School,30,"Writing,Negotiation,Financial Literacy,Weightlifting,Carpentry",7,7,9,5,10,1,6,Biomedical Engineer
user_2320,Entrepreneurship,Scuba Diving,Bachelor's,28,"Critical Thinking,Empathy,First Aid",4,5,1,4,9,9,4,Registered Nurse
user_2321,Volunteering,Reading,Bachelor's,30,"Public Speaking,Leadership,Empathy",9,9,10,6,4,2,2,Elementary Teacher
user_2322,Astronomy,Playing Guitar,Associate's,23,"Time Management,Research,Graphic Design,Programming",7,7,1,9,7,3,4,Construction Worker
user_2323,Magic,Skiing,Vocational,27,"Conflict Resolution,Writing,Singing,Financial Literacy",10,3,3,6,2,9,3,Lawyer
user_2324,Fitness,Fishing,Doctorate,44,"Programming,Data Analysis",10,9,2,1,10,10,8,Data Scientist
user_2325,Volunteering,Volunteering,Bachelor's,29,"Empathy,Critical Thinking,First Aid",8,4,1,9,8,2,5,Registered Nurse
user_2326,Acting,Reading,High School,39,"Carpentry,Video Editing,Research,Public Speaking,Writing",1,3,5,8,5,9,6,Statistician
user_2327,Fashion,Cycling,Master's,28,"Data Analysis,Critical Thinking,Programming",10,8,3,6,5,1,2,Data Scientist
user_2328,Photography,Skiing,High School,50,"Research,Critical Thinking,Negotiation,AI Prompt Engineering,First Aid",8,9,1,1,8,10,3,Chef
user_2329,Astronomy,Singing,Associate's,41,"Financial Literacy,Programming,First Aid,Robotics",6,9,4,9,8,6,1,Electrician
user_2330,Travel,Cycling,Bachelor's,27,"Financial Literacy,Weightlifting",2,4,6,10,9,1,5,Mechanic
user_2331,Sports,Reading,High School,21,"Critical Thinking,Video Editing",1,2,10,4,4,6,3,Lawyer
user_2332,Writing,Knitting,Doctorate,35,"Sewing,Video Editing,Robotics",4,4,2,7,2,5,1,Financial Analyst
user_2333,Technology,Board Games,Bachelor's,47,"Data Analysis,Programming,Critical Thinking",10,10,6,1,9,2,10,Data Scientist
user_2334,Art,Photography,Bachelor's,27,"Graphic Design,Creativity,UI/UX Design",4,1,3,3,9,7,8,Graphic Designer
user_2335,Cooking,Photography,Bachelor's,34,"Graphic Design,Creativity,UI/UX Design",6,8,2,8,6,4,3,Graphic Designer
user_2336,Dancing,Fishing,Master's,47,"Video Editing,Robotics",9,4,2,8,2,6,2,AI Engineer
user_2337,Psychology,Astronomy,Master's,37,"Weightlifting,Critical Thinking,Foreign Languages,Electrical Repair",4,2,4,8,2,8,5,Chef
user_2338,Chess,Fishing,Doctorate,21,"Writing,Empathy,Robotics,Programming",4,5,1,2,2,8,7,Chef
user_2339,Acting,Crafts,High School,55,"Leadership,Public Speaking,Empathy",3,1,4,6,8,10,7,Elementary Teacher
user_2340,Entrepreneurship,Chess,Vocational,48,"Critical Thinking,Data Analysis,Programming",9,3,5,2,2,7,5,Data Scientist
user_2341,Astronomy,Fishing,Associate's,60,"Foreign Languages,Project Management,First Aid,UI/UX Design,Sewing",9,3,3,4,1,7,5,Statistician
user_2342,Languages,Fitness,Bachelor's,43,"Empathy,First Aid,Critical Thinking",7,7,6,3,2,8,5,Registered Nurse
user_2343,Collecting,Chess,Master's,38,"Foreign Languages,Public Speaking",6,5,2,2,4,8,2,Environmental Scientist
user_2344,History,Rock Climbing,Doctorate,20,"Singing,Foreign Languages,Time Management,Robotics,Driving",6,8,7,1,2,9,9,Architect
user_2345,Fitness,Singing,Bachelor's,33,"First Aid,Cybersecurity,Digital Marketing",6,10,8,4,7,10,8,Pilot
user_2346,Photography,Photography,Doctorate,62,"Research,Conflict Resolution,Cooking,Public Speaking,First Aid",1,10,4,8,1,2,2,Cybersecurity Specialist
user_2347,Cars,Reading,Doctorate,57,"Carpentry,Time Management,Programming,Cooking",6,1,10,6,8,10,3,Marketing Manager
user_2348,Volunteering,Gardening,Bachelor's,31,"Critical Thinking,Graphic Design,Foreign Languages",2,2,10,6,5,1,7,AI Engineer
user_2349,DIY,Skiing,High School,43,"Graphic Design,Sewing,Data Analysis",3,2,8,10,6,10,3,Mechanic
user_2350,Entrepreneurship,Bird Watching,Bachelor's,26,"Programming,Robotics,Cybersecurity,Photography",9,6,7,2,7,3,8,Psychologist
user_2351,Psychology,Bird Watching,Vocational,27,"Cooking,Financial Literacy,Writing",4,8,5,3,2,5,3,Journalist
user_2352,Chess,Bird Watching,Associate's,25,"Financial Literacy,Leadership,Electrical Repair,Graphic Design",10,10,5,3,6,1,6,Electrician
user_2353,Psychology,Rock Climbing,Doctorate,61,"Writing,AI Prompt Engineering,Research,Cybersecurity,Digital Marketing",7,5,3,8,4,8,10,Construction Worker
user_2354,Languages,Origami,High School,26,"Graphic Design,Digital Marketing,Cooking",2,2,2,4,4,1,2,Dentist
user_2355,Sports,Knitting,Master's,35,"Cybersecurity,Empathy,Weightlifting,Data Analysis",3,4,3,3,3,4,3,Plumber
user_2356,Fitness,Volunteering,Bachelor's,37,"Empathy,Critical Thinking,First Aid",9,4,8,10,3,2,4,Registered Nurse
user_2357,Music,Collecting Stamps,Master's,31,"Graphic Design,Negotiation,Data Analysis,AI Prompt Engineering,Digital Marketing",2,8,9,5,5,10,9,Social Worker
user_2358,Fashion,Origami,Doctorate,32,"Data Analysis,Digital Marketing",4,8,1,5,10,5,7,Journalist
user_2359,Astronomy,Origami,High School,18,"UI/UX Design,Digital Marketing,Negotiation,Cooking",9,9,3,4,5,9,2,Plumber
user_2360,Gardening,Gardening,Vocational,64,"Writing,Time Management,Singing,Sewing",3,6,9,8,6,4,8,Social Worker
user_2361,DIY,Gardening,Bachelor's,19,"Foreign Languages,Driving,Weightlifting,Writing,Public Speaking",7,4,4,2,2,10,2,Financial Analyst
user_2362,Gaming,Cycling,Master's,43,"Programming,Critical Thinking",8,10,2,8,1,4,8,Software Engineer
user_2363,Chess,Gardening,High School,36,"Leadership,Project Management,Public Speaking,Writing",3,2,7,3,5,8,5,Civil Engineer
user_2364,Technology,Origami,Associate's,21,"Cooking,Robotics,Project Management,Time Management,Driving",10,1,6,4,7,8,10,Civil Engineer
user_2365,Astronomy,Running,Doctorate,56,"Conflict Resolution,Digital Marketing",6,6,1,9,2,10,10,Construction Worker
user_2366,Fashion,Baking,Doctorate,64,"Robotics,Empathy",8,5,5,3,1,6,5,HR Manager
user_2367,Sports,Reading,Master's,29,"Data Analysis,Empathy",7,8,6,10,10,4,1,Actor
user_2368,DIY,Skiing,Master's,21,"Financial Literacy,Writing,Programming,Time Management,Graphic Design",5,5,7,6,5,9,5,Construction Worker
user_2369,Psychology,Swimming,Associate's,40,"AI Prompt Engineering,Electrical Repair,Video Editing,Leadership",4,5,9,8,6,3,6,Chef
user_2370,Fitness,Knitting,Bachelor's,26,"Electrical Repair,Foreign Languages,Public Speaking,Graphic Design",4,9,1,8,10,6,2,Plumber
user_2371,Photography,Writing,Master's,30,"Graphic Design,Creativity,UI/UX Design",2,6,1,8,2,8,5,Graphic Designer
user_2372,Environment,Singing,High School,58,"Cybersecurity,Weightlifting",4,3,4,2,10,8,7,Cybersecurity Specialist
user_2373,Volunteering,Chess,Associate's,35,"Time Management,Foreign Languages,Critical Thinking,Negotiation,Sewing",9,10,3,5,5,2,9,Lawyer
user_2374,Acting,Chess,Doctorate,61,"Sewing,Writing,UI/UX Design,Cybersecurity",10,3,10,8,6,10,2,Journalist
user_2375,Film,Yoga,Bachelor's,39,"Weightlifting,Video Editing,Digital Marketing,Research",10,3,5,9,9,8,9,Sales Representative
user_2376,Sports,Rock Climbing,Master's,48,"Electrical Repair,Leadership,Public Speaking",6,4,5,3,6,2,10,Actor
user_2377,Fashion,Yoga,Bachelor's,45,"Foreign Languages,Cybersecurity,Video Editing,Sewing,Public Speaking",10,2,10,2,10,4,6,Sales Representative
user_2378,Dancing,Video Gaming,Bachelor's,55,"Conflict Resolution,UI/UX Design,Programming,Leadership,Research",6,7,8,6,10,2,1,Financial Analyst
user_2379,Fitness,Rock Climbing,Associate's,46,"Writing,UI/UX Design,Robotics,Data Analysis,First Aid",1,6,8,8,1,3,6,Dentist
user_2380,Art,Skiing,Master's,62,"Electrical Repair,Research,Cooking,Project Management",6,7,4,8,5,5,9,Chef
user_2381,Photography,Singing,Associate's,62,"Carpentry,Programming,Cybersecurity,Weightlifting",6,1,10,6,4,1,8,Financial Analyst
user_2382,Animals,Fishing,Doctorate,50,"Public Speaking,Cybersecurity,Singing,Time Management,First Aid",3,7,7,1,4,7,7,AI Engineer
user_2383,Gaming,Cooking,Doctorate,56,"Photography,Cybersecurity,Negotiation,Public Speaking",1,8,10,7,2,7,6,Marketing Manager
user_2384,Astronomy,Cycling,Bachelor's,36,"Time Management,Data Analysis",7,4,7,10,6,1,8,Marketing Manager
user_2385,History,Photography,Associate's,45,"Leadership,Public Speaking,Writing,AI Prompt Engineering,Project Management",4,1,8,1,1,9,2,AI Engineer
user_2386,Astronomy,Yoga,Vocational,29,"Time Management,Conflict Resolution,Cybersecurity,Carpentry,Sewing",5,10,5,2,9,1,2,Environmental Scientist
user_2387,Psychology,Cooking,Master's,37,"Weightlifting,First Aid,Public Speaking,Digital Marketing,Graphic Design",2,9,3,9,8,10,2,Journalist
user_2388,Acting,Reading,Vocational,32,"Negotiation,AI Prompt Engineering",7,7,7,10,5,3,4,Journalist
user_2389,Collecting,Writing,Doctorate,36,"Leadership,Critical Thinking,Video Editing",4,8,8,4,5,9,6,Statistician
user_2390,Languages,Photography,Bachelor's,54,"Robotics,Graphic Design,Video Editing",3,6,1,6,6,4,3,Dentist
user_2391,Environment,Scuba Diving,Master's,33,"Project Management,Video Editing,Singing,Cybersecurity,Electrical Repair",8,10,4,9,9,10,5,Dentist
user_2392,Astronomy,Bird Watching,Associate's,49,"UI/UX Design,AI Prompt Engineering,Graphic Design,Public Speaking,Critical Thinking",1,8,7,3,10,7,10,Social Worker
user_2393,Writing,Writing,Master's,21,"Programming,Critical Thinking,First Aid",2,1,8,2,10,2,3,Electrician
user_2394,Technology,Video Gaming,Master's,24,"AI Prompt Engineering,Video Editing,Digital Marketing,Research",6,6,1,2,10,4,6,Lawyer
user_2395,Technology,Knitting,Bachelor's,32,"Robotics,Digital Marketing",8,1,1,2,8,5,10,Chef
user_2396,Music,Cooking,High School,63,"Photography,Electrical Repair,Digital Marketing,Robotics,AI Prompt Engineering",8,1,2,1,2,5,10,Electrician
user_2397,Collecting,Cooking,Doctorate,61,"Programming,Foreign Languages,Graphic Design,Photography",9,7,6,5,10,7,7,UX Designer
user_2398,DIY,Gardening,Associate's,48,"Graphic Design,Robotics",9,1,1,5,6,1,2,Architect
user_2399,Chess,Traveling,Doctorate,44,"Robotics,Project Management",8,7,10,4,5,8,8,UX Designer
user_2400,Chess,Fishing,Bachelor's,27,"Writing,Negotiation,Programming,Robotics",5,3,3,5,7,5,1,Cybersecurity Specialist
user_2401,Collecting,Chess,High School,65,"Writing,Sewing,Data Analysis",2,5,9,9,2,7,1,Psychologist
user_2402,Magic,Bird Watching,High School,53,"Video Editing,Writing,Empathy",9,7,6,1,5,5,5,Construction Worker
user_2403,Entrepreneurship,Bird Watching,Doctorate,19,"Cybersecurity,Negotiation",1,2,6,2,4,8,9,Mechanic
user_2404,Sports,Baking,Bachelor's,40,"Empathy,Critical Thinking",7,9,2,8,1,1,7,Registered Nurse
user_2405,Acting,Writing,Vocational,56,"Video Editing,Foreign Languages,Empathy,Data Analysis,Driving",1,6,5,2,8,2,6,Pilot
user_2406,Environment,Cycling,Doctorate,65,"Programming,Weightlifting",8,8,9,5,3,9,5,Construction Worker
user_2407,Astronomy,Bird Watching,High School,45,"Writing,Project Management,Cybersecurity,Graphic Design,AI Prompt Engineering",3,3,9,4,5,10,2,UX Designer
user_2408,Art,Drawing,Associate's,26,"Creativity,UI/UX Design,Graphic Design",9,10,2,3,1,6,10,Graphic Designer
user_2409,Gaming,Reading,High School,29,"Cooking,Sewing,Video Editing",3,1,9,4,7,2,1,Plumber
user_2410,Writing,Rock Climbing,Bachelor's,59,"Cybersecurity,Public Speaking,Empathy",7,4,8,1,4,6,6,Actor
user_2411,Chess,Knitting,High School,45,"Project Management,Time Management,Video Editing,Weightlifting,Research",6,9,7,4,7,1,3,Farm Worker
user_2412,Art,Collecting Stamps,Vocational,29,"Conflict Resolution,First Aid,Negotiation,Public Speaking",9,1,7,10,5,1,10,Actor
user_2413,Meditation,Running,Vocational,58,"Weightlifting,Data Analysis,Sewing,Public Speaking",1,1,7,7,6,9,5,Cybersecurity Specialist
user_2414,Reading,Gardening,Vocational,62,"Robotics,Financial Literacy,Cybersecurity,Foreign Languages",1,9,10,8,1,7,5,Marketing Manager
user_2415,Fashion,Origami,Master's,21,"Empathy,Singing,Robotics,Digital Marketing",1,5,8,1,3,8,9,Chef
user_2416,Reading,Reading,Doctorate,25,"Leadership,Empathy",8,6,5,8,4,9,9,Elementary Teacher
user_2417,Cooking,Pottery,Vocational,50,"Research,Programming,Electrical Repair,Carpentry",6,6,4,3,1,6,3,AI Engineer
user_2418,Gardening,Cooking,Associate's,47,"Graphic Design,Research",8,9,9,8,6,1,6,Financial Analyst
user_2419,Music,Dancing,Doctorate,23,"Data Analysis,Project Management,Programming,Cybersecurity",1,8,5,1,5,6,2,Social Worker
user_2420,Reading,Scuba Diving,Master's,27,"Singing,Time Management,Weightlifting,UI/UX Design,First Aid",8,4,9,8,10,4,1,Pilot
user_2421,Art,Dancing,Bachelor's,30,"Research,Public Speaking,Electrical Repair,Graphic Design,Project Management",5,2,4,8,4,10,5,AI Engineer
user_2422,Chess,Swimming,Bachelor's,55,"Conflict Resolution,Photography,Foreign Languages,Critical Thinking",4,7,6,4,2,5,6,Electrician
user_2423,Fitness,Volunteering,Associate's,36,"Empathy,Critical Thinking,First Aid",7,4,4,1,3,4,1,Registered Nurse
user_2424,Environment,Playing Guitar,High School,60,"Programming,Sewing,Project Management,Cooking,AI Prompt Engineering",3,8,1,5,1,1,5,Journalist
user_2425,Art,Astronomy,Bachelor's,59,"Video Editing,Public Speaking,Empathy",3,8,6,8,9,10,7,Farm Worker
user_2426,Travel,Pottery,High School,53,"Photography,Weightlifting,Conflict Resolution",1,10,8,1,2,10,10,Pilot
user_2427,Dancing,Pottery,Doctorate,43,"Data Analysis,Programming,Time Management",9,7,4,7,8,9,3,Construction Worker
user_2428,Gaming,Reading,Bachelor's,27,"Data Analysis,Programming,Critical Thinking",3,6,3,9,5,7,6,Software Engineer
user_2429,Cooking,Skiing,Associate's,24,"AI Prompt Engineering,Electrical Repair,Programming,Photography,Data Analysis",1,9,1,9,4,5,9,Civil Engineer
user_2430,Gaming,Meditation,High School,35,"Photography,First Aid,Foreign Languages",6,9,7,8,3,7,1,Farm Worker
user_2431,Reading,Baking,Doctorate,44,"Public Speaking,Cooking,UI/UX Design,Financial Literacy",10,10,8,5,4,1,9,HR Manager
user_2432,Cars,Board Games,Associate's,63,"Electrical Repair,Data Analysis,Project Management",7,9,9,8,1,5,2,UX Designer
user_2433,Psychology,Photography,Associate's,28,"Robotics,Writing",6,7,3,5,8,10,10,Financial Analyst
user_2434,Fashion,Photography,Bachelor's,33,"Graphic Design,UI/UX Design,Creativity",1,8,9,5,7,5,1,Graphic Designer
user_2435,Dancing,Collecting Stamps,Master's,62,"Leadership,Driving,Cooking,Robotics,Foreign Languages",6,3,6,6,5,3,5,Civil Engineer
user_2436,Art,Painting,Doctorate,33,"UI/UX Design,Creativity,Graphic Design",7,1,2,6,5,2,4,Graphic Designer
user_2437,Travel,Playing Guitar,Master's,26,"Robotics,Singing,Driving",10,9,7,3,3,6,5,Social Worker
user_2438,Technology,Chess,Master's,25,"Programming,Data Analysis,Critical Thinking",2,5,10,3,7,3,8,Data Scientist
user_2439,Meditation,Swimming,Bachelor's,36,"Financial Literacy,Robotics,Public Speaking,Time Management,Research",7,2,5,10,1,10,2,Civil Engineer
user_2440,Film,Meditation,Associate's,37,"Critical Thinking,UI/UX Design,Empathy,Digital Marketing",1,1,2,8,9,5,7,Cybersecurity Specialist
user_2441,Psychology,Painting,Associate's,60,"Driving,UI/UX Design,Robotics,Photography,Public Speaking",8,4,3,2,7,7,6,Cybersecurity Specialist
user_2442,Film,Knitting,High School,25,"Graphic Design,Photography,Driving,UI/UX Design,First Aid",1,3,6,1,1,7,5,Dentist
user_2443,Animals,Skiing,Associate's,60,"Cooking,Project Management,UI/UX Design,Foreign Languages,Driving",6,1,6,4,5,8,8,Cybersecurity Specialist
user_2444,Psychology,Meditation,Associate's,30,"Cooking,Negotiation,AI Prompt Engineering,Financial Literacy,Weightlifting",9,8,6,10,3,1,5,Construction Worker
user_2445,Volunteering,Reading,Bachelor's,37,"Empathy,Critical Thinking,First Aid",5,5,5,4,4,3,10,Registered Nurse
user_2446,Psychology,Gardening,Associate's,48,"Project Management,First Aid,Financial Literacy,Sewing,Video Editing",5,10,8,3,9,4,5,Statistician
user_2447,Animals,Reading,Bachelor's,37,"Critical Thinking,First Aid",3,2,3,9,3,7,6,Registered Nurse
user_2448,Animals,Photography,High School,39,"Writing,Time Management,Graphic Design,Negotiation",9,5,4,5,6,7,6,Social Worker
user_2449,Animals,Fitness,Associate's,35,"First Aid,Empathy",10,6,10,5,4,6,8,Registered Nurse
user_2450,DIY,Singing,High School,27,"Graphic Design,Financial Literacy,Data Analysis",2,3,7,5,3,2,9,HR Manager
user_2451,Travel,Board Games,Bachelor's,58,"Public Speaking,Writing,Negotiation,Conflict Resolution,Programming",8,1,10,6,1,7,3,Sales Representative
user_2452,Film,Rock Climbing,Vocational,26,"Cooking,Electrical Repair,Project Management,Programming,Sewing",8,10,9,1,5,8,1,HR Manager
user_2453,Astronomy,Writing,Associate's,28,"AI Prompt Engineering,Time Management,Foreign Languages",4,7,10,2,9,5,6,Pilot
user_2454,Technology,Video Gaming,Doctorate,54,"Leadership,Carpentry,Video Editing",3,10,1,2,7,6,2,UX Designer
user_2455,Collecting,Astronomy,Master's,65,"Data Analysis,Negotiation,Financial Literacy,Cooking,Empathy",4,4,4,2,8,10,4,Farm Worker
user_2456,Meditation,Swimming,Doctorate,24,"Video Editing,Negotiation,Financial Literacy,Public Speaking,Project Management",2,1,1,1,3,8,9,Biomedical Engineer
user_2457,Animals,Painting,Bachelor's,54,"Empathy,Critical Thinking,First Aid",2,10,1,6,4,8,7,Registered Nurse
user_2458,Collecting,Traveling,Bachelor's,36,"Sewing,Carpentry,Video Editing,UI/UX Design,Leadership",10,8,6,4,2,2,6,HR Manager
user_2459,Gardening,Video Gaming,Master's,30,"Critical Thinking,Conflict Resolution",5,5,10,5,2,10,10,Farm Worker
user_2460,Travel,Running,Associate's,18,"Sewing,Writing,Electrical Repair",2,6,8,4,7,9,6,Dentist
user_2461,Writing,Skiing,High School,19,"Graphic Design,Financial Literacy,Singing",7,8,3,1,8,6,10,Construction Worker
user_2462,Reading,Astronomy,Bachelor's,64,"Driving,Video Editing,Research,Programming,Graphic Design",6,1,5,4,5,1,2,Biomedical Engineer
user_2463,Fitness,Video Gaming,Associate's,44,"Negotiation,Empathy,Electrical Repair,Weightlifting,Photography",3,10,8,8,5,2,1,HR Manager
user_2464,Environment,Astronomy,Doctorate,27,"Digital Marketing,Public Speaking,AI Prompt Engineering",5,7,3,2,5,8,1,Actor
user_2465,Meditation,Astronomy,High School,38,"Sewing,Weightlifting,Conflict Resolution",5,3,9,10,1,8,9,Cybersecurity Specialist
user_2466,Cars,Knitting,High School,40,"Writing,Data Analysis",1,7,7,2,7,10,1,Actor
user_2467,Dancing,Cycling,Bachelor's,60,"Electrical Repair,AI Prompt Engineering,Foreign Languages,Driving,Photography",2,10,10,5,7,8,1,Marketing Manager
user_2468,Reading,Singing,High School,27,"AI Prompt Engineering,Conflict Resolution,UI/UX Design",9,4,1,9,8,9,9,Biomedical Engineer
user_2469,Sports,Board Games,Vocational,47,"AI Prompt Engineering,Video Editing,Leadership,Empathy",7,9,7,3,8,5,9,Civil Engineer
user_2470,Gardening,Chess,Bachelor's,39,"Programming,Data Analysis,Research,Photography",4,7,8,3,2,2,6,Statistician
user_2471,Art,Photography,Master's,40,"UI/UX Design,Graphic Design",8,2,7,6,1,10,5,Graphic Designer
user_2472,Gaming,Photography,Vocational,25,"Negotiation,Data Analysis",9,2,4,7,10,1,1,Pilot
user_2473,History,Chess,High School,40,"Cooking,Data Analysis",10,4,10,5,3,8,9,Chef
user_2474,Art,Reading,Master's,50,"Driving,Public Speaking,Financial Literacy,Foreign Languages,Robotics",9,2,5,5,2,7,7,Biomedical Engineer
user_2475,Cooking,Reading,Bachelor's,48,"Singing,Programming",6,9,6,9,3,5,1,Marketing Manager
user_2476,Music,Gardening,Associate's,22,"UI/UX Design,Creativity,Graphic Design",8,6,10,9,10,7,3,Graphic Designer
user_2477,Dancing,Collecting Stamps,Associate's,55,"Conflict Resolution,Leadership,UI/UX Design,Photography",3,6,2,10,10,1,2,Journalist
user_2478,Acting,Painting,Bachelor's,49,"Public Speaking,Singing,Cooking,Time Management,Critical Thinking",3,7,9,3,4,10,6,Cybersecurity Specialist
user_2479,Cars,Cycling,Associate's,39,"Critical Thinking,Programming,Data Analysis",6,2,4,10,9,6,6,Data Scientist
user_2480,Travel,Collecting Stamps,Bachelor's,33,"Electrical Repair,Cooking",3,6,3,4,3,5,4,Environmental Scientist
user_2481,Animals,Origami,Bachelor's,38,"Carpentry,Singing,Programming,Writing,Photography",4,6,1,1,7,5,6,Actor
user_2482,Fitness,Gardening,Bachelor's,61,"Leadership,Video Editing,Carpentry",6,6,9,8,3,10,4,Statistician
user_2483,Travel,Knitting,High School,51,"Negotiation,Singing",3,3,7,3,4,2,7,Mechanic
user_2484,Acting,Skiing,Bachelor's,65,"Sewing,Photography",5,2,5,8,8,6,7,Plumber
user_2485,Animals,Meditation,Master's,48,"Leadership,Programming",6,4,9,3,9,10,9,Farm Worker
user_2486,Psychology,Baking,Associate's,30,"Research,Sewing,Video Editing,First Aid,Critical Thinking",6,2,3,6,7,3,3,Farm Worker
user_2487,Sports,Astronomy,Vocational,55,"Data Analysis,Photography,Leadership,Public Speaking,Electrical Repair",2,9,7,1,7,10,10,Dentist
user_2488,Film,Rock Climbing,Master's,30,"AI Prompt Engineering,Project Management,Graphic Design",7,3,10,9,7,1,5,AI Engineer
user_2489,Reading,Skiing,Vocational,58,"Negotiation,Video Editing",10,6,7,3,6,1,10,Electrician
user_2490,Fashion,Drawing,Associate's,41,"UI/UX Design,Creativity,Graphic Design",9,2,2,1,8,2,5,Graphic Designer
user_2491,Music,Pottery,Doctorate,39,"First Aid,Research,Sewing,Photography",8,3,2,4,3,7,8,Social Worker
user_2492,Entrepreneurship,Yoga,Associate's,46,"Data Analysis,Programming",10,8,6,7,9,5,3,Data Scientist
user_2493,DIY,Bird Watching,Associate's,47,"AI Prompt Engineering,Graphic Design,Cybersecurity",4,2,2,3,7,6,10,Plumber
user_2494,Travel,Cycling,Vocational,22,"Leadership,Data Analysis,Electrical Repair,Research,Sewing",1,5,3,4,3,8,6,Dentist
user_2495,Languages,Cooking,High School,44,"Programming,Conflict Resolution,First Aid",2,7,6,3,8,3,7,Biomedical Engineer
user_2496,Dancing,Traveling,High School,19,"Electrical Repair,AI Prompt Engineering",3,6,2,4,7,3,3,Electrician
user_2497,Animals,Drawing,Associate's,39,"Graphic Design,UI/UX Design,Creativity",7,10,7,2,4,7,1,Graphic Designer
user_2498,Art,Scuba Diving,Doctorate,54,"Foreign Languages,Empathy",4,6,4,4,4,6,1,Construction Worker
user_2499,Fitness,Cycling,Bachelor's,45,"Empathy,Critical Thinking,First Aid",4,4,3,1,10,7,8,Registered Nurse
user_2500,Writing,Skiing,Vocational,39,"Foreign Languages,Cooking,Digital Marketing,Time Management,Public Speaking",4,7,4,9,6,8,5,Chef
user_2501,Technology,Chess,Vocational,43,"Critical Thinking,Data Analysis,Programming",2,5,7,9,4,2,5,Software Engineer
user_2502,Cars,Origami,Associate's,41,"Video Editing,Conflict Resolution,Empathy,Critical Thinking",3,1,2,9,2,10,1,Environmental Scientist
user_2503,Animals,Reading,Bachelor's,60,"Empathy,Leadership",1,8,6,2,10,3,7,Elementary Teacher
user_2504,Entrepreneurship,Skiing,Vocational,60,"Driving,Financial Literacy,UI/UX Design",9,5,4,10,7,6,7,Statistician
user_2505,Collecting,Running,Bachelor's,23,"Robotics,Digital Marketing",7,6,4,5,8,7,5,Marketing Manager
user_2506,Fashion,Yoga,Associate's,31,"Conflict Resolution,Critical Thinking",6,10,6,6,1,9,1,UX Designer
user_2507,Astronomy,Hiking,Associate's,45,"Project Management,Research,Electrical Repair,Cybersecurity",3,10,5,4,7,2,1,Chef
user_2508,Volunteering,Swimming,Associate's,24,"Empathy,Critical Thinking",1,8,5,2,8,1,7,Registered Nurse
user_2509,Magic,Hiking,Doctorate,60,"Photography,First Aid",2,8,7,3,3,9,1,UX Designer
user_2510,Art,Cycling,Bachelor's,33,"AI Prompt Engineering,Public Speaking,Negotiation,Sewing,Singing",5,9,3,9,2,8,4,Dentist
user_2511,Entrepreneurship,Meditation,Master's,35,"Programming,Data Analysis",7,5,7,5,7,8,7,Software Engineer
user_2512,Art,Running,Associate's,40,"Empathy,Driving",2,5,4,10,10,10,3,Statistician
user_2513,Dancing,Reading,Vocational,51,"Financial Literacy,Cooking,Sewing,Robotics",2,5,4,9,3,6,6,Lawyer
user_2514,Animals,Cycling,Master's,25,"Sewing,Negotiation",3,9,4,10,1,6,4,Cybersecurity Specialist
user_2515,Art,Playing Guitar,Master's,51,"Programming,Data Analysis,Empathy,Foreign Languages",8,8,7,10,3,2,10,Actor
user_2516,Art,Collecting Stamps,Associate's,49,"UI/UX Design,Sewing,Critical Thinking,Negotiation",5,1,7,10,2,5,4,Farm Worker
user_2517,Dancing,Board Games,Doctorate,58,"Empathy,Research,Negotiation,Foreign Languages",8,7,10,6,10,8,10,Electrician
user_2518,Astronomy,Hiking,Vocational,34,"Writing,Sewing,Public Speaking",4,10,2,10,1,6,7,HR Manager
user_2519,Music,Origami,Bachelor's,43,"Project Management,Time Management,Sewing",9,8,7,9,2,7,1,Financial Analyst
user_2520,Sports,Cooking,Vocational,45,"Electrical Repair,First Aid,Empathy",4,8,4,9,1,2,4,Dentist
user_2521,Collecting,Writing,Bachelor's,63,"Research,Foreign Languages",9,3,7,2,2,2,5,Construction Worker
user_2522,Gaming,Bird Watching,Vocational,64,"Critical Thinking,Data Analysis,First Aid,Robotics",6,6,7,5,8,4,2,Farm Worker
user_2523,Entrepreneurship,Playing Guitar,Bachelor's,58,"Programming,Singing",9,10,5,4,9,4,1,AI Engineer
user_2524,Technology,Origami,Bachelor's,18,"Weightlifting,Driving",5,2,9,10,1,3,5,AI Engineer
user_2525,Reading,Reading,Doctorate,30,"Data Analysis,Critical Thinking,Programming",10,4,2,9,2,4,8,Data Scientist
user_2526,Music,Skiing,Vocational,18,"First Aid,Time Management,Data Analysis",2,7,5,8,7,5,10,Psychologist
user_2527,Chess,Playing Guitar,Doctorate,48,"Weightlifting,Cybersecurity,Carpentry",8,9,2,9,2,6,6,Financial Analyst
user_2528,Volunteering,Bird Watching,High School,37,"First Aid,Critical Thinking",2,8,9,8,7,1,3,Registered Nurse
user_2529,Magic,Scuba Diving,Doctorate,34,"Programming,Cooking",1,4,10,2,7,8,9,Lawyer
user_2530,Photography,Collecting Stamps,Doctorate,52,"Weightlifting,Financial Literacy,Time Management,Digital Marketing",1,9,3,3,8,9,2,Journalist
user_2531,Meditation,Board Games,Bachelor's,55,"Digital Marketing,Sewing,Carpentry",1,8,3,5,9,7,2,Electrician
user_2532,Gaming,Reading,High School,61,"Video Editing,Writing,Public Speaking,Graphic Design",5,2,3,9,1,5,5,Pilot
user_2533,Fitness,Running,Bachelor's,37,"Video Editing,Carpentry,Photography,Robotics",8,9,9,7,2,8,4,Civil Engineer
user_2534,Chess,Skiing,Doctorate,39,"Cybersecurity,Digital Marketing",7,9,10,10,1,7,6,Biomedical Engineer
user_2535,Photography,Origami,Bachelor's,43,"Driving,Digital Marketing,Writing",6,7,2,9,5,6,4,Journalist
user_2536,Acting,Scuba Diving,Master's,35,"Leadership,Digital Marketing,Foreign Languages,Graphic Design",9,9,4,8,5,5,9,Sales Representative
user_2537,Sports,Chess,Associate's,18,"Negotiation,Robotics,Conflict Resolution",7,8,1,3,2,8,9,Civil Engineer
user_2538,Entrepreneurship,Board Games,High School,64,"Digital Marketing,Electrical Repair",7,4,3,10,5,1,4,UX Designer
user_2539,Cooking,Swimming,Master's,53,"Leadership,Empathy",7,6,6,2,1,9,7,Journalist
user_2540,History,Astronomy,Vocational,61,"Digital Marketing,Project Management",10,5,1,3,8,6,10,Financial Analyst
user_2541,Technology,Dancing,Associate's,48,"Leadership,Video Editing,Photography,Financial Literacy",3,9,2,1,8,1,6,Farm Worker
user_2542,Cars,Board Games,Associate's,25,"Time Management,Video Editing",1,1,7,7,2,7,2,HR Manager
user_2543,Psychology,Cooking,Associate's,36,"Video Editing,AI Prompt Engineering,Electrical Repair,Cybersecurity",10,2,9,2,5,4,4,Actor
user_2544,Entrepreneurship,Astronomy,High School,42,"First Aid,Sewing,Carpentry",7,1,6,4,4,9,9,Marketing Manager
user_2545,DIY,Gardening,Master's,63,"Leadership,Electrical Repair",6,9,9,1,5,2,5,AI Engineer
user_2546,Gardening,Cycling,Vocational,65,"Data Analysis,UI/UX Design,Time Management,Weightlifting,Digital Marketing",8,10,1,3,3,10,4,Marketing Manager
user_2547,Reading,Board Games,Bachelor's,43,"Critical Thinking,Data Analysis,Programming",8,3,6,7,7,9,8,Data Scientist
user_2548,Collecting,Pottery,Vocational,46,"Financial Literacy,Driving",6,2,1,5,2,4,7,Farm Worker
user_2549,Animals,Writing,Doctorate,59,"Empathy,Project Management,First Aid",10,7,8,4,8,2,10,Actor
user_2550,Acting,Reading,Master's,37,"First Aid,Driving,Programming,UI/UX Design",3,9,10,5,5,4,9,Actor
user_2551,Dancing,Playing Guitar,Doctorate,42,"Writing,First Aid,Sewing,Singing,Leadership",7,9,10,10,7,10,1,Marketing Manager
user_2552,Dancing,Running,Doctorate,33,"Time Management,Public Speaking,Empathy,Weightlifting",10,5,10,1,5,5,5,Chef
user_2553,Fitness,Chess,Associate's,64,"Writing,Singing,Foreign Languages",2,1,10,6,5,8,3,Construction Worker
user_2554,History,Playing Guitar,Master's,25,"Video Editing,Research,Programming,Digital Marketing",8,9,3,9,1,4,6,Plumber
user_2555,Cars,Dancing,Master's,49,"Electrical Repair,Programming,Weightlifting,Empathy,Writing",6,1,2,4,10,10,4,Journalist
user_2556,Environment,Yoga,Doctorate,43,"Graphic Design,Sewing,Writing",8,2,9,7,3,7,7,HR Manager
user_2557,Gaming,Knitting,Vocational,52,"Digital Marketing,Programming",4,3,7,3,5,10,9,Environmental Scientist
user_2558,Languages,Singing,Associate's,54,"Electrical Repair,Programming,Sewing,Cooking,Digital Marketing",7,5,5,4,5,10,6,Construction Worker
user_2559,Fitness,Photography,Bachelor's,38,"Empathy,First Aid,Critical Thinking",10,3,1,6,4,7,6,Registered Nurse
user_2560,History,Gardening,High School,23,"Weightlifting,Photography,Graphic Design",6,3,5,1,5,2,6,Lawyer
user_2561,Reading,Rock Climbing,High School,59,"Writing,Electrical Repair,Robotics",10,4,4,4,4,6,7,Social Worker
user_2562,Languages,Fishing,Bachelor's,43,"Graphic Design,Foreign Languages,Conflict Resolution,Robotics,Cybersecurity",3,10,6,1,7,5,2,Marketing Manager
user_2563,Photography,Writing,Vocational,58,"Negotiation,Robotics,Project Management,Photography,First Aid",7,6,6,5,7,2,3,Statistician
user_2564,Sports,Yoga,Doctorate,21,"Conflict Resolution,AI Prompt Engineering",9,10,3,9,10,2,5,Lawyer
user_2565,Psychology,Singing,Bachelor's,26,"Research,Empathy,Financial Literacy,Programming,Writing",9,2,4,9,5,8,6,Journalist
user_2566,Entrepreneurship,Chess,Master's,45,"Data Analysis,Programming,Critical Thinking",5,7,6,2,3,1,7,Data Scientist
user_2567,Animals,Video Gaming,Vocational,58,"Project Management,Cooking,Digital Marketing,Research,Programming",4,2,6,9,5,7,5,Environmental Scientist
user_2568,Gardening,Chess,Doctorate,19,"Time Management,Carpentry",4,2,10,6,1,8,9,HR Manager
user_2569,Art,Playing Guitar,Associate's,58,"Carpentry,Empathy,AI Prompt Engineering",3,7,3,1,6,6,6,Plumber
user_2570,Entrepreneurship,Astronomy,Associate's,64,"Singing,Cybersecurity,Digital Marketing,Robotics,Research",4,10,4,10,10,5,4,Construction Worker
user_2571,Technology,Board Games,Bachelor's,53,"Leadership,UI/UX Design,Carpentry,Research,Weightlifting",9,1,10,6,8,3,9,Social Worker
user_2572,History,Running,Bachelor's,41,"Video Editing,Sewing,Research,Financial Literacy",1,8,5,6,7,3,6,Architect
user_2573,Languages,Skiing,Master's,46,"Leadership,Electrical Repair,Robotics,Cooking",1,10,9,1,3,1,8,Architect
user_2574,Fashion,Yoga,Vocational,55,"Financial Literacy,Video Editing",5,9,5,8,8,4,10,Statistician
user_2575,Astronomy,Playing Guitar,Doctorate,24,"Graphic Design,UI/UX Design,Singing,Financial Literacy,AI Prompt Engineering",1,2,2,3,1,4,7,Dentist
user_2576,Acting,Origami,Bachelor's,23,"Foreign Languages,Driving,First Aid,Writing,Graphic Design",1,8,10,4,6,3,8,UX Designer
user_2577,Reading,Reading,Bachelor's,27,"Leadership,Public Speaking,Empathy",2,6,3,10,1,1,8,Elementary Teacher
user_2578,Entrepreneurship,Reading,Associate's,27,"Data Analysis,Video Editing,Writing",3,4,3,5,7,5,5,Architect
user_2579,Fashion,Skiing,Vocational,49,"Leadership,Singing,Weightlifting,AI Prompt Engineering,Carpentry",2,5,2,9,2,1,1,Lawyer
user_2580,Languages,Singing,Master's,64,"Empathy,Data Analysis",2,8,1,6,7,5,8,Biomedical Engineer
user_2581,Music,Origami,Vocational,64,"Video Editing,Financial Literacy,Electrical Repair",6,10,5,8,10,2,1,Sales Representative
user_2582,Gaming,Scuba Diving,Bachelor's,38,"Photography,Sewing,Public Speaking",9,1,5,6,4,4,5,Chef
user_2583,Fashion,Rock Climbing,High School,18,"Project Management,Video Editing",8,6,6,5,8,6,4,Actor
user_2584,Gardening,Photography,High School,48,"Robotics,Financial Literacy,Photography",1,4,6,9,3,2,8,Civil Engineer
user_2585,DIY,Traveling,Associate's,53,"Singing,Weightlifting",9,7,2,2,3,6,9,Actor
user_2586,Meditation,Board Games,Bachelor's,48,"Graphic Design,Data Analysis,Project Management",8,2,7,9,2,1,10,Dentist
user_2587,Writing,Fishing,Vocational,44,"Photography,Robotics,Financial Literacy,Electrical Repair,Data Analysis",2,1,8,1,7,9,7,Civil Engineer
user_2588,Chess,Playing Guitar,Associate's,56,"Foreign Languages,Singing,Time Management,Cooking",4,8,5,3,6,3,6,Pilot
user_2589,Astronomy,Astronomy,Vocational,61,"Graphic Design,Video Editing,Financial Literacy,Weightlifting",7,1,4,3,4,8,1,HR Manager
user_2590,Cars,Astronomy,High School,40,"AI Prompt Engineering,Video Editing",4,3,4,1,5,8,8,Actor
user_2591,Cars,Collecting Stamps,Doctorate,40,"Digital Marketing,Research,Sewing",9,5,2,7,3,10,1,Journalist
user_2592,Art,Writing,Vocational,19,"Negotiation,Graphic Design",9,4,5,4,5,10,4,AI Engineer
user_2593,Fashion,Collecting Stamps,Doctorate,33,"Writing,Project Management,Critical Thinking,Weightlifting",5,2,7,8,7,3,2,Pilot
user_2594,Astronomy,Yoga,Vocational,56,"Project Management,Video Editing,Leadership",4,5,9,8,1,10,3,Chef
user_2595,Animals,Astronomy,Vocational,50,"Empathy,First Aid,Critical Thinking",3,6,9,2,3,9,8,Registered Nurse
user_2596,Fashion,Rock Climbing,Doctorate,34,"UI/UX Design,Electrical Repair,Foreign Languages,Cooking",3,3,5,7,10,7,9,Biomedical Engineer
user_2597,Writing,Video Gaming,High School,33,"Cybersecurity,Driving,Project Management,Financial Literacy",9,5,6,5,8,1,6,Construction Worker
user_2598,Animals,Reading,Bachelor's,36,"First Aid,Empathy,Critical Thinking",3,8,7,1,8,9,4,Registered Nurse
user_2599,Sports,Dancing,Vocational,36,"Video Editing,Conflict Resolution",1,4,6,4,5,2,8,UX Designer
user_2600,Animals,Reading,Master's,51,"Leadership,Public Speaking",3,10,9,4,6,9,5,Elementary Teacher
user_2601,Fashion,Board Games,Associate's,36,"Critical Thinking,Programming,Data Analysis",10,1,10,2,8,5,5,Data Scientist
user_2602,Entrepreneurship,Video Gaming,Doctorate,23,"Critical Thinking,Programming,Data Analysis",6,9,5,1,3,10,4,Software Engineer
user_2603,Fashion,Painting,Master's,18,"Digital Marketing,Singing,Weightlifting",7,6,7,3,7,1,1,Architect
user_2604,Volunteering,Board Games,Master's,50,"Programming,Cybersecurity",4,1,1,6,4,8,9,Plumber
user_2605,Volunteering,Photography,Master's,26,"First Aid,Empathy,Critical Thinking",4,10,8,7,7,3,2,Registered Nurse
user_2606,Fitness,Reading,Bachelor's,41,"First Aid,Critical Thinking",4,6,9,4,5,10,3,Registered Nurse
user_2607,Gardening,Dancing,Master's,23,"AI Prompt Engineering,Project Management",4,4,6,6,9,9,6,Biomedical Engineer
user_2608,Volunteering,Singing,Master's,24,"Graphic Design,Driving,AI Prompt Engineering,Programming,Negotiation",6,9,8,6,4,1,3,Journalist
user_2609,Chess,Writing,Master's,37,"Foreign Languages,Electrical Repair",10,6,3,1,3,8,10,Actor
user_2610,Entrepreneurship,Reading,Master's,40,"Programming,Critical Thinking,Data Analysis",5,10,5,1,1,10,3,Data Scientist
user_2611,Music,Origami,Bachelor's,60,"Programming,Robotics,Public Speaking",9,1,6,8,1,2,10,Cybersecurity Specialist
user_2612,Magic,Collecting Stamps,Vocational,39,"Robotics,Weightlifting,Cybersecurity,Sewing",6,7,9,1,9,5,7,Dentist
user_2613,Environment,Hiking,Bachelor's,27,"Cybersecurity,Carpentry,Critical Thinking,AI Prompt Engineering",5,8,1,1,3,6,2,Civil Engineer
user_2614,Reading,Gardening,Master's,41,"Cybersecurity,Writing,Weightlifting,Carpentry,Robotics",5,9,8,8,5,8,7,Environmental Scientist
user_2615,Gaming,Collecting Stamps,High School,57,"Conflict Resolution,Research",1,1,7,4,5,8,5,Dentist
user_2616,Gardening,Drawing,Bachelor's,34,"Graphic Design,Creativity",9,3,9,8,7,6,8,Graphic Designer
user_2617,Gardening,Knitting,Master's,41,"Empathy,Foreign Languages",7,5,9,8,9,3,7,Architect
user_2618,Technology,Skiing,Vocational,37,"Critical Thinking,First Aid,Empathy",10,5,9,5,5,8,1,Registered Nurse
user_2619,Environment,Hiking,Bachelor's,20,"AI Prompt Engineering,UI/UX Design,Cooking,Financial Literacy,Data Analysis",2,9,2,10,7,2,4,Financial Analyst
user_2620,Cooking,Cooking,Master's,51,"Driving,Photography",4,3,5,2,10,10,8,Marketing Manager
user_2621,Psychology,Astronomy,Bachelor's,36,"Video Editing,Public Speaking,Robotics",5,9,10,1,10,9,6,Farm Worker
user_2622,Environment,Chess,Bachelor's,34,"Financial Literacy,Critical Thinking,Sewing",8,7,9,9,10,4,9,Sales Representative
user_2623,Fitness,Baking,Associate's,51,"Singing,Critical Thinking",4,2,10,7,6,3,2,AI Engineer
user_2624,Reading,Reading,Associate's,38,"Critical Thinking,Public Speaking,Project Management,UI/UX Design,Financial Literacy",9,5,6,10,6,9,8,Civil Engineer
user_2625,Volunteering,Photography,Vocational,20,"Leadership,Digital Marketing,Electrical Repair,Conflict Resolution,Photography",2,9,4,6,10,5,2,Lawyer
user_2626,Fashion,Drawing,Associate's,30,"Graphic Design,UI/UX Design,Creativity",3,8,5,4,6,2,5,Graphic Designer
user_2627,Art,Painting,Vocational,24,"First Aid,Financial Literacy,Weightlifting,Public Speaking,Project Management",9,2,1,7,1,8,7,HR Manager
user_2628,Chess,Video Gaming,Associate's,34,"Programming,Critical Thinking,Data Analysis",10,9,8,1,3,6,3,Software Engineer
user_2629,Acting,Skiing,Vocational,60,"UI/UX Design,Leadership,Negotiation,Public Speaking,First Aid",5,9,6,3,7,1,3,Pilot
user_2630,Fitness,Volunteering,Bachelor's,26,"Empathy,First Aid",1,5,6,9,10,3,8,Registered Nurse
user_2631,Animals,Fitness,Associate's,45,"Critical Thinking,Empathy,First Aid",10,9,2,9,3,9,5,Registered Nurse
user_2632,Gaming,Gardening,High School,40,"Writing,Cybersecurity,Photography,Robotics",4,9,1,8,10,3,7,Sales Representative
user_2633,Chess,Traveling,Associate's,19,"Electrical Repair,Research",6,1,6,7,7,6,6,Farm Worker
user_2634,Entrepreneurship,Rock Climbing,Master's,49,"Carpentry,Photography,Critical Thinking",3,1,5,4,1,1,7,UX Designer
user_2635,Meditation,Rock Climbing,High School,65,"Video Editing,Sewing,Digital Marketing",6,10,2,2,5,3,1,Pilot
user_2636,Fashion,Painting,Doctorate,44,"UI/UX Design,Creativity",6,5,3,3,5,10,3,Graphic Designer
user_2637,Psychology,Gardening,High School,19,"Photography,Project Management",8,9,10,3,9,3,5,Environmental Scientist
user_2638,Magic,Playing Guitar,Associate's,32,"AI Prompt Engineering,Cooking,Video Editing",2,8,7,3,10,5,9,HR Manager
user_2639,Chess,Rock Climbing,Master's,47,"Time Management,UI/UX Design,Negotiation,Photography,Video Editing",2,5,1,9,4,1,8,Environmental Scientist
user_2640,Travel,Fitness,Associate's,52,"Empathy,Critical Thinking,First Aid",8,4,7,3,10,3,5,Registered Nurse
user_2641,Gaming,Baking,Doctorate,29,"Photography,Leadership,Project Management,Graphic Design",5,7,3,10,3,3,3,Financial Analyst
user_2642,Magic,Fishing,Vocational,64,"Photography,Cooking,AI Prompt Engineering",1,7,3,8,1,10,5,Social Worker
user_2643,Magic,Cooking,Vocational,55,"First Aid,Research,Negotiation",7,8,1,9,10,4,10,Psychologist
user_2644,Travel,Hiking,Doctorate,47,"Data Analysis,Negotiation,UI/UX Design,Photography",6,9,4,4,9,8,9,HR Manager
user_2645,Environment,Gardening,Master's,58,"Cooking,Singing,Writing,Negotiation",10,6,1,9,3,6,8,Electrician
user_2646,Technology,Reading,Master's,34,"Critical Thinking,Data Analysis,Programming",6,3,10,2,5,9,4,Software Engineer
user_2647,Film,Singing,Vocational,47,"Empathy,Carpentry",6,3,6,5,2,2,1,Civil Engineer
user_2648,Film,Swimming,Bachelor's,44,"Research,Financial Literacy",10,5,1,6,10,7,5,Lawyer
user_2649,Fitness,Singing,Associate's,30,"Programming,Foreign Languages,Cooking",5,4,3,7,2,5,4,Cybersecurity Specialist
user_2650,Meditation,Scuba Diving,Associate's,30,"Public Speaking,AI Prompt Engineering",2,6,7,9,4,1,10,Statistician
user_2651,Collecting,Board Games,Bachelor's,35,"Critical Thinking,Electrical Repair,Singing,Public Speaking,Foreign Languages",8,7,5,5,3,9,7,Mechanic
user_2652,Art,Baking,High School,64,"Data Analysis,Project Management",5,5,9,1,6,7,10,Mechanic
user_2653,Animals,Skiing,High School,19,"First Aid,Time Management,Graphic Design,Robotics",1,1,8,3,4,2,5,HR Manager
user_2654,Gaming,Origami,Vocational,24,"Critical Thinking,Programming",5,4,2,1,6,6,1,Software Engineer
user_2655,Art,Knitting,Bachelor's,18,"Electrical Repair,Research,Negotiation,Financial Literacy,Data Analysis",5,2,5,9,4,6,2,Psychologist
user_2656,Acting,Traveling,Bachelor's,48,"Driving,Project Management",2,6,4,9,7,2,2,Mechanic
user_2657,Dancing,Chess,Vocational,41,"First Aid,Data Analysis,Public Speaking",7,2,7,6,1,5,8,Plumber
user_2658,Astronomy,Origami,High School,29,"Programming,Electrical Repair,Project Management",6,1,9,5,6,3,5,Financial Analyst
user_2659,Animals,Painting,Associate's,32,"Foreign Languages,Public Speaking,Data Analysis",1,10,10,10,4,2,10,Dentist
user_2660,DIY,Volunteering,Bachelor's,59,"Leadership,Public Speaking",9,9,8,5,2,6,10,Elementary Teacher
user_2661,Gardening,Singing,High School,27,"Foreign Languages,First Aid,Financial Literacy,Carpentry,Writing",4,9,7,10,7,7,5,HR Manager
user_2662,Cars,Baking,Vocational,62,"Project Management,Robotics,First Aid,Photography,Programming",7,8,8,8,10,9,4,Sales Representative
user_2663,Technology,Gardening,Bachelor's,42,"Programming,Data Analysis,Critical Thinking",2,6,8,10,3,1,9,Software Engineer
user_2664,Meditation,Video Gaming,Master's,45,"Data Analysis,Programming",7,7,1,9,7,10,7,Software Engineer
user_2665,Music,Baking,Master's,29,"Video Editing,Weightlifting,Writing,Photography,Sewing",7,1,9,7,4,4,4,Biomedical Engineer
user_2666,Astronomy,Swimming,High School,63,"Negotiation,Programming,Leadership,Financial Literacy",1,1,6,1,10,1,9,Journalist
user_2667,Psychology,Meditation,Master's,20,"Negotiation,Weightlifting,Foreign Languages,UI/UX Design",5,5,2,10,10,5,2,HR Manager
user_2668,Music,Scuba Diving,Vocational,56,"Electrical Repair,Video Editing",2,10,2,9,2,5,10,Construction Worker
user_2669,Meditation,Chess,Bachelor's,25,"Critical Thinking,Data Analysis,Programming",6,1,1,5,4,8,6,Software Engineer
user_2670,Gardening,Gardening,Doctorate,52,"Robotics,Singing,Video Editing",1,4,10,1,4,7,8,Biomedical Engineer
user_2671,Collecting,Hiking,Associate's,22,"Digital Marketing,First Aid,Driving,Cybersecurity",8,5,4,10,3,8,1,Construction Worker
user_2672,Meditation,Scuba Diving,High School,31,"Singing,Graphic Design,Conflict Resolution,Programming,Data Analysis",1,4,3,1,9,3,4,Environmental Scientist
user_2673,Fashion,Dancing,Bachelor's,63,"Data Analysis,Weightlifting,Video Editing,Graphic Design",10,1,8,7,5,5,5,Sales Representative
user_2674,Writing,Swimming,Doctorate,27,"Cybersecurity,Carpentry,Electrical Repair",8,3,7,2,1,6,5,HR Manager
user_2675,Languages,Swimming,Associate's,64,"Time Management,Project Management,Weightlifting,Graphic Design",9,10,6,7,9,9,7,Plumber
user_2676,Technology,Hiking,Master's,22,"Carpentry,Digital Marketing",9,5,9,8,7,2,5,Marketing Manager
user_2677,Cars,Skiing,High School,57,"Leadership,Cooking",8,6,4,8,10,5,8,Environmental Scientist
user_2678,Animals,Reading,High School,28,"UI/UX Design,Time Management,Carpentry,Financial Literacy",8,9,6,3,4,5,7,HR Manager
user_2679,DIY,Reading,Master's,56,"Public Speaking,Graphic Design,Programming,Video Editing,Weightlifting",7,6,9,10,8,9,3,AI Engineer
user_2680,Animals,Hiking,Master's,39,"Cybersecurity,Financial Literacy,UI/UX Design,Public Speaking",5,5,6,1,4,10,9,Environmental Scientist
user_2681,Environment,Reading,Master's,25,"Critical Thinking,AI Prompt Engineering,Leadership,Video Editing",1,3,10,7,6,4,3,Biomedical Engineer
user_2682,Entrepreneurship,Video Gaming,Master's,44,"Data Analysis,Critical Thinking,Programming",1,2,6,1,9,4,4,Software Engineer
user_2683,Cars,Baking,Associate's,40,"Sewing,Graphic Design,Leadership,Photography",4,8,9,9,2,5,8,Biomedical Engineer
user_2684,Collecting,Painting,High School,30,"Robotics,Driving,Public Speaking,Financial Literacy",1,8,9,7,8,8,6,Social Worker
user_2685,Magic,Rock Climbing,Doctorate,58,"Cybersecurity,Public Speaking,Financial Literacy,Digital Marketing,Video Editing",8,4,4,7,2,5,3,Actor
user_2686,Photography,Painting,Master's,38,"Foreign Languages,Cybersecurity,Graphic Design,Financial Literacy,First Aid",9,3,5,4,7,5,9,Mechanic
user_2687,Astronomy,Bird Watching,Vocational,21,"Graphic Design,First Aid,Conflict Resolution,UI/UX Design,Video Editing",1,2,8,5,2,10,7,Mechanic
user_2688,Film,Pottery,Vocational,61,"UI/UX Design,AI Prompt Engineering,Financial Literacy,Foreign Languages",3,8,9,4,9,8,8,Lawyer
user_2689,Astronomy,Board Games,High School,36,"Data Analysis,Weightlifting,Photography,Electrical Repair",5,1,3,9,3,7,6,Chef
user_2690,Entrepreneurship,Cooking,Bachelor's,41,"Cooking,Driving,Robotics,First Aid",1,4,5,10,9,10,4,Construction Worker
user_2691,Film,Yoga,Doctorate,28,"Driving,Public Speaking,Conflict Resolution",10,5,8,1,6,5,5,AI Engineer
user_2692,Entrepreneurship,Chess,Master's,50,"Data Analysis,Programming,Critical Thinking",9,9,6,3,9,8,2,Data Scientist
user_2693,Meditation,Meditation,Master's,62,"Weightlifting,Cybersecurity,Digital Marketing,Singing,Cooking",5,5,3,5,1,3,10,Civil Engineer
user_2694,Psychology,Baking,Doctorate,57,"Singing,Cybersecurity",8,7,4,5,3,8,3,AI Engineer
user_2695,Fashion,Hiking,Bachelor's,52,"Cooking,Weightlifting",7,2,7,3,2,8,4,Architect
user_2696,Psychology,Reading,Master's,36,"Programming,Data Analysis,Critical Thinking",3,5,7,10,9,9,10,Data Scientist
user_2697,Fashion,Drawing,Associate's,35,"UI/UX Design,Creativity,Graphic Design",1,8,2,7,8,2,5,Graphic Designer
user_2698,Gaming,Dancing,Doctorate,29,"Cooking,Project Management,AI Prompt Engineering",9,1,1,10,4,5,2,Farm Worker
user_2699,Astronomy,Singing,High School,22,"Weightlifting,Cooking,Leadership,Carpentry",3,2,9,2,10,6,2,Chef
user_2700,Astronomy,Skiing,Bachelor's,60,"Robotics,Conflict Resolution,Data Analysis",4,2,7,5,6,4,9,Farm Worker
user_2701,Gaming,Scuba Diving,Bachelor's,45,"Programming,Data Analysis",3,6,5,7,8,6,10,Software Engineer
user_2702,Collecting,Board Games,Bachelor's,48,"Digital Marketing,Data Analysis",8,1,6,7,9,3,6,Environmental Scientist
user_2703,Fitness,Dancing,Bachelor's,30,"Conflict Resolution,Writing,AI Prompt Engineering,Leadership,Driving",4,7,9,7,4,7,5,Psychologist
user_2704,Travel,Board Games,Vocational,44,"Sewing,Photography,Time Management,Project Management,Financial Literacy",1,7,1,5,3,10,5,UX Designer
user_2705,Cooking,Chess,Bachelor's,34,"Financial Literacy,Sewing,Research",6,1,7,10,8,9,3,Cybersecurity Specialist
user_2706,Dancing,Cycling,Vocational,19,"Leadership,Project Management,Empathy",10,10,9,4,10,10,1,Plumber
user_2707,Reading,Photography,Bachelor's,53,"Empathy,Financial Literacy",7,9,1,4,1,5,1,Pilot
user_2708,Psychology,Board Games,Vocational,25,"Photography,UI/UX Design,Digital Marketing,Foreign Languages",1,6,8,5,4,3,2,Actor
user_2709,DIY,Skiing,Doctorate,57,"Time Management,Graphic Design,Sewing",8,10,2,10,7,10,1,Journalist
user_2710,Reading,Fishing,Doctorate,54,"Programming,UI/UX Design,Robotics",6,10,5,9,4,7,1,Journalist
user_2711,Writing,Fishing,Doctorate,31,"Programming,AI Prompt Engineering,Video Editing,Critical Thinking,Photography",10,5,6,4,5,10,8,Environmental Scientist
user_2712,Volunteering,Skiing,Bachelor's,44,"Public Speaking,Empathy",7,3,5,9,9,9,9,Elementary Teacher
user_2713,Gaming,Origami,Doctorate,39,"Negotiation,Data Analysis,Driving,Video Editing",10,4,3,5,1,6,8,Marketing Manager
user_2714,Dancing,Skiing,High School,33,"Cybersecurity,Video Editing",7,8,8,1,10,6,3,Sales Representative
user_2715,Psychology,Hiking,Master's,34,"Time Management,Programming,Public Speaking",9,9,10,3,6,9,6,Marketing Manager
user_2716,Music,Hiking,Bachelor's,48,"Sewing,Graphic Design,Project Management",1,6,9,9,7,10,5,Pilot
user_2717,Gaming,Photography,Vocational,34,"Empathy,Time Management",6,2,5,1,6,1,2,Farm Worker
user_2718,Sports,Chess,Doctorate,25,"Data Analysis,Programming,Critical Thinking",5,9,2,1,10,5,6,Software Engineer
user_2719,Meditation,Dancing,Bachelor's,23,"First Aid,Data Analysis,UI/UX Design,Project Management",10,9,8,1,2,1,10,Psychologist
user_2720,Volunteering,Cycling,Master's,54,"Public Speaking,Empathy",1,10,7,6,3,7,2,Elementary Teacher
user_2721,Entrepreneurship,Photography,Doctorate,30,"Critical Thinking,Data Analysis",2,7,8,10,7,6,6,Data Scientist
user_2722,Volunteering,Yoga,High School,36,"Critical Thinking,Video Editing,Weightlifting",3,3,9,1,8,5,10,AI Engineer
user_2723,History,Dancing,High School,57,"Carpentry,Leadership,Financial Literacy,Graphic Design",7,9,4,7,3,6,8,Mechanic
user_2724,Fitness,Traveling,High School,21,"Time Management,Graphic Design,UI/UX Design,Negotiation",8,10,9,2,6,6,6,Farm Worker
user_2725,Reading,Chess,Vocational,58,"Project Management,Data Analysis,Writing,Photography",3,9,5,3,5,9,8,Biomedical Engineer
user_2726,Writing,Skiing,Bachelor's,29,"Cooking,Sewing,Data Analysis,Financial Literacy,Digital Marketing",5,3,1,5,6,8,9,Biomedical Engineer
user_2727,Technology,Playing Guitar,High School,31,"Weightlifting,Project Management",5,2,4,1,1,2,2,Mechanic
user_2728,Fashion,Board Games,Master's,35,"Critical Thinking,Data Analysis,Programming",8,8,1,3,7,1,5,Data Scientist
user_2729,Volunteering,Traveling,Bachelor's,62,"Negotiation,Video Editing,Driving",10,7,5,2,2,4,6,Mechanic
user_2730,Cooking,Scuba Diving,Bachelor's,63,"Photography,Time Management,Foreign Languages,Leadership,Programming",1,8,2,2,10,5,8,Farm Worker
user_2731,Meditation,Chess,Master's,47,"Data Analysis,Critical Thinking,Programming",10,4,4,3,4,9,2,Data Scientist
user_2732,DIY,Rock Climbing,Master's,60,"Critical Thinking,Driving,UI/UX Design,Weightlifting,Foreign Languages",10,8,1,8,2,2,10,AI Engineer
user_2733,Gaming,Origami,Bachelor's,26,"Time Management,Public Speaking,UI/UX Design",4,8,2,6,6,9,7,Pilot
user_2734,Cooking,Baking,Associate's,39,"Cybersecurity,Video Editing,Empathy,Time Management",4,8,2,5,8,9,8,Plumber
user_2735,Reading,Board Games,High School,25,"Critical Thinking,Programming",5,9,10,5,3,5,5,Data Scientist
user_2736,Gaming,Fitness,Bachelor's,55,"Critical Thinking,Empathy",9,3,8,8,4,5,8,Registered Nurse
user_2737,Psychology,Painting,Bachelor's,33,"Financial Literacy,Data Analysis,Leadership",9,2,6,7,8,6,5,Construction Worker
user_2738,Fashion,Skiing,High School,64,"AI Prompt Engineering,Research,Empathy,Public Speaking,Writing",8,1,5,6,6,4,1,Biomedical Engineer
user_2739,Astronomy,Cooking,Associate's,55,"Data Analysis,Financial Literacy,Carpentry",10,9,6,7,8,3,5,Civil Engineer
user_2740,Astronomy,Yoga,Doctorate,52,"Foreign Languages,Cooking,Project Management,UI/UX Design",7,5,3,5,4,8,5,Pilot
user_2741,Music,Fitness,Associate's,32,"Critical Thinking,Empathy,First Aid",2,5,9,8,7,1,10,Registered Nurse
user_2742,Volunteering,Fitness,Associate's,34,"Empathy,Critical Thinking",1,7,6,1,7,10,7,Registered Nurse
user_2743,Travel,Knitting,Associate's,55,"Graphic Design,Data Analysis,Weightlifting,Empathy",1,1,3,1,9,10,7,Civil Engineer
user_2744,Cooking,Cycling,Associate's,25,"Cooking,Data Analysis,AI Prompt Engineering,Video Editing,Writing",10,3,10,7,1,6,9,Electrician
user_2745,Cooking,Cooking,High School,49,"Weightlifting,Critical Thinking",4,2,1,8,8,3,3,Statistician
user_2746,Volunteering,Meditation,Vocational,64,"Writing,UI/UX Design,Critical Thinking,Carpentry,Singing",7,1,2,8,7,8,9,UX Designer
user_2747,Technology,Reading,Master's,30,"Data Analysis,Programming,Critical Thinking",3,4,8,8,6,1,5,Data Scientist
user_2748,Gaming,Writing,Master's,43,"Foreign Languages,Public Speaking,First Aid,Conflict Resolution",2,3,7,2,7,6,6,Marketing Manager
user_2749,Astronomy,Gardening,Vocational,25,"Driving,Video Editing,Graphic Design,Empathy",7,10,1,5,8,7,2,Sales Representative
user_2750,Technology,Chess,Bachelor's,25,"Critical Thinking,Programming",8,1,6,1,4,6,7,Data Scientist
user_2751,Gardening,Astronomy,Bachelor's,18,"Singing,Sewing,Weightlifting,Negotiation",2,2,10,10,1,7,6,Environmental Scientist
user_2752,Technology,Board Games,Vocational,35,"Critical Thinking,Data Analysis,Programming",3,10,2,7,10,5,3,Data Scientist
user_2753,Writing,Running,Bachelor's,39,"UI/UX Design,Video Editing,Graphic Design,Writing,Negotiation",8,3,3,5,6,9,9,Marketing Manager
user_2754,Photography,Writing,Associate's,21,"Empathy,Robotics,Research",4,8,9,4,7,2,6,Financial Analyst
user_2755,Volunteering,Reading,Master's,19,"Time Management,Negotiation,Foreign Languages,Cooking,Digital Marketing",1,1,1,3,3,8,6,Journalist
user_2756,Music,Collecting Stamps,Vocational,53,"Digital Marketing,Weightlifting",4,8,2,5,3,2,4,Plumber
user_2757,Cooking,Skiing,Vocational,61,"Empathy,Cybersecurity,Leadership,AI Prompt Engineering,First Aid",10,6,5,3,8,7,3,Sales Representative
user_2758,Environment,Yoga,High School,61,"Carpentry,Research,UI/UX Design,Leadership,Graphic Design",10,6,10,9,2,7,2,Civil Engineer
user_2759,DIY,Gardening,Associate's,19,"Digital Marketing,Video Editing,Empathy",3,8,3,5,5,6,3,Architect
user_2760,Photography,Astronomy,Vocational,62,"Carpentry,Weightlifting,Project Management,Data Analysis,Research",6,6,4,3,6,1,2,Pilot
user_2761,Technology,Cycling,High School,63,"Cooking,Robotics,Cybersecurity,Sewing,Research",2,7,1,9,7,3,5,Marketing Manager
user_2762,Meditation,Baking,High School,65,"Robotics,Electrical Repair,Cooking,Conflict Resolution",3,10,7,7,5,8,2,Lawyer
user_2763,Travel,Baking,Master's,25,"Singing,First Aid",7,6,6,1,7,4,7,Civil Engineer
user_2764,Collecting,Dancing,Associate's,57,"AI Prompt Engineering,Video Editing",7,10,8,7,1,3,3,Journalist
user_2765,Dancing,Rock Climbing,Associate's,33,"Driving,Programming,Empathy,First Aid,Photography",5,3,5,10,2,7,3,Dentist
user_2766,Chess,Chess,Vocational,29,"Data Analysis,Conflict Resolution,Carpentry",5,3,2,10,8,4,9,HR Manager
user_2767,Reading,Cooking,Master's,56,"Leadership,Empathy",1,9,4,4,3,8,2,Elementary Teacher
user_2768,Cars,Swimming,Doctorate,30,"Digital Marketing,Graphic Design,Cybersecurity,Electrical Repair",2,10,2,7,4,4,6,Psychologist
user_2769,Cars,Skiing,Master's,28,"Critical Thinking,Data Analysis,Writing,Research",7,9,10,3,3,1,7,UX Designer
user_2770,Art,Cooking,Master's,37,"Electrical Repair,Data Analysis,Driving,Singing",7,10,2,10,9,2,7,HR Manager
user_2771,Fitness,Fishing,Vocational,64,"Cooking,Data Analysis,Photography,UI/UX Design,Leadership",7,2,4,7,8,5,7,UX Designer
user_2772,Photography,Video Gaming,Doctorate,19,"Sewing,Driving,Research,Cybersecurity,Robotics",4,7,8,2,3,8,5,Electrician
user_2773,Languages,Drawing,High School,41,"Creativity,UI/UX Design,Graphic Design",10,7,8,3,1,5,2,Graphic Designer
user_2774,Dancing,Skiing,Bachelor's,46,"Cooking,Empathy,Cybersecurity,UI/UX Design,Singing",7,5,8,5,1,2,10,Environmental Scientist
user_2775,Languages,Reading,Associate's,43,"Foreign Languages,Data Analysis",5,4,9,5,1,4,10,Psychologist
user_2776,Reading,Singing,Master's,58,"Time Management,Critical Thinking",2,5,3,6,1,10,6,Farm Worker
user_2777,Gardening,Cooking,Master's,51,"Photography,Data Analysis,Project Management",10,10,7,8,9,4,5,Journalist
user_2778,History,Video Gaming,Bachelor's,44,"Leadership,Negotiation,UI/UX Design",7,10,3,3,6,5,4,Plumber
user_2779,Dancing,Photography,Bachelor's,25,"Negotiation,Conflict Resolution,Photography,Financial Literacy,Cooking",10,6,6,4,10,5,6,Pilot
user_2780,Film,Painting,Master's,34,"Digital Marketing,Research,Public Speaking,AI Prompt Engineering,Time Management",8,3,9,6,6,5,2,Environmental Scientist
user_2781,Chess,Meditation,Doctorate,25,"Carpentry,UI/UX Design,Graphic Design,Negotiation",5,5,1,10,7,8,7,Chef
user_2782,Animals,Writing,Associate's,23,"Critical Thinking,First Aid",8,7,7,4,1,8,8,Registered Nurse
user_2783,Entrepreneurship,Video Gaming,Master's,22,"Programming,Data Analysis,Critical Thinking",7,2,6,1,5,2,2,Software Engineer
user_2784,Animals,Scuba Diving,High School,22,"First Aid,Critical Thinking",1,2,2,5,8,5,8,Registered Nurse
user_2785,Photography,Bird Watching,Master's,30,"First Aid,AI Prompt Engineering",8,6,8,5,6,7,9,Civil Engineer
user_2786,Photography,Board Games,Doctorate,53,"Weightlifting,Empathy,Conflict Resolution,Foreign Languages",6,2,10,1,4,5,9,Cybersecurity Specialist
user_2787,Languages,Writing,Associate's,38,"Empathy,First Aid,Critical Thinking",10,4,5,2,8,8,4,Registered Nurse
user_2788,Meditation,Painting,High School,58,"Graphic Design,Research,Video Editing",1,7,4,10,3,4,2,Mechanic
user_2789,Languages,Traveling,High School,27,"UI/UX Design,Singing,Digital Marketing",7,10,8,1,3,6,8,Architect
user_2790,Writing,Origami,High School,56,"Negotiation,Critical Thinking,UI/UX Design",8,3,9,7,4,10,10,Dentist
user_2791,Sports,Collecting Stamps,Vocational,21,"Graphic Design,Writing,Financial Literacy",6,10,2,5,6,1,10,HR Manager
user_2792,Volunteering,Origami,Bachelor's,57,"AI Prompt Engineering,Cooking,Digital Marketing",10,2,1,7,8,4,4,Civil Engineer
user_2793,Fitness,Running,Doctorate,21,"Cybersecurity,Critical Thinking,Time Management",7,7,9,10,10,3,4,Environmental Scientist
user_2794,Magic,Skiing,Doctorate,45,"Programming,Critical Thinking,Data Analysis",8,10,3,1,8,5,1,Data Scientist
user_2795,Cars,Photography,Associate's,24,"Creativity,Graphic Design,UI/UX Design",1,4,3,1,5,2,1,Graphic Designer
user_2796,Environment,Origami,Master's,47,"AI Prompt Engineering,Cooking,Robotics",8,6,6,2,3,7,4,UX Designer
user_2797,Psychology,Reading,Vocational,28,"Data Analysis,Electrical Repair,Video Editing,Foreign Languages",7,9,10,10,3,2,3,Financial Analyst
user_2798,Technology,Meditation,Doctorate,40,"Financial Literacy,AI Prompt Engineering,Negotiation",7,6,7,3,2,10,3,Chef
user_2799,Fitness,Photography,Associate's,49,"UI/UX Design,Photography,Sewing,Electrical Repair",7,4,8,9,3,6,7,Plumber
user_2800,Reading,Meditation,Associate's,60,"Driving,Writing,Empathy,Programming",6,2,9,7,6,1,7,Lawyer
user_2801,Animals,Collecting Stamps,Associate's,48,"Empathy,Public Speaking,Leadership",3,7,5,7,10,8,10,Elementary Teacher
user_2802,Music,Scuba Diving,Doctorate,42,"Leadership,Cybersecurity,Research",3,9,6,1,5,2,7,Cybersecurity Specialist
user_2803,Cooking,Board Games,Associate's,37,"Graphic Design,Creativity",5,7,3,8,7,4,6,Graphic Designer
user_2804,Writing,Fishing,Doctorate,24,"Driving,AI Prompt Engineering,Cooking",5,6,9,10,4,9,6,Journalist
user_2805,Meditation,Collecting Stamps,Doctorate,57,"Foreign Languages,Time Management",6,4,6,10,6,3,3,Journalist
user_2806,Art,Photography,Master's,23,"Driving,Critical Thinking,Sewing,Time Management,Electrical Repair",4,2,2,2,5,10,7,HR Manager
user_2807,Dancing,Traveling,High School,38,"Critical Thinking,Driving",6,10,7,2,10,8,5,HR Manager
user_2808,Sports,Traveling,Doctorate,36,"AI Prompt Engineering,Empathy,First Aid,Carpentry",2,1,5,3,1,9,5,Financial Analyst
user_2809,Art,Singing,Bachelor's,53,"Carpentry,Cooking,Public Speaking,Cybersecurity,Negotiation",5,2,6,2,10,1,10,Sales Representative
user_2810,Languages,Meditation,Bachelor's,60,"Conflict Resolution,Driving",7,2,7,10,5,2,4,Cybersecurity Specialist
user_2811,Collecting,Collecting Stamps,Associate's,41,"Singing,Carpentry,Writing,Electrical Repair",1,7,10,10,3,3,7,AI Engineer
user_2812,Technology,Reading,Bachelor's,25,"Programming,Data Analysis",4,6,2,3,1,10,5,Software Engineer
user_2813,Psychology,Chess,Master's,34,"Singing,Negotiation,UI/UX Design",7,4,4,8,6,10,9,Financial Analyst
user_2814,Collecting,Reading,High School,53,"Financial Literacy,Research",2,2,4,4,8,10,6,Pilot
user_2815,Writing,Skiing,Bachelor's,18,"Weightlifting,Sewing,Data Analysis,Project Management,Writing",9,8,10,7,4,4,9,Marketing Manager
user_2816,Fashion,Painting,Bachelor's,29,"Creativity,Graphic Design,UI/UX Design",2,10,8,9,9,2,7,Graphic Designer
user_2817,Film,Rock Climbing,Associate's,57,"Programming,Cybersecurity",3,9,5,3,3,5,2,Civil Engineer
user_2818,Astronomy,Writing,Associate's,31,"Public Speaking,Digital Marketing,Weightlifting,UI/UX Design",1,6,8,10,3,6,2,Pilot
user_2819,Reading,Pottery,Vocational,28,"Graphic Design,Financial Literacy",6,3,10,8,10,7,9,Electrician
user_2820,Music,Skiing,High School,44,"Public Speaking,Leadership,Project Management",2,3,5,1,8,7,7,Farm Worker
user_2821,Reading,Volunteering,High School,28,"Empathy,Leadership",10,7,9,10,6,1,10,Elementary Teacher
user_2822,Animals,Chess,Associate's,35,"Empathy,AI Prompt Engineering,Electrical Repair,Project Management",6,5,8,3,1,5,8,UX Designer
user_2823,Animals,Chess,Master's,18,"Robotics,Video Editing,Cooking,Data Analysis",5,5,5,5,7,6,8,Electrician
user_2824,Psychology,Origami,Master's,50,"Critical Thinking,Video Editing,Cooking,Conflict Resolution,Programming",9,10,4,1,5,4,2,Civil Engineer
user_2825,Reading,Crafts,Master's,38,"Public Speaking,Leadership,Empathy",8,8,3,8,2,6,5,Elementary Teacher
user_2826,Travel,Rock Climbing,Master's,61,"First Aid,Sewing,Data Analysis",3,5,8,3,3,4,8,HR Manager
user_2827,Travel,Singing,Bachelor's,21,"Conflict Resolution,Foreign Languages",4,3,4,10,10,9,9,Construction Worker
user_2828,Entrepreneurship,Skiing,Master's,43,"Programming,Critical Thinking,Data Analysis",3,2,9,10,5,6,2,Software Engineer
user_2829,Psychology,Writing,High School,51,"UI/UX Design,Data Analysis",10,10,5,3,9,2,8,Social Worker
user_2830,Travel,Writing,Master's,65,"Cooking,Photography,Research,Critical Thinking",4,4,5,10,8,2,10,Financial Analyst
user_2831,Sports,Drawing,Associate's,20,"UI/UX Design,Graphic Design,Creativity",4,2,7,4,4,3,5,Graphic Designer
user_2832,Volunteering,Playing Guitar,Master's,65,"UI/UX Design,Writing",2,3,2,3,6,8,10,Pilot
user_2833,Collecting,Cycling,Master's,50,"Writing,Sewing,Carpentry",5,5,10,6,3,1,8,Chef
user_2834,Writing,Photography,Master's,47,"Leadership,Time Management,Negotiation,Data Analysis,Foreign Languages",7,6,1,2,9,1,1,Financial Analyst
user_2835,Art,Cycling,Doctorate,26,"Data Analysis,Video Editing,Project Management",6,8,6,2,1,1,1,AI Engineer
user_2836,Animals,Board Games,Bachelor's,59,"Singing,First Aid,Conflict Resolution",8,2,9,5,6,9,2,Electrician
user_2837,Writing,Running,Vocational,30,"Photography,Conflict Resolution,Writing,Project Management,Cooking",2,2,3,10,9,1,4,Actor
user_2838,Gaming,Reading,Doctorate,27,"Critical Thinking,Programming,Data Analysis",10,3,6,5,7,6,5,Software Engineer
user_2839,Technology,Dancing,Master's,21,"Video Editing,Cooking,Digital Marketing",6,5,3,4,8,3,5,Chef
user_2840,Psychology,Bird Watching,Bachelor's,22,"Critical Thinking,Financial Literacy,Electrical Repair,Time Management,Programming",5,6,6,3,3,5,3,UX Designer
user_2841,History,Video Gaming,Master's,21,"First Aid,Digital Marketing,Writing,Graphic Design,AI Prompt Engineering",7,1,4,5,9,10,8,Chef
user_2842,Collecting,Fishing,Vocational,54,"Carpentry,UI/UX Design,Graphic Design,Data Analysis",6,5,3,5,1,2,6,AI Engineer
user_2843,Meditation,Running,High School,51,"Cooking,Leadership,Cybersecurity",6,6,9,4,7,5,6,Lawyer
user_2844,Environment,Board Games,Doctorate,48,"Project Management,Negotiation,Empathy,Critical Thinking",3,10,1,5,4,7,9,Sales Representative
user_2845,Chess,Writing,Master's,38,"Research,Cybersecurity",8,9,7,8,3,6,4,Pilot
user_2846,Entrepreneurship,Video Gaming,Master's,61,"Negotiation,Data Analysis,Conflict Resolution,Weightlifting",10,4,3,5,7,8,2,Plumber
user_2847,Fashion,Origami,High School,19,"Empathy,Project Management",10,6,10,7,4,6,2,Financial Analyst
user_2848,Cooking,Gardening,Master's,63,"Video Editing,Graphic Design,Digital Marketing",1,2,5,5,7,5,2,Cybersecurity Specialist
user_2849,Reading,Bird Watching,Associate's,51,"Video Editing,Time Management",4,3,9,10,5,1,2,Financial Analyst
user_2850,Technology,Chess,Bachelor's,39,"Critical Thinking,Programming,Data Analysis",4,2,7,10,3,8,6,Software Engineer
user_2851,Entrepreneurship,Fitness,Associate's,40,"Empathy,Critical Thinking",1,2,9,4,3,6,7,Registered Nurse
user_2852,Magic,Fishing,Vocational,47,"Programming,Writing",1,1,2,1,3,3,3,Social Worker
user_2853,Dancing,Rock Climbing,Doctorate,20,"UI/UX Design,Robotics",2,9,2,7,10,4,5,Psychologist
user_2854,Chess,Bird Watching,High School,20,"Critical Thinking,AI Prompt Engineering",5,2,2,7,4,3,9,Social Worker
user_2855,Acting,Traveling,Master's,39,"Data Analysis,Foreign Languages,Electrical Repair,Project Management,Graphic Design",8,1,3,6,5,5,10,Environmental Scientist
user_2856,Psychology,Photography,Master's,60,"UI/UX Design,Cooking,Robotics",5,9,1,6,8,6,10,Statistician
user_2857,Travel,Playing Guitar,Associate's,29,"Data Analysis,Driving,Electrical Repair",6,5,9,8,8,2,4,Lawyer
user_2858,Languages,Skiing,Vocational,18,"Data Analysis,Sewing,Leadership",7,8,7,8,5,5,9,Biomedical Engineer
user_2859,Travel,Collecting Stamps,High School,20,"AI Prompt Engineering,Foreign Languages,Digital Marketing,Public Speaking",10,7,7,7,8,7,3,UX Designer
user_2860,History,Collecting Stamps,High School,58,"First Aid,Research",8,2,7,5,10,6,5,Plumber
user_2861,Psychology,Cycling,Vocational,62,"Data Analysis,Negotiation,Photography,First Aid,Carpentry",8,9,10,4,3,9,8,Farm Worker
user_2862,Environment,Baking,Master's,58,"Project Management,Writing,Conflict Resolution,Critical Thinking",10,5,7,5,6,5,1,Marketing Manager
user_2863,Reading,Fishing,Master's,36,"Weightlifting,UI/UX Design,Photography,Singing",9,3,4,3,4,5,6,AI Engineer
user_2864,Environment,Board Games,Master's,56,"Robotics,Negotiation,Sewing,Writing,Driving",6,5,10,3,1,4,10,Civil Engineer
user_2865,Technology,Board Games,Master's,27,"Data Analysis,Critical Thinking,Programming",6,9,2,7,3,4,2,Data Scientist
user_2866,Volunteering,Volunteering,Master's,26,"Public Speaking,Empathy,Leadership",1,6,8,10,3,2,6,Elementary Teacher
user_2867,Animals,Rock Climbing,Associate's,36,"Programming,Public Speaking,Project Management",8,8,4,3,1,7,6,Journalist
user_2868,Music,Singing,Doctorate,51,"Video Editing,Conflict Resolution,Photography",3,7,8,7,4,2,2,Architect
user_2869,History,Pottery,Bachelor's,23,"Data Analysis,First Aid,Conflict Resolution,Carpentry",7,5,3,10,4,1,7,Plumber
user_2870,Chess,Baking,Master's,65,"Foreign Languages,Writing",5,3,9,10,6,5,1,Cybersecurity Specialist
user_2871,Animals,Yoga,Bachelor's,39,"Research,Leadership,Time Management",8,3,5,6,10,8,10,Actor
user_2872,Psychology,Yoga,High School,64,"Project Management,Data Analysis,Programming,Critical Thinking",10,10,7,2,2,8,8,Construction Worker
user_2873,Technology,Video Gaming,Doctorate,57,"Video Editing,UI/UX Design,Project Management,Empathy,Foreign Languages",10,3,4,4,10,6,4,Mechanic
user_2874,Collecting,Writing,Vocational,58,"Video Editing,Cybersecurity,Photography,Electrical Repair",8,4,2,3,6,3,5,Psychologist
user_2875,Meditation,Cycling,High School,46,"Data Analysis,Writing,Digital Marketing,Driving",4,6,9,4,7,3,5,Mechanic
user_2876,Fitness,Yoga,Vocational,53,"Weightlifting,Singing,Writing,Graphic Design,Electrical Repair",2,4,6,10,4,6,9,Sales Representative
user_2877,Reading,Cooking,Doctorate,48,"AI Prompt Engineering,Foreign Languages,Research",5,4,4,2,7,2,3,Psychologist
user_2878,DIY,Scuba Diving,Bachelor's,53,"Project Management,Driving,Cybersecurity,Writing",8,6,2,6,4,7,8,Dentist
user_2879,History,Meditation,High School,61,"Empathy,Singing,Cooking",7,9,6,10,5,5,2,AI Engineer
user_2880,Entrepreneurship,Chess,High School,29,"Critical Thinking,Data Analysis,Programming",9,1,7,1,4,7,4,Data Scientist
user_2881,History,Writing,High School,45,"Video Editing,Graphic Design,Photography,Cybersecurity",1,8,4,10,9,8,2,Civil Engineer
user_2882,Cars,Fishing,Master's,45,"Critical Thinking,Data Analysis,Programming",5,7,6,2,9,4,2,Software Engineer
user_2883,Reading,Hiking,High School,39,"Empathy,Negotiation,Electrical Repair,Cybersecurity,Leadership",7,7,1,8,1,3,6,HR Manager
user_2884,Cars,Writing,Associate's,19,"Cybersecurity,Project Management,Foreign Languages,Graphic Design",1,7,9,10,7,6,6,Sales Representative
user_2885,Psychology,Chess,High School,29,"Programming,Driving,Sewing,Robotics",5,4,10,7,9,5,9,Journalist
user_2886,Writing,Running,Doctorate,61,"Programming,Weightlifting,Leadership",8,2,7,4,9,9,2,Statistician
user_2887,Animals,Crafts,Bachelor's,56,"Leadership,Public Speaking,Empathy",7,6,1,2,9,2,8,Elementary Teacher
user_2888,Reading,Scuba Diving,Bachelor's,61,"Empathy,Project Management,Foreign Languages,Critical Thinking",10,2,6,3,9,10,4,Social Worker
user_2889,Astronomy,Hiking,High School,31,"Conflict Resolution,AI Prompt Engineering",8,5,10,4,2,4,6,Pilot
user_2890,Astronomy,Swimming,Doctorate,41,"Graphic Design,Conflict Resolution",9,3,6,7,7,6,2,Electrician
user_2891,Volunteering,Reading,Bachelor's,34,"Public Speaking,Leadership,Empathy",1,4,4,5,7,1,8,Elementary Teacher
user_2892,Cars,Baking,Associate's,45,"Critical Thinking,Cybersecurity,First Aid,Singing",3,2,9,8,4,10,9,Chef
user_2893,Astronomy,Chess,High School,40,"Photography,Sewing",2,6,2,4,5,7,6,Pilot
user_2894,Reading,Scuba Diving,Doctorate,32,"Research,First Aid,Critical Thinking,Writing,Weightlifting",8,2,4,5,2,3,6,UX Designer
user_2895,Environment,Video Gaming,Vocational,57,"Foreign Languages,Robotics,Video Editing,Negotiation,Sewing",3,1,7,8,1,4,10,Construction Worker
user_2896,Collecting,Cycling,High School,65,"Photography,Time Management,Writing,Weightlifting",2,2,9,3,1,1,4,Chef
user_2897,DIY,Writing,High School,49,"Driving,Empathy,UI/UX Design",3,1,4,2,1,7,7,Pilot
user_2898,Volunteering,Astronomy,Master's,49,"Leadership,Singing,Critical Thinking,Negotiation,Conflict Resolution",9,8,10,6,8,10,8,Pilot
user_2899,Fitness,Swimming,High School,59,"UI/UX Design,Video Editing",10,3,4,10,6,2,1,Cybersecurity Specialist
user_2900,Collecting,Swimming,Master's,60,"Project Management,Programming,Digital Marketing,Carpentry",7,6,1,4,1,6,3,Social Worker
user_2901,Technology,Rock Climbing,High School,32,"Cooking,Carpentry,Robotics",10,5,10,6,8,7,1,Lawyer
user_2902,Cars,Writing,Master's,28,"Public Speaking,Critical Thinking,Sewing,Cooking,Photography",9,7,9,8,7,2,3,Actor
user_2903,Collecting,Hiking,Associate's,37,"Video Editing,Sewing,Graphic Design,First Aid",4,2,6,4,9,4,5,Journalist
user_2904,Magic,Gardening,High School,51,"Time Management,UI/UX Design,Public Speaking,Critical Thinking",1,1,3,5,2,8,1,Plumber
user_2905,Writing,Hiking,Associate's,58,"Critical Thinking,Graphic Design,Weightlifting",8,2,9,10,8,7,3,Financial Analyst
user_2906,Meditation,Painting,Bachelor's,37,"Graphic Design,Creativity",2,8,6,1,8,10,7,Graphic Designer
user_2907,Entrepreneurship,Singing,High School,57,"Cybersecurity,Financial Literacy,Cooking,Graphic Design,AI Prompt Engineering",7,7,3,8,2,5,6,Sales Representative
user_2908,Cooking,Singing,Vocational,46,"Cybersecurity,Sewing,Electrical Repair,Data Analysis",8,2,3,2,10,10,10,Lawyer
user_2909,Collecting,Board Games,Bachelor's,58,"Programming,Project Management",3,8,10,7,3,5,5,Dentist
user_2910,Music,Playing Guitar,Master's,52,"Leadership,Financial Literacy,Sewing,Public Speaking,Foreign Languages",5,7,6,10,5,10,2,HR Manager
user_2911,Sports,Collecting Stamps,Doctorate,30,"Programming,Photography,Empathy",10,3,3,7,9,7,9,HR Manager
user_2912,Technology,Astronomy,Associate's,38,"Cybersecurity,Weightlifting,Video Editing,Cooking,Photography",1,10,3,5,7,5,4,Architect
user_2913,Fashion,Dancing,High School,34,"Project Management,Carpentry",7,7,5,4,6,1,10,Construction Worker
user_2914,Animals,Painting,Doctorate,45,"Carpentry,Project Management,Research,Driving,First Aid",8,8,7,1,4,9,3,Environmental Scientist
user_2915,Gardening,Pottery,Doctorate,51,"First Aid,Data Analysis,Financial Literacy,Electrical Repair,Time Management",4,10,10,7,10,8,10,Marketing Manager
user_2916,Travel,Pottery,Bachelor's,45,"Singing,Empathy,Research",7,9,10,9,3,6,9,Mechanic
user_2917,Entrepreneurship,Dancing,Vocational,65,"Digital Marketing,Cooking,Public Speaking",8,10,10,4,8,9,8,UX Designer
user_2918,Entrepreneurship,Traveling,Bachelor's,43,"Programming,Critical Thinking",3,10,10,6,1,9,7,Software Engineer
user_2919,Reading,Chess,Doctorate,49,"Programming,Critical Thinking,Data Analysis",10,8,2,9,2,10,1,Data Scientist
user_2920,Animals,Playing Guitar,Vocational,20,"Photography,Cybersecurity,Writing,First Aid",1,7,3,5,3,7,2,Statistician
user_2921,Travel,Knitting,Associate's,24,"Sewing,AI Prompt Engineering,Data Analysis,Singing",7,7,2,4,3,10,5,Pilot
user_2922,Entrepreneurship,Rock Climbing,Vocational,56,"Writing,Sewing,Project Management,Research",7,9,6,1,1,8,3,Farm Worker
user_2923,Entrepreneurship,Chess,Bachelor's,44,"Data Analysis,Critical Thinking,Programming",6,2,5,10,1,5,9,Software Engineer
user_2924,Meditation,Yoga,Associate's,33,"Robotics,Critical Thinking,AI Prompt Engineering,Time Management,Video Editing",2,1,8,8,10,10,8,Electrician
user_2925,Magic,Knitting,Doctorate,61,"Sewing,Cooking",4,4,1,1,3,8,1,Plumber
user_2926,Environment,Origami,Doctorate,45,"Conflict Resolution,Singing,Cybersecurity",1,6,2,5,6,4,9,Pilot
user_2927,Environment,Origami,High School,49,"Conflict Resolution,Programming,Public Speaking,Video Editing",10,10,2,6,6,9,6,Civil Engineer
user_2928,Technology,Swimming,Associate's,29,"Carpentry,Project Management,Data Analysis",5,9,10,5,5,2,4,Psychologist
user_2929,History,Hiking,Vocational,21,"Singing,Graphic Design,Cooking",7,10,6,10,1,8,1,Sales Representative
user_2930,Meditation,Hiking,Bachelor's,25,"Research,Project Management",9,8,5,1,9,2,2,Cybersecurity Specialist
user_2931,Volunteering,Painting,High School,35,"Project Management,Singing,Electrical Repair,Weightlifting",9,10,10,10,10,7,3,Cybersecurity Specialist
user_2932,Volunteering,Volunteering,High School,34,"Empathy,First Aid,Critical Thinking",7,1,5,9,6,9,10,Registered Nurse
user_2933,Sports,Reading,Master's,33,"Negotiation,Critical Thinking,Electrical Repair,Graphic Design,AI Prompt Engineering",3,8,1,6,5,9,8,Marketing Manager
user_2934,Photography,Reading,Doctorate,21,"Video Editing,Programming,Time Management,Financial Literacy",5,5,7,2,6,1,2,Civil Engineer
user_2935,Entrepreneurship,Swimming,High School,41,"Negotiation,AI Prompt Engineering",1,9,6,6,8,7,6,Plumber
user_2936,Dancing,Traveling,Master's,37,"First Aid,Digital Marketing,Electrical Repair,Project Management,Weightlifting",10,10,1,4,6,3,2,Sales Representative
user_2937,Reading,Traveling,Associate's,49,"UI/UX Design,Sewing",5,3,5,4,3,2,2,Farm Worker
user_2938,Astronomy,Video Gaming,Vocational,58,"Research,Digital Marketing",4,1,10,9,4,2,5,Electrician
user_2939,Entrepreneurship,Hiking,Vocational,65,"Leadership,Electrical Repair,First Aid",3,6,7,6,7,9,7,Chef
user_2940,Fitness,Reading,Bachelor's,29,"Critical Thinking,First Aid,Empathy",2,6,5,4,9,6,8,Registered Nurse
user_2941,Psychology,Astronomy,Associate's,57,"Research,Critical Thinking",9,9,2,6,2,5,5,UX Designer
user_2942,Reading,Singing,Master's,48,"Empathy,Leadership",7,9,9,6,5,6,6,Elementary Teacher
user_2943,History,Collecting Stamps,Associate's,57,"Carpentry,Driving",4,5,5,3,4,9,2,Construction Worker
user_2944,Fitness,Collecting Stamps,Doctorate,24,"Data Analysis,Critical Thinking,Video Editing,Weightlifting,Carpentry",9,9,4,7,4,6,9,Plumber
user_2945,Travel,Photography,Doctorate,30,"Foreign Languages,Data Analysis,Robotics,Electrical Repair",1,3,8,9,5,8,4,Journalist
user_2946,Cooking,Playing Guitar,Master's,65,"Writing,Sewing",7,2,10,7,9,3,3,Mechanic
user_2947,Psychology,Crafts,Master's,41,"Leadership,Empathy",5,8,5,1,8,4,10,Elementary Teacher
user_2948,Gardening,Video Gaming,Bachelor's,55,"Video Editing,Data Analysis",9,4,5,5,3,6,2,Lawyer
user_2949,Writing,Meditation,Doctorate,26,"Data Analysis,Negotiation,UI/UX Design,Project Management",9,7,4,5,9,5,1,Psychologist
user_2950,Magic,Cycling,Associate's,37,"Photography,Digital Marketing,Writing,Cybersecurity",6,3,1,2,6,7,10,Biomedical Engineer
user_2951,Chess,Bird Watching,Vocational,30,"Foreign Languages,Weightlifting,Leadership,First Aid,Programming",10,2,4,5,2,8,9,Construction Worker
user_2952,Astronomy,Skiing,High School,60,"Weightlifting,Negotiation,Data Analysis,Critical Thinking",10,6,2,5,10,6,6,Construction Worker
user_2953,Animals,Knitting,Bachelor's,55,"First Aid,Critical Thinking",4,9,9,2,7,9,5,Registered Nurse
user_2954,Art,Video Gaming,High School,37,"First Aid,Cooking,Programming,Digital Marketing,Driving",1,7,1,5,6,2,10,Biomedical Engineer
user_2955,Art,Reading,Vocational,49,"Digital Marketing,Cybersecurity,Project Management,Research,Electrical Repair",3,3,4,8,4,7,10,Financial Analyst
user_2956,Animals,Gardening,Associate's,47,"Negotiation,Photography,Cooking",3,3,7,6,5,10,4,Psychologist
user_2957,Technology,Cycling,Vocational,61,"Research,AI Prompt Engineering,Time Management,Foreign Languages",5,3,7,1,7,1,1,Cybersecurity Specialist
user_2958,Music,Scuba Diving,Associate's,23,"Financial Literacy,Cybersecurity,Digital Marketing,Data Analysis",7,5,2,2,10,10,2,Statistician
user_2959,Technology,Traveling,Associate's,29,"Public Speaking,Foreign Languages,Project Management,Singing,Sewing",10,3,3,4,9,5,4,HR Manager
user_2960,Magic,Meditation,Associate's,41,"Project Management,Cooking,Graphic Design",8,5,8,6,3,10,5,Psychologist
user_2961,Collecting,Crafts,Master's,49,"Leadership,Public Speaking",7,8,7,7,6,8,1,Elementary Teacher
user_2962,Photography,Skiing,Doctorate,51,"Negotiation,Research,Photography,Financial Literacy,Sewing",5,3,2,5,5,9,4,Electrician
user_2963,Psychology,Skiing,Vocational,57,"Weightlifting,Leadership,Photography,Singing,Cybersecurity",3,6,3,6,5,4,1,Social Worker
user_2964,Writing,Bird Watching,Vocational,61,"Research,Video Editing,Foreign Languages,Conflict Resolution",1,7,9,10,10,3,5,Construction Worker
user_2965,Entrepreneurship,Video Gaming,Bachelor's,27,"Programming,Data Analysis",4,10,6,6,2,3,2,Software Engineer
user_2966,Technology,Traveling,Associate's,24,"Project Management,UI/UX Design,Carpentry,Foreign Languages",4,3,7,3,2,5,5,Architect
user_2967,Dancing,Singing,Master's,43,"Singing,Conflict Resolution,Electrical Repair,Writing,Leadership",1,2,2,6,10,2,4,Psychologist
user_2968,Film,Knitting,Vocational,39,"Research,First Aid,Foreign Languages,AI Prompt Engineering",1,4,4,7,10,4,2,HR Manager
user_2969,Gaming,Yoga,Vocational,34,"UI/UX Design,Creativity,Graphic Design",3,7,1,3,4,6,7,Graphic Designer
user_2970,History,Running,Bachelor's,50,"AI Prompt Engineering,Empathy",6,1,8,9,7,8,10,Environmental Scientist
user_2971,Animals,Origami,Master's,57,"Empathy,Leadership,Public Speaking",2,3,4,2,10,1,1,Elementary Teacher
user_2972,Magic,Fishing,Master's,43,"Weightlifting,UI/UX Design,Electrical Repair",4,6,4,4,3,8,1,Plumber
user_2973,Reading,Astronomy,Master's,41,"Photography,Graphic Design,Video Editing,Carpentry",2,1,7,6,2,5,10,Social Worker
user_2974,Travel,Photography,High School,39,"Electrical Repair,Writing,Graphic Design,Driving",1,4,1,3,8,6,10,Mechanic
user_2975,History,Video Gaming,Master's,30,"Conflict Resolution,Leadership,Critical Thinking,Photography",5,3,4,2,5,10,5,AI Engineer
user_2976,Fitness,Volunteering,Bachelor's,24,"Critical Thinking,Empathy,First Aid",6,2,5,2,5,1,6,Registered Nurse
user_2977,Cars,Chess,Doctorate,28,"UI/UX Design,Digital Marketing,Research,Foreign Languages,First Aid",2,3,3,7,5,8,3,Pilot
user_2978,History,Traveling,Doctorate,43,"Conflict Resolution,Critical Thinking",3,5,1,9,2,8,5,Financial Analyst
user_2979,Gardening,Board Games,Doctorate,29,"Research,Robotics,Foreign Languages,Leadership,Conflict Resolution",3,1,10,2,9,9,2,Journalist
user_2980,Cooking,Board Games,Master's,20,"Programming,Carpentry,AI Prompt Engineering,Sewing,Robotics",8,10,1,10,7,4,6,Statistician
user_2981,Travel,Playing Guitar,High School,46,"Project Management,Driving",6,4,4,8,10,8,1,Journalist
user_2982,Technology,Running,Bachelor's,29,"Photography,Electrical Repair,Graphic Design,Writing",3,1,2,6,4,4,4,UX Designer
user_2983,Languages,Swimming,Associate's,46,"UI/UX Design,Weightlifting,Graphic Design,Photography",4,2,2,6,2,10,7,UX Designer
user_2984,Reading,Skiing,Bachelor's,30,"Negotiation,Critical Thinking",4,1,10,10,1,4,5,Civil Engineer
user_2985,Collecting,Singing,Doctorate,42,"Writing,Graphic Design,Photography,Video Editing,Critical Thinking",7,4,6,2,5,6,3,Financial Analyst
user_2986,Fitness,Pottery,Doctorate,38,"Robotics,Cybersecurity,AI Prompt Engineering",8,10,10,4,5,10,7,Cybersecurity Specialist
user_2987,Cooking,Cycling,Doctorate,56,"Programming,Driving,Video Editing,Critical Thinking,Foreign Languages",5,2,3,4,2,6,5,Construction Worker
user_2988,Gaming,Video Gaming,Vocational,26,"Data Analysis,Programming,Critical Thinking",5,10,2,5,2,1,6,Software Engineer
user_2989,Art,Painting,Bachelor's,28,"Creativity,UI/UX Design,Graphic Design",7,8,7,9,8,10,7,Graphic Designer
user_2990,Reading,Scuba Diving,Vocational,18,"Cybersecurity,Digital Marketing",4,4,3,8,10,9,9,Social Worker
user_2991,Volunteering,Rock Climbing,Bachelor's,56,"Public Speaking,Empathy,Leadership",6,7,2,7,1,4,9,Elementary Teacher
user_2992,Chess,Cooking,Vocational,50,"Time Management,Cooking,Cybersecurity,Video Editing,Graphic Design",5,2,1,10,7,7,2,Social Worker
user_2993,Volunteering,Collecting Stamps,High School,53,"Research,Weightlifting,Public Speaking,Foreign Languages",10,1,4,1,4,5,8,Farm Worker
user_2994,Entrepreneurship,Playing Guitar,Master's,42,"Critical Thinking,Programming,Data Analysis",10,3,1,8,3,3,4,Software Engineer
user_2995,Animals,Running,Master's,61,"Graphic Design,Data Analysis,Cybersecurity,Digital Marketing",10,10,8,8,4,9,8,Electrician
user_2996,Meditation,Cooking,Vocational,43,"Financial Literacy,Singing",5,3,3,10,7,7,6,Architect
user_2997,Sports,Hiking,High School,43,"Robotics,Programming,Video Editing",9,2,5,9,5,10,10,Farm Worker
user_2998,Animals,Pottery,High School,22,"Programming,Sewing,Leadership",5,4,4,10,2,5,2,Cybersecurity Specialist
user_2999,Chess,Hiking,High School,58,"Programming,Electrical Repair,Sewing,First Aid",10,6,1,5,5,4,3,Electrician
user_3000,Psychology,Pottery,Associate's,59,"Sewing,UI/UX Design,Data Analysis,Research",7,2,7,10,4,7,3,Civil Engineer
user_3001,Acting,Playing Guitar,Master's,24,"Writing,Programming,Weightlifting",6,8,5,2,1,4,8,Electrician
user_3002,Reading,Crafts,Associate's,27,"Public Speaking,Empathy,Leadership",9,2,2,7,5,5,7,Elementary Teacher
user_3003,Magic,Collecting Stamps,High School,24,"Weightlifting,Carpentry",10,2,6,9,6,2,2,Dentist
user_3004,Entrepreneurship,Gardening,Vocational,30,"Digital Marketing,Weightlifting,Cooking,Financial Literacy",10,7,9,3,9,10,1,Chef
user_3005,Reading,Playing Guitar,High School,43,"Robotics,Video Editing,Public Speaking,Project Management,Electrical Repair",2,7,9,10,3,8,9,Psychologist
user_3006,Writing,Rock Climbing,Master's,30,"Critical Thinking,Writing,Driving",8,1,6,2,1,5,8,Architect
user_3007,Psychology,Yoga,Bachelor's,41,"Public Speaking,Empathy,Leadership",1,5,5,5,7,10,8,Elementary Teacher
user_3008,Fitness,Meditation,High School,19,"Time Management,Electrical Repair",7,9,10,4,4,5,6,Electrician
user_3009,Writing,Hiking,Doctorate,20,"Programming,Electrical Repair,Sewing",7,7,2,8,1,7,2,Dentist
user_3010,Magic,Painting,Doctorate,19,"Project Management,Leadership,Critical Thinking,Sewing,UI/UX Design",2,9,2,9,7,10,7,Dentist
user_3011,Technology,Video Gaming,Vocational,37,"Sewing,Electrical Repair,Carpentry,Graphic Design,Research",4,10,7,4,7,3,1,Psychologist
user_3012,Animals,Hiking,Master's,23,"Empathy,Public Speaking",7,7,9,7,4,8,3,Elementary Teacher
user_3013,Sports,Baking,Doctorate,59,"Research,Critical Thinking",8,1,6,8,2,3,7,Social Worker
user_3014,Entrepreneurship,Knitting,Bachelor's,47,"Cooking,Electrical Repair",2,2,2,3,1,8,1,Psychologist
user_3015,Technology,Meditation,Bachelor's,49,"Research,Weightlifting,Foreign Languages",3,6,6,3,6,8,7,Environmental Scientist
user_3016,Cars,Pottery,Doctorate,34,"Robotics,Leadership",7,2,9,7,9,4,1,Actor
user_3017,Film,Singing,Bachelor's,52,"Photography,Project Management,Robotics,Conflict Resolution",2,1,2,4,4,10,9,Plumber
user_3018,Magic,Reading,Associate's,23,"Critical Thinking,Empathy",6,7,6,1,3,6,8,Registered Nurse
user_3019,Art,Painting,Doctorate,47,"First Aid,Video Editing",4,7,10,2,10,10,2,Biomedical Engineer
user_3020,Entrepreneurship,Painting,Bachelor's,55,"Graphic Design,Foreign Languages,Cybersecurity,Photography,Video Editing",8,8,2,8,8,6,3,Financial Analyst
user_3021,Volunteering,Crafts,Bachelor's,38,"Leadership,Public Speaking",5,6,3,8,8,1,6,Elementary Teacher
user_3022,Cooking,Chess,Associate's,52,"Singing,Empathy",9,9,7,8,9,10,6,Lawyer
user_3023,Fashion,Gardening,Bachelor's,35,"Critical Thinking,Weightlifting",3,1,2,4,5,10,9,Social Worker
user_3024,Cooking,Reading,Bachelor's,33,"Programming,Data Analysis,Critical Thinking",3,8,4,4,1,9,10,Software Engineer
user_3025,Volunteering,Yoga,Vocational,29,"Empathy,Public Speaking",10,6,5,10,7,9,7,Journalist
user_3026,Music,Meditation,Master's,22,"Video Editing,Electrical Repair,Foreign Languages,Graphic Design",8,1,10,10,6,2,2,UX Designer
user_3027,Entrepreneurship,Painting,High School,21,"Project Management,Leadership",1,6,8,10,6,6,1,HR Manager
user_3028,Collecting,Singing,Bachelor's,61,"Public Speaking,UI/UX Design,Negotiation",8,3,8,6,7,3,3,Lawyer
user_3029,Fashion,Scuba Diving,Vocational,34,"Graphic Design,UI/UX Design",8,7,1,8,3,1,4,Graphic Designer
user_3030,Fashion,Origami,Bachelor's,41,"Writing,AI Prompt Engineering,UI/UX Design,First Aid,Video Editing",7,9,6,4,3,5,2,Journalist
user_3031,Gaming,Baking,High School,49,"Negotiation,Writing,Conflict Resolution,Financial Literacy,UI/UX Design",5,7,6,9,6,8,9,Social Worker
user_3032,Acting,Video Gaming,Master's,33,"Video Editing,Singing,Driving,Project Management",10,9,6,2,7,6,3,Marketing Manager
user_3033,Fashion,Bird Watching,Master's,43,"First Aid,Financial Literacy,Graphic Design",5,5,9,8,8,8,5,Architect
user_3034,Writing,Pottery,Master's,46,"Writing,Conflict Resolution,Time Management",7,1,7,9,9,9,7,Financial Analyst
user_3035,Gaming,Yoga,Bachelor's,29,"Robotics,Graphic Design,Video Editing",4,5,7,6,2,9,7,Pilot
user_3036,Chess,Photography,Doctorate,32,"Financial Literacy,AI Prompt Engineering,Leadership",8,10,1,9,7,9,7,Chef
user_3037,Music,Astronomy,Doctorate,40,"AI Prompt Engineering,Foreign Languages,Electrical Repair",1,2,6,6,3,3,7,Pilot
user_3038,Psychology,Writing,Doctorate,56,"Cybersecurity,Writing,Singing,Electrical Repair",4,6,2,7,9,4,3,Civil Engineer
user_3039,Writing,Pottery,High School,21,"Graphic Design,Empathy,First Aid",10,9,1,1,9,5,8,Journalist
user_3040,Cars,Hiking,Vocational,53,"Digital Marketing,Weightlifting,AI Prompt Engineering",2,4,3,2,9,4,7,Dentist
user_3041,Volunteering,Skiing,High School,51,"Video Editing,AI Prompt Engineering,Leadership,Robotics",8,4,3,10,8,6,9,Sales Representative
user_3042,Art,Skiing,Vocational,34,"Video Editing,Conflict Resolution,AI Prompt Engineering,Leadership",5,6,10,9,10,1,10,Farm Worker
user_3043,Travel,Gardening,Bachelor's,27,"Critical Thinking,Video Editing,Empathy,Cooking,Leadership",9,10,10,9,8,3,5,Social Worker
user_3044,Sports,Astronomy,Vocational,61,"Time Management,Carpentry",8,5,10,4,10,1,10,Dentist
user_3045,Writing,Fishing,Doctorate,24,"Financial Literacy,Driving,Leadership",6,2,4,7,9,5,1,Environmental Scientist
user_3046,Music,Reading,Master's,46,"Writing,Negotiation,Graphic Design,AI Prompt Engineering,Public Speaking",1,4,3,3,7,1,8,Pilot
user_3047,Fashion,Chess,Master's,37,"First Aid,Financial Literacy,Digital Marketing,Graphic Design,Sewing",1,4,3,4,4,9,6,Lawyer
user_3048,Technology,Running,Associate's,52,"Graphic Design,AI Prompt Engineering,Foreign Languages",5,6,10,10,7,9,3,Mechanic
user_3049,Technology,Pottery,Master's,57,"Empathy,AI Prompt Engineering,Carpentry",4,1,8,9,2,5,2,Construction Worker
user_3050,Astronomy,Singing,Master's,63,"Robotics,Critical Thinking,First Aid",6,5,8,6,10,8,2,Farm Worker
user_3051,Dancing,Writing,High School,26,"Carpentry,Video Editing,Research,Critical Thinking",6,10,7,4,10,5,7,Financial Analyst
user_3052,Animals,Reading,Vocational,40,"Leadership,Cybersecurity,Writing,Project Management",7,4,3,8,6,1,3,Actor
user_3053,Reading,Board Games,Bachelor's,55,"Public Speaking,Empathy,Leadership",7,7,5,10,8,1,7,Elementary Teacher
user_3054,Entrepreneurship,Writing,Doctorate,35,"Empathy,Driving,Cybersecurity",4,6,7,3,4,10,6,Cybersecurity Specialist
user_3055,Technology,Rock Climbing,Vocational,23,"Programming,Data Analysis,Critical Thinking",1,9,10,4,10,6,7,Software Engineer
user_3056,Writing,Rock Climbing,Bachelor's,25,"Conflict Resolution,Graphic Design",5,8,9,3,5,8,6,AI Engineer
user_3057,Animals,Fitness,Associate's,51,"Critical Thinking,Empathy,First Aid",8,4,2,7,1,4,6,Registered Nurse
user_3058,DIY,Video Gaming,High School,62,"Project Management,Conflict Resolution,UI/UX Design,First Aid",2,7,10,5,6,7,5,Civil Engineer
user_3059,History,Rock Climbing,High School,35,"Cybersecurity,Leadership,Critical Thinking",1,1,1,1,2,4,8,Lawyer
user_3060,Technology,Video Gaming,Vocational,26,"Data Analysis,Programming,Critical Thinking",8,7,3,3,4,4,5,Software Engineer
user_3061,Entrepreneurship,Dancing,Bachelor's,52,"Robotics,Foreign Languages,Graphic Design,Public Speaking,Cybersecurity",1,1,1,6,10,2,2,Pilot
user_3062,Travel,Skiing,Vocational,37,"Critical Thinking,Public Speaking",3,7,10,7,4,2,6,Biomedical Engineer
user_3063,Astronomy,Board Games,Associate's,47,"Data Analysis,Cybersecurity,Photography,Leadership",4,9,3,4,8,1,9,Construction Worker
user_3064,Animals,Reading,Master's,28,"Empathy,Public Speaking,Leadership",3,7,5,6,8,1,2,Elementary Teacher
user_3065,Volunteering,Reading,Doctorate,53,"Empathy,Critical Thinking",10,4,2,1,9,3,7,Registered Nurse
user_3066,History,Baking,High School,45,"Critical Thinking,Data Analysis",9,7,10,7,1,10,6,HR Manager
user_3067,Acting,Rock Climbing,High School,63,"Writing,Cooking",9,7,5,4,6,9,4,Sales Representative
user_3068,Dancing,Chess,Master's,26,"Time Management,Data Analysis,Leadership,Driving,Video Editing",2,8,6,7,9,7,4,Financial Analyst
user_3069,Languages,Drawing,Associate's,30,"UI/UX Design,Graphic Design,Creativity",1,4,6,9,1,9,8,Graphic Designer
user_3070,Collecting,Rock Climbing,High School,50,"Robotics,Digital Marketing,Critical Thinking,Singing",9,4,2,10,3,8,3,Mechanic
user_3071,Meditation,Writing,Doctorate,30,"Leadership,Graphic Design,Singing",2,7,8,2,8,8,2,Sales Representative
user_3072,Astronomy,Rock Climbing,Vocational,45,"Writing,Critical Thinking",6,8,5,2,8,10,2,UX Designer
user_3073,Music,Origami,High School,32,"Public Speaking,Robotics,Driving",3,2,5,9,10,1,5,Environmental Scientist
user_3074,Film,Skiing,Master's,64,"Time Management,Project Management",8,8,3,5,5,4,8,Construction Worker
user_3075,Gaming,Meditation,High School,41,"Photography,UI/UX Design,Video Editing",6,10,8,5,8,1,10,Lawyer
user_3076,Film,Collecting Stamps,High School,50,"Digital Marketing,Leadership,Weightlifting",3,7,6,7,2,10,8,HR Manager
user_3077,Reading,Writing,Master's,55,"Video Editing,Empathy",10,10,3,8,8,1,9,AI Engineer
user_3078,Meditation,Collecting Stamps,Bachelor's,46,"AI Prompt Engineering,UI/UX Design,Electrical Repair,Writing",7,8,4,9,1,1,8,Construction Worker
user_3079,Astronomy,Playing Guitar,Vocational,54,"First Aid,Electrical Repair,Sewing",5,2,3,7,8,9,9,Environmental Scientist
user_3080,Technology,Chess,Bachelor's,18,"Project Management,Graphic Design,Electrical Repair,Weightlifting",4,3,2,4,4,1,6,Statistician
user_3081,Music,Cooking,Doctorate,61,"Time Management,Driving,Robotics",6,6,8,7,10,4,1,Statistician
user_3082,DIY,Meditation,Doctorate,22,"Foreign Languages,Project Management",4,2,6,5,4,5,5,Biomedical Engineer
user_3083,Gaming,Origami,Associate's,52,"Writing,Data Analysis,Cybersecurity,Electrical Repair,Sewing",3,5,10,9,6,10,7,Journalist
user_3084,Dancing,Swimming,Vocational,58,"Electrical Repair,Carpentry,First Aid,Programming,Leadership",10,7,3,9,8,1,2,Marketing Manager
user_3085,Collecting,Fitness,Associate's,29,"Critical Thinking,First Aid",10,10,10,3,1,8,2,Registered Nurse
user_3086,Dancing,Running,Master's,59,"Public Speaking,Cooking,Photography,UI/UX Design,Critical Thinking",7,2,2,8,4,5,2,Electrician
user_3087,Gardening,Photography,Vocational,33,"UI/UX Design,Cooking,Negotiation",10,2,7,5,10,2,6,Chef
user_3088,Volunteering,Swimming,Doctorate,37,"Cooking,Programming,Public Speaking,Electrical Repair,UI/UX Design",5,5,4,6,3,6,1,Electrician
user_3089,Fashion,Reading,Bachelor's,59,"AI Prompt Engineering,Foreign Languages,Conflict Resolution,Research,Financial Literacy",8,8,9,2,4,5,2,Marketing Manager
user_3090,Environment,Meditation,High School,61,"Photography,Negotiation,UI/UX Design,Programming",10,1,5,4,6,2,9,Marketing Manager
user_3091,Sports,Skiing,Doctorate,43,"Data Analysis,Sewing,Weightlifting,Photography",3,8,2,1,1,5,10,HR Manager
user_3092,Environment,Bird Watching,Doctorate,19,"Time Management,Research",3,1,6,1,10,2,7,Marketing Manager
user_3093,Animals,Playing Guitar,Vocational,53,"Negotiation,Writing,Empathy,Research,Data Analysis",2,10,3,5,10,2,3,Psychologist
user_3094,Gaming,Cycling,Master's,31,"First Aid,Negotiation,Data Analysis",7,8,10,2,8,8,7,Environmental Scientist
user_3095,Animals,Reading,Doctorate,42,"Public Speaking,Leadership,Empathy",6,4,2,6,4,6,7,Elementary Teacher
user_3096,Sports,Scuba Diving,Doctorate,19,"Data Analysis,First Aid,Research,Electrical Repair",8,2,7,9,3,9,10,Environmental Scientist
user_3097,Gaming,Cooking,High School,43,"Video Editing,Project Management,AI Prompt Engineering",8,1,4,9,7,5,8,AI Engineer
user_3098,Art,Drawing,Bachelor's,36,"Graphic Design,UI/UX Design,Creativity",5,2,5,6,3,9,8,Graphic Designer
user_3099,Fashion,Yoga,Doctorate,23,"Foreign Languages,Critical Thinking,Photography,First Aid,Graphic Design",1,6,8,10,5,1,7,Marketing Manager
user_3100,Acting,Chess,Associate's,35,"First Aid,Empathy,Negotiation",2,10,10,6,6,1,9,Journalist
user_3101,Gaming,Astronomy,High School,65,"Driving,Electrical Repair,Programming,UI/UX Design",7,7,3,6,1,2,7,HR Manager
user_3102,Collecting,Traveling,Master's,55,"Leadership,Public Speaking,Empathy",2,6,3,9,4,1,6,Elementary Teacher
user_3103,Astronomy,Painting,Associate's,25,"UI/UX Design,Graphic Design",6,3,2,1,10,5,3,Graphic Designer
user_3104,Animals,Fitness,Master's,22,"Critical Thinking,Empathy",1,1,3,3,8,10,9,Registered Nurse
user_3105,Gardening,Astronomy,Master's,62,"UI/UX Design,Photography,Carpentry,Foreign Languages",1,4,3,3,5,1,9,Electrician
user_3106,Gaming,Cycling,Bachelor's,24,"Public Speaking,Weightlifting,Video Editing,Singing",6,3,5,7,1,9,9,Environmental Scientist
user_3107,Dancing,Dancing,High School,29,"Financial Literacy,Conflict Resolution,Leadership",7,7,1,1,10,10,10,Psychologist
user_3108,Animals,Reading,Master's,37,"Public Speaking,Empathy,Leadership",2,3,6,10,10,7,9,Elementary Teacher
user_3109,Film,Scuba Diving,Bachelor's,52,"Financial Literacy,Writing,Graphic Design,Cooking,Critical Thinking",3,10,6,10,10,6,8,UX Designer
user_3110,Writing,Collecting Stamps,High School,65,"Digital Marketing,Negotiation",4,4,7,4,6,10,3,Farm Worker
user_3111,Cars,Photography,Associate's,38,"Foreign Languages,Digital Marketing,Robotics,UI/UX Design,Data Analysis",5,4,9,8,1,7,2,Environmental Scientist
user_3112,Volunteering,Collecting Stamps,Associate's,57,"AI Prompt Engineering,Cybersecurity,Weightlifting,Data Analysis",10,3,7,6,10,6,2,Environmental Scientist
user_3113,Dancing,Chess,Vocational,23,"Research,Electrical Repair,Weightlifting",5,1,1,2,10,9,1,Architect
user_3114,Sports,Knitting,Associate's,38,"Creativity,Graphic Design,UI/UX Design",10,8,9,6,6,2,8,Graphic Designer
user_3115,Chess,Astronomy,High School,59,"First Aid,Negotiation,AI Prompt Engineering",5,9,10,4,1,5,10,Architect
user_3116,Gaming,Reading,Master's,44,"Programming,Data Analysis",2,7,8,10,3,7,7,Software Engineer
user_3117,Animals,Singing,Master's,54,"Financial Literacy,Foreign Languages",5,1,9,2,1,7,8,Psychologist
user_3118,Dancing,Reading,Associate's,56,"Robotics,Programming,Singing",7,6,4,8,5,10,5,Construction Worker
user_3119,Technology,Rock Climbing,Doctorate,45,"Empathy,Cybersecurity,Cooking,First Aid,Weightlifting",10,4,5,8,9,2,3,Social Worker
user_3120,Magic,Astronomy,Doctorate,65,"Cybersecurity,Financial Literacy,Driving,Digital Marketing,Carpentry",1,2,10,8,1,4,1,Journalist
user_3121,Cooking,Fishing,Associate's,51,"Graphic Design,Financial Literacy",10,2,3,8,8,7,2,HR Manager
user_3122,Acting,Chess,Bachelor's,47,"Research,Cybersecurity,Programming,Public Speaking,First Aid",3,6,10,8,7,6,8,Chef
user_3123,Languages,Video Gaming,Master's,60,"Graphic Design,AI Prompt Engineering,Video Editing,First Aid",10,10,1,2,5,1,10,Chef
user_3124,Photography,Cycling,Associate's,37,"Creativity,Graphic Design,UI/UX Design",8,7,7,7,8,6,3,Graphic Designer
user_3125,Animals,Meditation,Bachelor's,18,"UI/UX Design,Weightlifting,Negotiation,Research,Singing",2,2,3,5,6,1,8,Pilot
user_3126,Languages,Collecting Stamps,Bachelor's,65,"Conflict Resolution,Data Analysis",10,3,3,8,2,7,7,Dentist
user_3127,Cars,Video Gaming,Master's,32,"Programming,Data Analysis,Critical Thinking",7,2,4,6,5,3,8,Software Engineer
user_3128,Cars,Traveling,High School,21,"Cooking,Conflict Resolution,UI/UX Design",4,1,5,7,8,5,1,Journalist
user_3129,Writing,Fishing,Bachelor's,36,"Cooking,Conflict Resolution,Foreign Languages",3,9,8,6,4,2,9,Environmental Scientist
user_3130,Dancing,Dancing,Vocational,63,"First Aid,Negotiation,Leadership,Electrical Repair,Sewing",2,7,7,4,10,4,1,Civil Engineer
user_3131,Volunteering,Volunteering,Associate's,43,"Critical Thinking,Empathy,First Aid",6,2,3,2,9,9,4,Registered Nurse
user_3132,Chess,Yoga,Associate's,62,"Financial Literacy,Negotiation,Weightlifting,Writing",7,7,10,7,3,6,4,Sales Representative
user_3133,Technology,Reading,Bachelor's,50,"Critical Thinking,First Aid,Empathy",4,1,1,3,3,5,3,Registered Nurse
user_3134,Travel,Writing,Doctorate,30,"UI/UX Design,Graphic Design,Research,AI Prompt Engineering",10,10,8,3,2,2,2,Electrician
user_3135,Film,Meditation,Vocational,64,"Foreign Languages,Research",8,7,5,3,1,2,2,UX Designer
user_3136,Dancing,Reading,Doctorate,34,"Public Speaking,Robotics,Cooking,Carpentry,Financial Literacy",1,5,10,6,7,7,9,Plumber
user_3137,Travel,Bird Watching,Doctorate,58,"Project Management,Electrical Repair,Sewing",9,4,10,3,10,1,3,Construction Worker
user_3138,Collecting,Traveling,High School,49,"AI Prompt Engineering,Robotics,Empathy,Cybersecurity,Foreign Languages",6,8,8,7,6,5,4,Architect
user_3139,Reading,Playing Guitar,High School,28,"Cooking,Driving,Digital Marketing,First Aid",8,5,10,2,2,7,1,Marketing Manager
user_3140,Cooking,Hiking,Doctorate,63,"Driving,First Aid,Financial Literacy,Time Management",5,5,8,5,9,5,9,Civil Engineer
user_3141,Sports,Cooking,High School,58,"Electrical Repair,Project Management,AI Prompt Engineering,Empathy",10,2,5,3,7,1,8,HR Manager
user_3142,Gaming,Painting,Bachelor's,43,"Driving,Video Editing,Data Analysis,Sewing",3,4,10,6,6,5,6,Statistician
user_3143,Music,Singing,Bachelor's,47,"Financial Literacy,Conflict Resolution,Driving,Photography,Public Speaking",10,8,9,1,4,10,10,Cybersecurity Specialist
user_3144,Astronomy,Fishing,Vocational,54,"Robotics,AI Prompt Engineering",2,10,4,9,3,9,10,HR Manager
user_3145,Volunteering,Yoga,Master's,58,"Cooking,Programming,Negotiation,Public Speaking",7,9,2,6,2,2,5,Biomedical Engineer
user_3146,Magic,Photography,Bachelor's,42,"Creativity,Graphic Design",9,2,5,5,6,7,6,Graphic Designer
user_3147,Art,Photography,Associate's,34,"Empathy,Photography,Digital Marketing,Singing,First Aid",6,6,5,6,1,2,3,Journalist
user_3148,Dancing,Hiking,High School,26,"Negotiation,Weightlifting",10,4,1,9,10,9,10,Architect
user_3149,Photography,Photography,Bachelor's,21,"Creativity,Graphic Design,UI/UX Design",9,3,7,7,8,5,1,Graphic Designer
user_3150,Collecting,Yoga,Master's,60,"Carpentry,Negotiation,Driving,Robotics,AI Prompt Engineering",6,10,1,2,3,2,4,HR Manager
user_3151,Sports,Writing,Vocational,45,"Video Editing,Foreign Languages,Time Management,Digital Marketing",8,1,7,8,6,7,5,Electrician
user_3152,History,Photography,Bachelor's,25,"Creativity,UI/UX Design",6,4,3,2,7,9,6,Graphic Designer
user_3153,Technology,Reading,Associate's,51,"Empathy,Video Editing,Public Speaking",8,3,3,9,9,5,10,Actor
user_3154,Entrepreneurship,Pottery,Master's,51,"Data Analysis,Programming",7,6,3,9,6,5,5,Statistician
user_3155,Collecting,Board Games,High School,45,"Financial Literacy,Electrical Repair,Programming",8,3,8,5,3,1,1,Marketing Manager
user_3156,History,Playing Guitar,Master's,46,"Empathy,Singing,Leadership,Conflict Resolution,Graphic Design",1,5,9,6,10,2,6,Sales Representative
user_3157,Fashion,Pottery,Associate's,58,"Critical Thinking,Data Analysis",5,8,2,5,1,9,9,Environmental Scientist
user_3158,Animals,Singing,Vocational,26,"UI/UX Design,Financial Literacy",4,8,10,1,2,7,9,Biomedical Engineer
user_3159,Music,Board Games,Master's,62,"Writing,Sewing,Financial Literacy,AI Prompt Engineering",2,5,2,6,10,3,9,Electrician
user_3160,Reading,Volunteering,Master's,50,"Empathy,Leadership,Public Speaking",8,2,7,5,4,7,2,Elementary Teacher
user_3161,Acting,Yoga,High School,49,"Foreign Languages,Leadership",8,5,8,9,3,6,7,Statistician
user_3162,Reading,Traveling,Bachelor's,29,"Leadership,Public Speaking,Empathy",2,1,2,2,3,1,2,Elementary Teacher
user_3163,Astronomy,Meditation,Bachelor's,24,"Weightlifting,Project Management,Photography,Sewing",9,1,3,2,3,5,6,Dentist
user_3164,Astronomy,Gardening,Master's,29,"Leadership,Financial Literacy,Research,Negotiation,Electrical Repair",5,4,7,5,3,6,5,Mechanic
user_3165,Dancing,Skiing,Associate's,60,"Video Editing,Foreign Languages,AI Prompt Engineering,Financial Literacy",3,1,8,3,10,8,3,Statistician
user_3166,Reading,Scuba Diving,Vocational,31,"Sewing,Empathy,First Aid,Negotiation",4,10,8,6,1,9,3,Statistician
user_3167,Art,Painting,Master's,37,"Programming,UI/UX Design,Project Management,Electrical Repair",9,4,7,3,7,9,5,Social Worker
user_3168,Fitness,Video Gaming,Associate's,23,"Digital Marketing,Weightlifting,Writing,Financial Literacy",10,3,7,1,7,1,9,Marketing Manager
user_3169,Cars,Cooking,Master's,48,"Foreign Languages,Financial Literacy",8,9,3,5,7,6,6,Dentist
user_3170,Gaming,Collecting Stamps,Associate's,56,"Public Speaking,Leadership",4,3,8,3,4,5,5,Elementary Teacher
user_3171,Volunteering,Traveling,Doctorate,60,"First Aid,Sewing",9,10,10,5,9,3,3,Architect
user_3172,Collecting,Knitting,High School,56,"Graphic Design,Public Speaking,Leadership,Cybersecurity,Data Analysis",9,7,4,3,2,4,4,Environmental Scientist
user_3173,Fitness,Chess,Bachelor's,26,"Writing,Programming,Cybersecurity",1,5,9,10,10,8,5,Cybersecurity Specialist
user_3174,Sports,Reading,Bachelor's,50,"Empathy,First Aid,Critical Thinking",1,7,1,9,4,1,8,Registered Nurse
user_3175,Animals,Pottery,Bachelor's,49,"Empathy,UI/UX Design",6,8,4,4,4,6,4,Construction Worker
user_3176,DIY,Traveling,Doctorate,55,"Research,Driving,Public Speaking,Cooking",7,10,5,8,7,2,10,Architect
user_3177,Cars,Knitting,Vocational,35,"Weightlifting,Time Management",10,6,3,3,5,3,8,Biomedical Engineer
user_3178,Collecting,Volunteering,Bachelor's,42,"Critical Thinking,First Aid,Empathy",8,8,5,8,4,6,2,Registered Nurse
user_3179,History,Astronomy,Master's,54,"Research,Cybersecurity",8,2,7,8,8,9,9,Actor
user_3180,Film,Writing,Doctorate,18,"Singing,Photography",4,5,2,9,8,2,6,Electrician
user_3181,Collecting,Traveling,High School,30,"First Aid,Photography,Data Analysis,Robotics",4,8,4,2,3,10,6,Social Worker
user_3182,Astronomy,Scuba Diving,Associate's,54,"Digital Marketing,Project Management,Cybersecurity,Carpentry,Financial Literacy",10,3,8,9,1,10,10,Architect
user_3183,Animals,Cycling,Doctorate,20,"Carpentry,Programming,First Aid,Foreign Languages,Robotics",8,9,7,4,1,4,9,Plumber
user_3184,Astronomy,Gardening,Bachelor's,59,"Cybersecurity,AI Prompt Engineering,Singing,Empathy,Foreign Languages",5,5,5,10,2,2,9,AI Engineer
user_3185,Environment,Cooking,Associate's,39,"Digital Marketing,Programming,Empathy,Data Analysis,Leadership",1,9,8,3,6,9,5,Farm Worker
user_3186,Psychology,Traveling,Associate's,28,"Driving,Negotiation",3,8,3,4,2,2,5,Pilot
user_3187,Photography,Drawing,Bachelor's,34,"Graphic Design,Creativity,UI/UX Design",1,6,4,5,7,6,8,Graphic Designer
user_3188,Cars,Running,Bachelor's,58,"Data Analysis,Foreign Languages,Cybersecurity,Critical Thinking,Sewing",7,3,10,3,10,2,8,HR Manager
user_3189,Entrepreneurship,Video Gaming,Bachelor's,23,"Data Analysis,Critical Thinking,Programming",2,9,3,7,4,8,5,Software Engineer
user_3190,Fashion,Drawing,Master's,41,"Graphic Design,Creativity",5,5,6,5,6,5,5,Graphic Designer
user_3191,Fitness,Astronomy,Bachelor's,61,"UI/UX Design,Robotics,Graphic Design,Electrical Repair,Critical Thinking",1,7,7,9,7,8,10,Chef
user_3192,Reading,Collecting Stamps,Master's,28,"Electrical Repair,Video Editing,Graphic Design",9,3,6,10,4,1,9,Pilot
user_3193,Art,Photography,Bachelor's,26,"UI/UX Design,Graphic Design,Creativity",7,8,2,1,3,7,3,Graphic Designer
user_3194,Acting,Astronomy,Master's,36,"Digital Marketing,Writing,Driving,Carpentry",9,3,9,5,1,2,3,Lawyer
user_3195,Volunteering,Fitness,Bachelor's,31,"Critical Thinking,First Aid,Empathy",7,8,9,4,1,4,2,Registered Nurse
user_3196,Chess,Bird Watching,Associate's,23,"Writing,Foreign Languages,Weightlifting",9,5,9,2,5,2,10,Financial Analyst
user_3197,Gardening,Photography,Master's,27,"Leadership,Empathy",5,10,7,6,4,9,6,Cybersecurity Specialist
user_3198,Environment,Writing,Associate's,58,"Cybersecurity,First Aid,Public Speaking",2,1,8,6,3,9,8,Chef
user_3199,DIY,Writing,Doctorate,38,"Project Management,UI/UX Design",3,6,10,4,2,3,3,Actor
user_3200,Gardening,Skiing,High School,33,"Electrical Repair,Time Management",6,9,3,6,5,7,8,UX Designer
user_3201,Travel,Meditation,High School,46,"Weightlifting,Graphic Design,Foreign Languages,Photography",9,1,7,7,3,7,8,Social Worker
user_3202,Fashion,Baking,Vocational,28,"Writing,Video Editing",5,9,1,4,7,2,5,Financial Analyst
user_3203,History,Dancing,Bachelor's,39,"Driving,Robotics",6,9,5,9,5,2,5,UX Designer
user_3204,Volunteering,Volunteering,Bachelor's,27,"Critical Thinking,First Aid,Empathy",4,7,10,4,9,1,6,Registered Nurse
user_3205,Gardening,Writing,Doctorate,24,"Negotiation,AI Prompt Engineering,Photography,Graphic Design,Electrical Repair",3,7,2,1,9,5,6,Electrician
user_3206,Volunteering,Crafts,Master's,45,"Leadership,Empathy,Public Speaking",8,10,10,8,9,9,2,Elementary Teacher
user_3207,Gaming,Board Games,Doctorate,44,"Critical Thinking,Programming,Data Analysis",3,2,8,8,9,6,5,Data Scientist
user_3208,Fitness,Fitness,Doctorate,54,"Empathy,Critical Thinking,First Aid",7,5,4,3,8,6,5,Registered Nurse
user_3209,Art,Traveling,High School,59,"Robotics,Video Editing,Carpentry,Weightlifting",10,10,9,2,9,1,6,Farm Worker
user_3210,Sports,Knitting,Vocational,24,"Empathy,Sewing,First Aid,UI/UX Design,Cybersecurity",7,1,7,7,5,10,4,Psychologist
user_3211,Volunteering,Hiking,Doctorate,32,"Financial Literacy,Graphic Design,First Aid",10,4,3,6,5,9,6,Social Worker
user_3212,Gardening,Hiking,Associate's,49,"UI/UX Design,Cybersecurity,Sewing,Graphic Design,Public Speaking",10,1,1,3,9,2,1,Lawyer
user_3213,Writing,Video Gaming,Master's,18,"Research,First Aid,Critical Thinking,Cybersecurity,AI Prompt Engineering",10,2,7,3,8,8,7,Plumber
user_3214,Volunteering,Origami,Associate's,34,"Empathy,Critical Thinking,First Aid",10,3,8,2,10,8,7,Registered Nurse
user_3215,Languages,Hiking,Vocational,51,"Data Analysis,Robotics",1,8,1,2,8,8,5,Environmental Scientist
user_3216,Entrepreneurship,Chess,Master's,25,"Empathy,Cooking,Programming,Electrical Repair,Singing",4,2,3,4,4,2,6,UX Designer
user_3217,Astronomy,Yoga,High School,58,"Robotics,Sewing",4,8,6,2,5,2,7,Cybersecurity Specialist
user_3218,Art,Photography,Associate's,40,"Creativity,UI/UX Design",1,3,9,5,10,7,4,Graphic Designer
user_3219,History,Writing,Master's,23,"UI/UX Design,Driving,Time Management,Cybersecurity",10,6,3,6,4,6,10,Dentist
user_3220,Animals,Baking,Bachelor's,21,"Research,AI Prompt Engineering,Conflict Resolution,Critical Thinking",5,6,10,10,2,5,6,Marketing Manager
user_3221,Film,Bird Watching,High School,58,"Graphic Design,Digital Marketing,Robotics,Empathy,Financial Literacy",7,1,5,3,2,3,2,Architect
user_3222,Technology,Painting,High School,20,"Leadership,Critical Thinking",9,7,6,5,3,6,6,Pilot
user_3223,Fitness,Reading,High School,51,"Empathy,Critical Thinking",7,8,4,10,3,10,4,Registered Nurse
user_3224,Volunteering,Skiing,Bachelor's,27,"Cooking,Sewing,Leadership",4,9,10,6,2,8,6,Dentist
user_3225,Volunteering,Hiking,Doctorate,18,"Video Editing,Project Management,Electrical Repair,Weightlifting,Digital Marketing",3,6,6,4,9,3,8,Chef
user_3226,Acting,Fishing,High School,45,"Critical Thinking,Leadership,Photography",8,4,3,4,1,2,5,Plumber
user_3227,Art,Astronomy,Master's,38,"Weightlifting,Graphic Design,Singing,Cooking",3,1,4,10,8,2,1,Social Worker
user_3228,Environment,Gardening,Master's,52,"Robotics,Time Management",10,4,5,1,10,7,1,Construction Worker
user_3229,Technology,Fishing,Master's,60,"Project Management,Carpentry,Negotiation,Conflict Resolution",8,8,7,9,6,8,6,AI Engineer
user_3230,Astronomy,Fishing,High School,23,"Project Management,Research,Negotiation",3,7,8,5,10,5,3,Pilot
user_3231,Technology,Cooking,Vocational,50,"First Aid,AI Prompt Engineering",9,8,2,5,3,1,4,Statistician
user_3232,Fitness,Drawing,Vocational,32,"Graphic Design,UI/UX Design",8,6,6,4,4,8,4,Graphic Designer
user_3233,Gaming,Dancing,Master's,27,"Weightlifting,Research,Foreign Languages,Negotiation,Critical Thinking",7,10,10,2,6,9,10,Psychologist
user_3234,Magic,Cycling,Associate's,60,"Financial Literacy,Conflict Resolution,Project Management,Time Management",9,4,7,9,8,7,2,Social Worker
user_3235,Psychology,Chess,High School,25,"Programming,Data Analysis,Critical Thinking",10,7,2,2,6,9,9,Data Scientist
user_3236,Acting,Meditation,Bachelor's,18,"Empathy,Carpentry",7,9,4,2,6,7,3,Cybersecurity Specialist
user_3237,Dancing,Knitting,Master's,48,"AI Prompt Engineering,Programming,Cooking,First Aid,Digital Marketing",6,3,7,9,3,2,10,Environmental Scientist
user_3238,Art,Singing,Associate's,24,"Creativity,UI/UX Design,Graphic Design",2,3,4,1,4,5,9,Graphic Designer
user_3239,Writing,Video Gaming,Vocational,23,"Financial Literacy,First Aid",7,4,2,2,9,7,8,Statistician
user_3240,Music,Writing,Associate's,37,"Negotiation,AI Prompt Engineering,Photography,Data Analysis",9,2,4,2,3,6,5,Construction Worker
user_3241,Dancing,Playing Guitar,Associate's,59,"UI/UX Design,Cooking",5,1,8,7,5,8,2,Cybersecurity Specialist
user_3242,Psychology,Cycling,Vocational,23,"Weightlifting,Cooking,UI/UX Design,Digital Marketing",10,5,9,1,8,3,1,Architect
user_3243,Fitness,Gardening,Vocational,26,"Electrical Repair,Empathy,Writing",7,1,3,2,9,1,7,Architect
user_3244,Environment,Baking,Doctorate,36,"Weightlifting,First Aid,Negotiation,Data Analysis",10,1,7,8,8,5,3,Financial Analyst
user_3245,Sports,Yoga,Vocational,64,"Data Analysis,Programming,Driving,Leadership,First Aid",3,6,8,6,5,3,4,Mechanic
user_3246,Fitness,Pottery,Bachelor's,51,"Carpentry,Weightlifting,Cooking",4,6,1,3,3,8,8,Civil Engineer
user_3247,Astronomy,Rock Climbing,High School,32,"Weightlifting,Programming,Cooking,Leadership,Writing",8,6,3,3,3,2,3,Marketing Manager
user_3248,Magic,Gardening,Vocational,32,"Financial Literacy,Photography,Singing,Critical Thinking,Negotiation",4,6,1,1,3,2,6,Civil Engineer
user_3249,Sports,Skiing,Vocational,44,"Leadership,Video Editing,Empathy,AI Prompt Engineering",5,10,2,10,10,8,9,Sales Representative
user_3250,Psychology,Cooking,Master's,42,"Writing,Photography,Conflict Resolution,Cooking,Time Management",5,3,9,4,2,9,9,Electrician
user_3251,Meditation,Yoga,Vocational,50,"AI Prompt Engineering,Graphic Design",2,6,5,2,7,9,3,Electrician
user_3252,Animals,Cycling,High School,61,"Weightlifting,Public Speaking,Conflict Resolution,Foreign Languages",6,5,8,7,6,2,3,Dentist
user_3253,Photography,Dancing,High School,30,"First Aid,UI/UX Design,Negotiation",7,3,10,4,4,5,10,Actor
user_3254,Psychology,Origami,Vocational,21,"Writing,Video Editing,Public Speaking,Cooking",10,7,8,7,6,7,2,Civil Engineer
user_3255,Dancing,Yoga,Bachelor's,49,"Time Management,Empathy,Sewing,Photography,Leadership",10,3,6,3,10,2,5,Marketing Manager
user_3256,Volunteering,Baking,Bachelor's,54,"Critical Thinking,First Aid,Empathy",8,9,7,9,8,4,3,Registered Nurse
user_3257,Sports,Chess,High School,60,"Video Editing,Sewing,AI Prompt Engineering",8,2,9,8,1,2,6,Biomedical Engineer
user_3258,Sports,Photography,Master's,22,"Cybersecurity,Weightlifting,AI Prompt Engineering,Singing",6,2,2,8,5,3,7,Environmental Scientist
user_3259,Technology,Photography,Vocational,28,"Conflict Resolution,Robotics,Research,Leadership",10,4,8,1,9,2,1,Chef
user_3260,Dancing,Gardening,High School,37,"First Aid,Video Editing,Public Speaking",2,3,9,6,5,10,10,Sales Representative
user_3261,Writing,Reading,Master's,45,"Electrical Repair,Robotics,Public Speaking,First Aid,UI/UX Design",3,10,6,8,10,1,4,Social Worker
user_3262,Technology,Drawing,Master's,36,"Creativity,Graphic Design,UI/UX Design",5,9,5,2,3,2,3,Graphic Designer
user_3263,Cars,Hiking,Bachelor's,20,"Project Management,Electrical Repair,Digital Marketing,Cooking,Video Editing",5,4,7,2,2,4,9,Statistician
user_3264,Fashion,Baking,Associate's,36,"Graphic Design,UI/UX Design,Creativity",5,7,2,5,7,10,10,Graphic Designer
user_3265,Volunteering,Crafts,Master's,51,"Leadership,Empathy,Public Speaking",3,5,10,8,6,4,10,Elementary Teacher
user_3266,Travel,Painting,Bachelor's,64,"Digital Marketing,Research",9,7,2,6,8,5,3,Sales Representative
user_3267,Travel,Video Gaming,High School,47,"Singing,Foreign Languages",6,9,9,1,8,5,7,Dentist
user_3268,Entrepreneurship,Fishing,Bachelor's,42,"Cybersecurity,Video Editing,Empathy",4,7,4,9,2,4,10,Psychologist
user_3269,Astronomy,Crafts,Bachelor's,23,"Leadership,Empathy,Public Speaking",8,1,2,3,4,4,6,Elementary Teacher
user_3270,History,Singing,Bachelor's,41,"Programming,Data Analysis",4,4,8,1,5,6,8,Software Engineer
user_3271,Cars,Photography,High School,32,"Singing,Project Management,Photography",7,10,7,5,10,4,9,Biomedical Engineer
user_3272,Entrepreneurship,Video Gaming,Bachelor's,35,"Critical Thinking,Programming,Data Analysis",2,5,1,5,8,7,2,Software Engineer
user_3273,Animals,Knitting,Master's,31,"Public Speaking,Leadership,Empathy",2,10,8,9,10,6,9,Elementary Teacher
user_3274,Languages,Pottery,Doctorate,22,"Writing,Carpentry",4,3,3,8,5,8,9,Biomedical Engineer
user_3275,Entrepreneurship,Board Games,Master's,26,"Programming,Critical Thinking,Data Analysis",3,5,10,5,2,8,9,Software Engineer
user_3276,Animals,Painting,Master's,60,"Graphic Design,Public Speaking,AI Prompt Engineering",2,6,8,2,10,2,1,Financial Analyst
user_3277,Chess,Photography,High School,60,"Conflict Resolution,Critical Thinking,Project Management",6,1,6,10,7,4,2,Chef
user_3278,Writing,Running,Bachelor's,47,"Robotics,Driving,UI/UX Design,Singing,AI Prompt Engineering",7,2,8,7,9,8,3,Statistician
user_3279,Technology,Astronomy,Doctorate,52,"Public Speaking,Graphic Design",5,2,1,1,9,3,6,Pilot
user_3280,Animals,Singing,High School,42,"Leadership,Public Speaking",1,5,10,7,1,6,5,Elementary Teacher
user_3281,Cars,Meditation,Doctorate,39,"Writing,Empathy",1,5,3,1,5,8,4,Journalist
user_3282,Acting,Knitting,Vocational,28,"Conflict Resolution,Empathy,Leadership",5,5,2,4,4,4,6,UX Designer
user_3283,Astronomy,Reading,High School,27,"Robotics,Photography,Cooking",9,3,4,6,1,7,3,Mechanic
user_3284,Collecting,Singing,Master's,30,"Leadership,Video Editing,Conflict Resolution",1,5,2,7,2,5,4,Plumber
user_3285,Acting,Singing,Associate's,40,"Electrical Repair,Empathy,Critical Thinking,Financial Literacy",7,5,4,4,4,1,5,Sales Representative
user_3286,Animals,Reading,Bachelor's,30,"Public Speaking,Empathy,Leadership",10,10,5,10,2,10,5,Elementary Teacher
user_3287,Meditation,Collecting Stamps,Vocational,62,"Empathy,Conflict Resolution,Negotiation,Cooking,Video Editing",9,6,1,3,3,1,9,Cybersecurity Specialist
user_3288,Psychology,Painting,Bachelor's,56,"Graphic Design,Photography,Conflict Resolution,Carpentry",5,7,6,2,9,4,6,Statistician
user_3289,Reading,Crafts,Bachelor's,39,"Public Speaking,Empathy",8,2,7,1,2,1,9,Elementary Teacher
user_3290,Travel,Cooking,High School,41,"Digital Marketing,Financial Literacy,Sewing,Conflict Resolution",10,8,6,4,2,8,6,Lawyer
user_3291,Entrepreneurship,Video Gaming,Master's,28,"Data Analysis,Critical Thinking,Programming",9,4,6,1,1,3,3,Software Engineer
user_3292,Cars,Bird Watching,Doctorate,51,"Conflict Resolution,Project Management,UI/UX Design,Digital Marketing",6,2,9,1,3,7,5,Construction Worker
user_3293,Writing,Knitting,Doctorate,32,"Weightlifting,Critical Thinking,Writing,Electrical Repair",10,3,8,10,7,10,4,Chef
user_3294,Cars,Video Gaming,High School,34,"Conflict Resolution,Cybersecurity,Photography,Empathy",4,1,5,4,5,10,5,Mechanic
user_3295,Entrepreneurship,Pottery,Bachelor's,36,"Digital Marketing,Driving,Writing,UI/UX Design",4,2,5,1,3,10,1,HR Manager
user_3296,Writing,Photography,High School,59,"Programming,Writing,Negotiation,Time Management",8,9,7,3,2,7,4,Biomedical Engineer
user_3297,Fitness,Traveling,Associate's,58,"Cooking,Weightlifting,Negotiation,Programming,Research",9,3,4,9,3,9,9,Financial Analyst
user_3298,Chess,Fishing,Doctorate,50,"Writing,Digital Marketing",3,8,2,5,7,4,6,Sales Representative
user_3299,Reading,Hiking,Doctorate,63,"Carpentry,Public Speaking,Photography,Conflict Resolution,Leadership",4,3,3,8,1,5,10,Cybersecurity Specialist
user_3300,Technology,Fishing,Master's,38,"First Aid,Negotiation,Singing",1,3,4,4,2,1,9,AI Engineer
user_3301,Film,Astronomy,High School,34,"Driving,Leadership,Cybersecurity",3,8,4,8,5,10,1,Mechanic
user_3302,Magic,Skiing,High School,64,"Robotics,Conflict Resolution,Project Management",5,1,7,3,2,5,7,Plumber
user_3303,DIY,Playing Guitar,Bachelor's,21,"Conflict Resolution,Sewing,Cooking",6,6,7,4,5,9,2,Actor
user_3304,Animals,Volunteering,Bachelor's,49,"Critical Thinking,Empathy,First Aid",2,5,2,10,1,9,3,Registered Nurse
user_3305,Collecting,Origami,Master's,59,"Negotiation,Programming,Writing",7,4,4,8,4,7,5,Construction Worker
user_3306,Entrepreneurship,Playing Guitar,High School,49,"Financial Literacy,Conflict Resolution",1,10,6,9,4,1,5,Chef
user_3307,Technology,Reading,Associate's,40,"Empathy,Critical Thinking,First Aid",8,4,6,3,2,7,1,Registered Nurse
user_3308,Languages,Chess,High School,57,"Sewing,Robotics,Driving",10,4,5,10,7,5,8,Farm Worker
user_3309,Fashion,Painting,Bachelor's,24,"Creativity,Graphic Design,UI/UX Design",7,8,1,2,4,7,2,Graphic Designer
user_3310,Acting,Cycling,Doctorate,65,"Financial Literacy,Sewing,UI/UX Design,Electrical Repair,Negotiation",10,5,2,5,5,8,8,Actor
user_3311,Languages,Knitting,Master's,47,"Cybersecurity,Foreign Languages",3,8,7,3,5,4,10,Mechanic
user_3312,Volunteering,Cooking,Vocational,63,"Financial Literacy,Sewing,Robotics",9,10,2,8,9,8,4,Sales Representative
user_3313,Fashion,Running,High School,65,"Project Management,Video Editing,Financial Literacy,Conflict Resolution,Time Management",9,8,8,4,6,2,1,Social Worker
user_3314,Gardening,Astronomy,High School,20,"Electrical Repair,AI Prompt Engineering,Driving,First Aid",8,10,3,10,4,7,2,Social Worker
user_3315,Chess,Origami,Vocational,54,"Singing,Weightlifting,Video Editing,Digital Marketing,Financial Literacy",7,8,8,7,4,10,7,Sales Representative
user_3316,Languages,Chess,High School,42,"Critical Thinking,Programming,Data Analysis",9,4,9,10,1,2,2,Software Engineer
user_3317,Music,Bird Watching,Bachelor's,59,"Data Analysis,UI/UX Design,Leadership,Carpentry,Negotiation",7,2,7,7,5,1,3,Biomedical Engineer
user_3318,Cooking,Writing,Associate's,36,"Foreign Languages,Graphic Design,Cybersecurity,Cooking,Writing",6,9,7,7,7,3,7,Statistician
user_3319,Travel,Board Games,Master's,29,"Driving,Empathy,Leadership",5,1,10,10,2,3,7,Financial Analyst
user_3320,Fashion,Video Gaming,Associate's,28,"Photography,Robotics,Cooking,Time Management,Singing",5,1,8,1,6,5,8,Construction Worker
user_3321,Gardening,Astronomy,Vocational,55,"Electrical Repair,Cybersecurity,AI Prompt Engineering,Robotics,First Aid",8,2,9,10,2,7,7,HR Manager
user_3322,Writing,Traveling,Bachelor's,54,"Writing,Video Editing,Driving,Public Speaking,Carpentry",3,1,1,4,7,5,3,UX Designer
user_3323,History,Painting,Bachelor's,40,"Creativity,Graphic Design,UI/UX Design",3,1,3,6,5,1,10,Graphic Designer
user_3324,Technology,Cooking,Associate's,62,"Data Analysis,Electrical Repair,Sewing,Video Editing",6,7,10,9,4,7,5,Marketing Manager
user_3325,Magic,Collecting Stamps,Bachelor's,41,"Project Management,Public Speaking,Empathy,Driving,Photography",2,5,4,1,7,2,5,Social Worker
user_3326,Fitness,Video Gaming,High School,56,"Foreign Languages,AI Prompt Engineering",10,9,2,9,10,3,4,Biomedical Engineer
user_3327,Dancing,Writing,High School,32,"First Aid,Foreign Languages,Singing,AI Prompt Engineering,Public Speaking",7,9,9,8,9,6,9,Pilot
user_3328,Languages,Gardening,Associate's,30,"Cooking,Graphic Design,Empathy,Cybersecurity,Leadership",10,6,4,5,3,10,8,Biomedical Engineer
user_3329,Music,Rock Climbing,High School,34,"First Aid,Driving",4,3,7,10,5,5,2,Social Worker
user_3330,Psychology,Rock Climbing,Doctorate,53,"Negotiation,Singing,Video Editing,Carpentry,Cybersecurity",4,4,5,9,8,9,2,Statistician
user_3331,Cars,Yoga,Bachelor's,47,"Conflict Resolution,Weightlifting,Writing,Digital Marketing",3,6,2,5,2,6,7,Farm Worker
user_3332,Dancing,Baking,Master's,47,"First Aid,Writing,Research",7,2,8,5,1,4,6,Civil Engineer
user_3333,Reading,Volunteering,Master's,53,"Empathy,Public Speaking,Leadership",3,7,4,1,2,6,1,Elementary Teacher
user_3334,Volunteering,Playing Guitar,Bachelor's,23,"First Aid,Critical Thinking,Empathy",4,9,7,1,8,3,10,Registered Nurse
user_3335,Environment,Chess,Associate's,25,"Time Management,Negotiation,Robotics",2,10,8,3,9,6,6,Financial Analyst
user_3336,Collecting,Gardening,Doctorate,27,"Leadership,Foreign Languages,Photography,Empathy,Cybersecurity",5,9,8,7,6,7,2,Statistician
user_3337,Environment,Cooking,High School,24,"Cybersecurity,Robotics",10,6,4,2,7,2,6,Actor
user_3338,Dancing,Hiking,Associate's,22,"Robotics,Project Management",10,3,9,9,2,1,5,Environmental Scientist
user_3339,Entrepreneurship,Fishing,Doctorate,40,"Negotiation,Public Speaking,Research,Leadership",6,6,5,9,9,6,10,Biomedical Engineer
user_3340,Languages,Running,Bachelor's,50,"AI Prompt Engineering,Financial Literacy,Robotics,Singing",5,5,1,7,1,3,7,Sales Representative
user_3341,Film,Skiing,Vocational,24,"Carpentry,UI/UX Design",1,8,8,8,4,1,9,Construction Worker
user_3342,Travel,Hiking,Bachelor's,47,"Public Speaking,Negotiation,Project Management,Time Management,Writing",10,3,6,4,9,5,2,Electrician
user_3343,Magic,Playing Guitar,Vocational,62,"Leadership,Sewing,Singing,Research",5,1,5,2,7,3,8,Electrician
user_3344,Meditation,Board Games,Associate's,37,"Critical Thinking,Financial Literacy,UI/UX Design,Leadership",6,1,3,5,7,2,1,Mechanic
user_3345,Chess,Bird Watching,Bachelor's,61,"Digital Marketing,Programming,AI Prompt Engineering,Financial Literacy,Cooking",2,5,7,1,8,4,8,Electrician
user_3346,Magic,Cooking,Master's,32,"Data Analysis,Programming,Critical Thinking",4,7,2,5,6,6,1,Software Engineer
user_3347,Cooking,Pottery,Bachelor's,52,"Foreign Languages,Electrical Repair,Negotiation,Video Editing,Critical Thinking",7,10,9,4,7,4,4,UX Designer
user_3348,Meditation,Dancing,Vocational,23,"Cybersecurity,Leadership",8,1,2,5,7,2,9,Social Worker
user_3349,Languages,Knitting,Bachelor's,52,"Graphic Design,Critical Thinking,Cybersecurity",7,5,3,6,1,9,9,Marketing Manager
user_3350,Animals,Swimming,Doctorate,64,"Cybersecurity,Driving,Electrical Repair,Robotics",8,4,3,4,8,3,5,Cybersecurity Specialist
user_3351,Fitness,Reading,Bachelor's,22,"Driving,AI Prompt Engineering,Financial Literacy,Critical Thinking,Video Editing",1,6,7,10,3,8,5,Civil Engineer
user_3352,Photography,Painting,Vocational,40,"UI/UX Design,Graphic Design,Creativity",6,9,1,3,6,7,3,Graphic Designer
user_3353,DIY,Yoga,High School,37,"First Aid,Data Analysis,Critical Thinking",3,7,6,7,3,7,2,Chef
user_3354,DIY,Reading,Bachelor's,28,"Electrical Repair,Weightlifting,Video Editing,Cybersecurity",1,6,4,2,4,10,8,Statistician
user_3355,DIY,Collecting Stamps,Vocational,49,"Empathy,Writing,UI/UX Design,Research,Carpentry",5,3,5,3,8,9,5,Actor
user_3356,DIY,Pottery,Vocational,45,"Carpentry,First Aid",10,10,9,8,8,10,10,Environmental Scientist
user_3357,Psychology,Running,High School,29,"Negotiation,Video Editing,Graphic Design,Empathy,Programming",5,1,9,7,8,4,3,Lawyer
user_3358,Technology,Photography,Master's,33,"Data Analysis,Programming,Critical Thinking",6,2,3,1,6,5,2,Software Engineer
user_3359,Environment,Yoga,Bachelor's,48,"Data Analysis,Foreign Languages",10,7,3,1,3,4,4,Statistician
user_3360,Gaming,Photography,Vocational,48,"Video Editing,Cybersecurity,Project Management,UI/UX Design",4,6,5,4,6,2,3,Dentist
user_3361,Psychology,Running,Associate's,56,"Project Management,Critical Thinking,Robotics,Conflict Resolution",1,6,1,1,5,6,2,Electrician
user_3362,Art,Meditation,Associate's,54,"Financial Literacy,First Aid,Photography",10,9,2,6,9,9,4,Social Worker
user_3363,Animals,Crafts,Bachelor's,56,"Leadership,Public Speaking,Empathy",5,10,9,10,7,6,7,Elementary Teacher
user_3364,Environment,Running,Doctorate,30,"Research,Graphic Design,Empathy,Sewing,Cooking",4,9,4,4,7,7,5,Dentist
user_3365,Cars,Video Gaming,Associate's,43,"Critical Thinking,Empathy,First Aid",6,6,7,9,2,7,1,Registered Nurse
user_3366,Collecting,Swimming,Bachelor's,19,"Writing,UI/UX Design",9,3,10,7,2,5,8,Pilot
user_3367,History,Bird Watching,Doctorate,63,"Weightlifting,Writing,Photography",1,2,10,10,7,10,10,Farm Worker
user_3368,Technology,Skiing,Bachelor's,38,"Photography,Research,Singing,Foreign Languages",9,5,5,4,9,1,7,Plumber
user_3369,Technology,Baking,Doctorate,47,"Singing,Conflict Resolution,Graphic Design",6,7,8,10,10,8,3,Construction Worker
user_3370,Languages,Skiing,Vocational,28,"Conflict Resolution,Video Editing,Photography,AI Prompt Engineering,Weightlifting",2,7,10,5,10,8,4,Civil Engineer
user_3371,Magic,Swimming,Associate's,49,"Singing,Research",2,8,6,4,5,1,10,Sales Representative
user_3372,Reading,Reading,Doctorate,50,"Data Analysis,Programming,Critical Thinking",3,2,1,10,2,7,3,Data Scientist
user_3373,Environment,Video Gaming,Master's,62,"Photography,Carpentry,Research",3,7,4,8,4,2,10,Environmental Scientist
user_3374,Writing,Board Games,Vocational,20,"Foreign Languages,Writing",9,10,8,3,7,8,2,Social Worker
user_3375,Meditation,Reading,Doctorate,45,"Programming,Data Analysis,Critical Thinking",5,7,1,8,2,6,1,Data Scientist
user_3376,Travel,Gardening,High School,34,"Negotiation,Writing,Cybersecurity,Financial Literacy",9,7,9,6,10,3,3,Statistician
user_3377,Astronomy,Skiing,Bachelor's,37,"Critical Thinking,First Aid",3,1,2,9,1,4,5,Statistician
user_3378,Astronomy,Reading,Associate's,64,"Foreign Languages,Leadership,Writing,Financial Literacy,Research",1,9,2,8,10,7,3,UX Designer
user_3379,Psychology,Volunteering,Associate's,45,"First Aid,Empathy,Critical Thinking",7,7,6,9,2,4,7,Registered Nurse
user_3380,Writing,Writing,High School,26,"Digital Marketing,Conflict Resolution",1,6,1,10,7,4,10,Plumber
user_3381,Writing,Scuba Diving,Associate's,43,"Sewing,Driving",9,3,5,8,5,1,8,Architect
user_3382,Fashion,Singing,Associate's,42,"Conflict Resolution,Video Editing,Graphic Design,Robotics,AI Prompt Engineering",7,3,2,4,3,4,10,Dentist
user_3383,Entrepreneurship,Photography,High School,30,"Research,Data Analysis,Video Editing",6,9,1,9,8,3,7,Actor
user_3384,Volunteering,Running,Vocational,61,"AI Prompt Engineering,Programming",5,6,9,2,7,8,3,Plumber
user_3385,Art,Photography,Master's,41,"Sewing,Negotiation",3,8,4,2,2,9,8,Environmental Scientist
user_3386,Entrepreneurship,Crafts,Vocational,55,"Public Speaking,Leadership,Empathy",10,6,10,10,3,3,3,Elementary Teacher
user_3387,DIY,Knitting,Bachelor's,23,"Time Management,Financial Literacy,Carpentry,Cybersecurity",3,3,1,10,8,7,5,HR Manager
user_3388,Languages,Origami,Associate's,62,"Critical Thinking,Digital Marketing",3,2,2,8,3,5,6,Construction Worker
user_3389,Cars,Gardening,Master's,44,"Research,Electrical Repair",9,1,9,8,2,4,6,Social Worker
user_3390,Chess,Gardening,Doctorate,40,"Public Speaking,Empathy,Digital Marketing,Foreign Languages,Negotiation",10,6,10,3,6,8,1,Civil Engineer
user_3391,Sports,Scuba Diving,Bachelor's,65,"Weightlifting,Robotics",2,8,3,2,4,8,1,HR Manager
user_3392,Psychology,Bird Watching,Vocational,49,"Project Management,Empathy",5,2,1,3,7,3,2,UX Designer
user_3393,Entrepreneurship,Scuba Diving,High School,40,"Data Analysis,Critical Thinking",2,6,4,2,2,9,10,Software Engineer
user_3394,Fashion,Painting,Master's,52,"Robotics,Carpentry,Leadership,Electrical Repair,UI/UX Design",8,2,4,1,5,3,4,Sales Representative
user_3395,Gaming,Reading,Master's,31,"Data Analysis,Critical Thinking",8,1,10,8,9,6,3,Software Engineer
user_3396,Collecting,Yoga,High School,32,"Conflict Resolution,Cybersecurity",8,5,5,9,6,2,10,Psychologist
user_3397,Art,Cooking,Associate's,63,"Research,Cooking,UI/UX Design,Graphic Design",1,9,9,10,3,2,8,Marketing Manager
user_3398,Writing,Fishing,Master's,58,"Critical Thinking,Driving,Robotics,Video Editing,Cybersecurity",1,9,8,3,6,5,8,Electrician
user_3399,Fashion,Astronomy,Bachelor's,52,"Negotiation,Photography,Project Management",5,8,9,2,2,1,2,Mechanic
user_3400,Environment,Yoga,Bachelor's,55,"Graphic Design,Foreign Languages,Singing",2,6,2,7,5,10,2,Marketing Manager
user_3401,Volunteering,Meditation,Bachelor's,23,"Leadership,Empathy,Public Speaking",10,1,2,8,5,9,5,Elementary Teacher
user_3402,Travel,Gardening,Bachelor's,63,"Robotics,Writing,UI/UX Design,Photography",10,1,9,8,6,4,6,Biomedical Engineer
user_3403,Film,Collecting Stamps,Doctorate,41,"Digital Marketing,Photography",4,2,7,10,6,5,4,Psychologist
user_3404,Technology,Cycling,Bachelor's,57,"Singing,Leadership,Research,Photography,Driving",8,8,8,3,1,5,4,Construction Worker
user_3405,Fashion,Rock Climbing,High School,65,"Empathy,AI Prompt Engineering,Foreign Languages,Cooking,Critical Thinking",6,6,4,10,3,9,5,Civil Engineer
user_3406,DIY,Dancing,Doctorate,35,"Programming,Foreign Languages,Video Editing,Leadership",10,10,5,3,6,4,3,Chef
user_3407,Cars,Reading,Bachelor's,42,"Data Analysis,Programming",1,3,1,1,6,7,6,Software Engineer
user_3408,Art,Photography,Master's,45,"Time Management,Data Analysis",4,7,5,1,7,10,6,Mechanic
user_3409,Cars,Bird Watching,Bachelor's,33,"Public Speaking,Digital Marketing,Research,Data Analysis",9,9,5,10,8,5,2,Chef
user_3410,Collecting,Traveling,Vocational,32,"Foreign Languages,Robotics,Conflict Resolution,Weightlifting,Driving",1,3,4,6,3,2,8,Lawyer
user_3411,Writing,Playing Guitar,High School,62,"Graphic Design,Programming,Project Management,Electrical Repair",2,10,1,6,9,2,5,Sales Representative
user_3412,Chess,Hiking,High School,55,"Electrical Repair,Time Management,Empathy,UI/UX Design",8,7,9,9,6,5,4,Electrician
user_3413,Sports,Knitting,Vocational,48,"Digital Marketing,UI/UX Design,Programming",1,4,1,5,8,2,7,Psychologist
user_3414,Cars,Singing,High School,25,"Financial Literacy,Leadership,Research",2,10,5,1,1,2,2,Mechanic
user_3415,Animals,Reading,Associate's,48,"Leadership,Public Speaking,Empathy",1,8,1,5,4,8,4,Elementary Teacher
user_3416,Gardening,Dancing,Doctorate,34,"Empathy,Carpentry,Project Management,Driving,Singing",5,8,7,7,1,1,10,Plumber
user_3417,Dancing,Collecting Stamps,Vocational,41,"Negotiation,Data Analysis",5,2,9,6,10,5,1,AI Engineer
user_3418,Gaming,Chess,Master's,34,"Data Analysis,Critical Thinking,Programming",6,6,7,2,3,4,5,Software Engineer
user_3419,Technology,Chess,Bachelor's,27,"Data Analysis,Critical Thinking,Programming",1,2,3,2,8,3,3,Software Engineer
user_3420,Technology,Rock Climbing,Master's,36,"Data Analysis,Critical Thinking,Programming",5,2,4,8,3,4,1,Software Engineer
user_3421,Writing,Pottery,Bachelor's,47,"Time Management,Writing,Leadership,UI/UX Design",10,6,4,6,3,6,9,Mechanic
user_3422,Reading,Reading,Bachelor's,40,"Leadership,Empathy",3,5,4,1,9,9,5,Elementary Teacher
user_3423,DIY,Painting,Associate's,65,"Time Management,Conflict Resolution",7,10,4,4,8,6,8,Chef
user_3424,Music,Rock Climbing,Bachelor's,30,"Leadership,Critical Thinking,Cooking,First Aid",6,1,6,3,10,7,6,Architect
user_3425,Art,Collecting Stamps,Master's,40,"Singing,Digital Marketing,UI/UX Design,Cooking,Public Speaking",6,2,9,4,5,5,1,Statistician
user_3426,Reading,Crafts,Vocational,34,"Leadership,Public Speaking,Empathy",9,4,5,1,3,2,2,Elementary Teacher
user_3427,Cars,Singing,Doctorate,36,"Programming,Video Editing,Negotiation,Photography,UI/UX Design",5,10,4,1,10,7,7,Journalist
user_3428,Art,Dancing,Doctorate,38,"Electrical Repair,Photography,Conflict Resolution,Empathy,Time Management",1,5,6,6,5,4,7,Plumber
user_3429,Acting,Writing,High School,63,"Singing,Data Analysis",2,1,4,9,8,8,4,HR Manager
user_3430,Meditation,Pottery,High School,54,"Singing,Sewing,UI/UX Design,Electrical Repair,Programming",7,7,7,9,9,5,4,Actor
user_3431,Photography,Origami,Master's,22,"Writing,Project Management,Research",5,10,1,2,5,1,6,Financial Analyst
user_3432,History,Pottery,Associate's,48,"Leadership,Weightlifting,Critical Thinking",4,10,6,4,8,3,6,Social Worker
user_3433,Animals,Swimming,Vocational,19,"Photography,Carpentry",4,1,3,1,2,10,3,Chef
user_3434,Technology,Fishing,Doctorate,41,"Negotiation,Public Speaking,Data Analysis,Financial Literacy",9,2,8,7,2,5,3,Social Worker
user_3435,Astronomy,Board Games,Doctorate,18,"Financial Literacy,Sewing,Cybersecurity,Graphic Design",2,1,9,1,1,3,7,Pilot
user_3436,Collecting,Pottery,Master's,40,"First Aid,Project Management,Negotiation,Writing,Cooking",4,2,8,8,10,2,1,Marketing Manager
user_3437,Photography,Origami,Vocational,49,"First Aid,Photography,Conflict Resolution",5,9,9,10,2,10,1,AI Engineer
user_3438,Languages,Photography,Vocational,46,"Video Editing,Research,Programming,Weightlifting,Project Management",6,10,6,8,9,8,5,UX Designer
user_3439,Cooking,Photography,Bachelor's,65,"Research,Writing,First Aid",3,2,10,5,1,5,8,Chef
user_3440,Writing,Skiing,Bachelor's,51,"Sewing,Time Management,Driving,Conflict Resolution",9,10,10,2,3,7,4,Lawyer
user_3441,Cars,Traveling,Associate's,18,"Digital Marketing,Conflict Resolution,Sewing,Photography,Weightlifting",1,10,9,8,1,4,9,Construction Worker
user_3442,Art,Yoga,Master's,46,"First Aid,Critical Thinking,UI/UX Design",5,7,4,5,7,5,8,Pilot
user_3443,Writing,Volunteering,Vocational,26,"Leadership,Public Speaking,Empathy",10,6,9,9,2,3,4,Elementary Teacher
user_3444,Gaming,Cooking,Vocational,27,"Negotiation,Data Analysis,Graphic Design",4,10,6,3,3,6,5,Dentist
user_3445,Entrepreneurship,Running,Doctorate,24,"Robotics,Graphic Design",4,3,5,8,1,8,4,Pilot
user_3446,Fashion,Dancing,Bachelor's,35,"Driving,First Aid,Robotics,Sewing",6,2,8,4,4,1,2,Electrician
user_3447,Volunteering,Photography,Associate's,65,"Foreign Languages,Video Editing",6,6,2,8,3,9,7,Farm Worker
user_3448,Collecting,Photography,Associate's,48,"Weightlifting,Carpentry,Robotics",3,10,5,6,4,2,10,Pilot
user_3449,Film,Reading,Associate's,35,"Programming,Leadership",6,4,9,1,10,5,3,Architect
user_3450,Fitness,Fitness,Associate's,43,"First Aid,Empathy,Critical Thinking",2,2,9,8,1,9,8,Registered Nurse
user_3451,Collecting,Bird Watching,High School,45,"Foreign Languages,Writing,Public Speaking,Driving",10,9,7,7,8,9,9,Lawyer
user_3452,Magic,Singing,Associate's,27,"Electrical Repair,AI Prompt Engineering,Critical Thinking,Research",1,2,6,5,2,6,1,Architect
user_3453,Gaming,Skiing,High School,23,"Driving,Research,Sewing,Conflict Resolution,Writing",9,8,4,5,9,1,9,Architect
user_3454,Fashion,Writing,High School,62,"Time Management,Cooking,Critical Thinking,Programming,Project Management",4,2,4,5,3,7,9,Construction Worker
user_3455,Animals,Volunteering,Bachelor's,28,"Leadership,Empathy,Public Speaking",2,3,3,5,1,3,4,Elementary Teacher
user_3456,Dancing,Origami,Associate's,64,"Video Editing,Robotics,Public Speaking,First Aid,Programming",10,7,3,7,3,10,3,Architect
user_3457,Music,Drawing,Associate's,25,"Creativity,Graphic Design,UI/UX Design",3,1,7,7,8,6,5,Graphic Designer
user_3458,Fashion,Fishing,Doctorate,33,"Sewing,First Aid,Negotiation,Research,Robotics",1,9,9,4,1,7,9,Electrician
user_3459,Animals,Scuba Diving,Bachelor's,49,"Time Management,Critical Thinking,Project Management",8,10,2,10,2,7,4,Marketing Manager
user_3460,Music,Cooking,Doctorate,64,"Photography,Time Management,Electrical Repair",10,8,1,9,8,8,1,Civil Engineer
user_3461,Writing,Gardening,Vocational,57,"Research,Project Management,Data Analysis",1,4,7,8,5,1,1,Electrician
user_3462,Animals,Pottery,Vocational,24,"Singing,Public Speaking",4,5,4,1,8,2,5,Actor
user_3463,Entrepreneurship,Bird Watching,Master's,38,"Data Analysis,Programming,Critical Thinking",5,9,9,5,7,8,5,Software Engineer
user_3464,Cooking,Singing,Associate's,18,"Foreign Languages,First Aid,Electrical Repair,Graphic Design",8,5,3,7,6,9,9,Marketing Manager
user_3465,Music,Photography,High School,45,"Research,Data Analysis",3,5,2,9,2,2,7,Construction Worker
user_3466,Entrepreneurship,Collecting Stamps,Doctorate,64,"Foreign Languages,Empathy,Carpentry",2,7,9,5,8,3,1,Cybersecurity Specialist
user_3467,Art,Traveling,Master's,26,"First Aid,Photography,Carpentry,Time Management",6,5,1,6,7,9,7,Actor
user_3468,Sports,Astronomy,Bachelor's,26,"Driving,Photography,Graphic Design,Leadership,Conflict Resolution",9,10,8,1,7,1,5,Environmental Scientist
user_3469,Fitness,Baking,Associate's,48,"Time Management,AI Prompt Engineering",2,7,8,4,5,3,2,UX Designer
user_3470,Gaming,Board Games,High School,32,"Driving,Video Editing,Robotics,Critical Thinking,AI Prompt Engineering",3,10,1,8,1,4,9,Journalist
user_3471,Sports,Painting,Associate's,49,"Foreign Languages,Driving",5,10,3,3,3,6,8,Mechanic
user_3472,Psychology,Meditation,Associate's,28,"Data Analysis,First Aid,Digital Marketing,Financial Literacy",5,6,7,5,7,7,4,Statistician
user_3473,Magic,Gardening,Bachelor's,31,"Negotiation,UI/UX Design,Writing",6,10,10,8,10,5,10,Mechanic
user_3474,Film,Swimming,Bachelor's,42,"UI/UX Design,Electrical Repair,Research,First Aid,Time Management",2,4,5,9,2,7,10,AI Engineer
user_3475,Animals,Dancing,Vocational,40,"Empathy,Public Speaking,Leadership",5,7,2,1,1,5,10,Elementary Teacher
user_3476,Volunteering,Cycling,Master's,53,"Foreign Languages,Negotiation,Graphic Design",5,7,10,1,6,10,2,Cybersecurity Specialist
user_3477,Animals,Board Games,High School,20,"Electrical Repair,Singing,Photography,Sewing",5,2,1,9,1,8,6,Farm Worker
user_3478,Technology,Cycling,Vocational,45,"Public Speaking,Project Management,Empathy,Cybersecurity",10,5,3,3,1,9,6,Statistician
user_3479,Gardening,Traveling,Master's,40,"Time Management,Sewing,Carpentry,UI/UX Design",5,2,10,8,2,7,7,Construction Worker
user_3480,Astronomy,Reading,High School,45,"Data Analysis,Programming",4,9,4,7,2,5,5,Data Scientist
user_3481,Writing,Yoga,Master's,25,"Data Analysis,Conflict Resolution",5,7,9,8,3,7,2,Psychologist
user_3482,Travel,Running,Associate's,40,"Conflict Resolution,Photography",6,6,10,10,7,8,4,Construction Worker
user_3483,Chess,Rock Climbing,Vocational,37,"First Aid,Cybersecurity,Driving",7,7,7,3,10,2,4,Mechanic
user_3484,Sports,Reading,Bachelor's,18,"Robotics,Critical Thinking",7,2,3,1,6,9,5,Plumber
user_3485,Travel,Swimming,High School,19,"Critical Thinking,Leadership,Data Analysis,UI/UX Design,Photography",4,6,4,4,4,7,10,Biomedical Engineer
user_3486,Music,Video Gaming,Doctorate,40,"Negotiation,Singing,Project Management,Cooking,First Aid",9,4,9,7,9,7,2,Dentist
user_3487,Gardening,Reading,Bachelor's,31,"Cybersecurity,Empathy",10,1,8,3,10,5,9,UX Designer
user_3488,Dancing,Traveling,Vocational,56,"Empathy,Carpentry,Cybersecurity,Leadership,Video Editing",4,4,9,10,8,6,5,Financial Analyst
user_3489,Collecting,Scuba Diving,Associate's,56,"Weightlifting,AI Prompt Engineering,Digital Marketing",10,5,3,8,3,9,3,Financial Analyst
user_3490,Languages,Knitting,High School,36,"Carpentry,Singing",8,5,5,8,8,1,7,Environmental Scientist
user_3491,Magic,Cooking,Master's,55,"First Aid,Conflict Resolution,Empathy",5,3,4,6,1,7,9,Social Worker
user_3492,Meditation,Singing,Master's,42,"Video Editing,Cybersecurity",3,7,4,9,3,4,10,Dentist
user_3493,Film,Bird Watching,Associate's,40,"Research,Negotiation,Foreign Languages,Cybersecurity",1,4,2,9,7,9,7,Dentist
user_3494,Volunteering,Cycling,Doctorate,29,"Critical Thinking,Cooking,UI/UX Design,Leadership,Robotics",3,8,8,2,10,6,10,UX Designer
user_3495,Fitness,Yoga,Doctorate,46,"Carpentry,Time Management,Data Analysis,Singing,Leadership",5,5,1,2,5,8,1,AI Engineer
user_3496,Cars,Painting,Associate's,50,"Driving,Leadership,First Aid",5,3,8,2,9,1,5,Pilot
user_3497,Technology,Cycling,Vocational,24,"Weightlifting,Critical Thinking,Sewing,UI/UX Design,Financial Literacy",5,8,6,7,4,7,6,Sales Representative
user_3498,Volunteering,Volunteering,Bachelor's,45,"Critical Thinking,Empathy",2,3,1,4,6,9,2,Registered Nurse
user_3499,Collecting,Origami,Doctorate,45,"Cybersecurity,First Aid,Negotiation",3,5,1,6,6,9,10,Actor
user_3500,History,Pottery,Master's,38,"Carpentry,Conflict Resolution,AI Prompt Engineering,Project Management",10,8,8,1,3,6,10,Dentist
user_3501,Cooking,Singing,High School,38,"Empathy,Leadership,Weightlifting,Electrical Repair",3,10,2,3,10,9,10,Civil Engineer
user_3502,Gaming,Video Gaming,High School,42,"Critical Thinking,Programming",10,6,6,8,7,4,3,Software Engineer
user_3503,Technology,Scuba Diving,Bachelor's,58,"First Aid,Research,Singing,Empathy,Video Editing",4,8,5,8,1,4,1,Statistician
user_3504,Entrepreneurship,Skiing,Master's,47,"Driving,Electrical Repair",6,9,5,1,6,4,2,Civil Engineer
user_3505,Fashion,Drawing,Vocational,34,"Creativity,Graphic Design,UI/UX Design",4,5,2,1,6,9,9,Graphic Designer
user_3506,Writing,Meditation,Master's,35,"First Aid,Cooking,Programming,Conflict Resolution,AI Prompt Engineering",8,1,7,5,5,1,8,Pilot
user_3507,Volunteering,Reading,Master's,23,"Empathy,Public Speaking",1,2,6,9,2,2,4,Elementary Teacher
user_3508,Entrepreneurship,Board Games,Master's,35,"Data Analysis,Critical Thinking",5,6,1,9,10,7,1,Data Scientist
user_3509,Entrepreneurship,Chess,Master's,23,"Data Analysis,Programming,Critical Thinking",5,1,6,2,2,9,4,Software Engineer
user_3510,Volunteering,Traveling,Bachelor's,42,"Empathy,Critical Thinking",4,3,5,7,2,6,6,Registered Nurse
user_3511,Gaming,Reading,Doctorate,41,"Data Analysis,Programming,Critical Thinking",9,4,6,3,8,4,9,Data Scientist
user_3512,Gaming,Reading,Bachelor's,38,"Critical Thinking,Data Analysis,Programming",10,4,2,10,6,8,10,Software Engineer
user_3513,DIY,Chess,Associate's,59,"AI Prompt Engineering,Photography,Programming,Electrical Repair",9,5,6,8,9,5,5,Biomedical Engineer
user_3514,Volunteering,Volunteering,Bachelor's,31,"Empathy,Public Speaking,Leadership",2,9,4,8,7,10,2,Elementary Teacher
user_3515,Cars,Board Games,Vocational,48,"Data Analysis,Public Speaking",5,8,1,9,5,5,5,HR Manager
user_3516,Writing,Singing,Doctorate,22,"Graphic Design,Weightlifting,Programming,Time Management",5,6,3,7,6,9,3,Civil Engineer
user_3517,Art,Painting,Bachelor's,40,"Creativity,Graphic Design,UI/UX Design",4,8,8,3,3,3,9,Graphic Designer
user_3518,Photography,Dancing,Associate's,52,"Empathy,Public Speaking",8,4,3,8,7,2,10,Sales Representative
user_3519,Languages,Singing,Vocational,49,"Critical Thinking,Programming,Data Analysis",4,6,9,6,2,6,2,Data Scientist
user_3520,Meditation,Swimming,Bachelor's,26,"Time Management,Electrical Repair,Sewing",10,9,9,2,2,9,9,UX Designer
user_3521,Environment,Meditation,Associate's,38,"Sewing,Public Speaking,First Aid,Project Management,Negotiation",4,8,8,7,10,7,8,Dentist
user_3522,Gaming,Video Gaming,Master's,28,"Programming,Data Analysis,Critical Thinking",6,8,2,3,2,7,7,Software Engineer
user_3523,Sports,Cooking,Master's,54,"Financial Literacy,Research",5,3,7,9,6,5,5,Electrician
user_3524,Volunteering,Collecting Stamps,Master's,33,"Graphic Design,AI Prompt Engineering,Driving",4,4,1,5,5,3,2,UX Designer
user_3525,Sports,Rock Climbing,Associate's,65,"Critical Thinking,Foreign Languages",3,5,1,5,5,2,7,Lawyer
user_3526,Photography,Meditation,Bachelor's,39,"Empathy,First Aid",1,7,7,1,6,9,1,Registered Nurse
user_3527,Animals,Cycling,Doctorate,49,"Leadership,Weightlifting",9,9,1,8,3,5,3,Dentist
user_3528,Fashion,Painting,Vocational,42,"Sewing,UI/UX Design,Video Editing,Electrical Repair,Digital Marketing",5,10,6,9,7,1,2,Plumber
user_3529,Sports,Meditation,High School,63,"Cybersecurity,Video Editing,Negotiation,Graphic Design",7,8,10,3,2,3,8,Environmental Scientist
user_3530,Volunteering,Meditation,Bachelor's,52,"Public Speaking,Leadership",7,5,9,6,5,8,2,Elementary Teacher
user_3531,Reading,Hiking,Associate's,53,"Digital Marketing,Programming",1,5,4,7,3,6,7,HR Manager
user_3532,Gaming,Astronomy,High School,52,"Cybersecurity,Video Editing,Carpentry,UI/UX Design,Critical Thinking",1,5,7,7,2,1,2,Psychologist
user_3533,Entrepreneurship,Photography,Master's,57,"Cybersecurity,Project Management,Time Management",9,7,6,4,7,7,2,Actor
user_3534,Gaming,Dancing,High School,32,"Critical Thinking,Sewing,Cybersecurity,Photography,Video Editing",2,3,6,2,5,3,7,Pilot
user_3535,Meditation,Scuba Diving,Vocational,22,"Graphic Design,Research,Financial Literacy",10,4,4,9,8,4,1,Psychologist
user_3536,History,Astronomy,Doctorate,40,"Digital Marketing,Electrical Repair,Empathy,Negotiation,Foreign Languages",5,2,1,9,10,5,6,Farm Worker
user_3537,Music,Hiking,Bachelor's,42,"Time Management,Critical Thinking,Cybersecurity,Graphic Design",4,4,1,10,9,5,6,Mechanic
user_3538,Sports,Astronomy,Vocational,28,"Conflict Resolution,UI/UX Design,Graphic Design,First Aid",2,4,7,4,3,6,6,HR Manager
user_3539,Technology,Reading,Bachelor's,24,"Data Analysis,Programming",8,3,4,7,8,10,1,Software Engineer
user_3540,Technology,Meditation,Master's,41,"Critical Thinking,Data Analysis",9,8,10,10,4,4,4,Data Scientist
user_3541,Cars,Collecting Stamps,Master's,45,"Carpentry,Programming",9,3,9,10,7,9,2,Journalist
user_3542,Cooking,Running,Vocational,41,"Negotiation,Singing",9,8,8,10,7,9,1,Lawyer
user_3543,Fitness,Swimming,Associate's,35,"UI/UX Design,Photography,Financial Literacy",6,10,9,7,5,9,5,Marketing Manager
user_3544,Animals,Painting,Bachelor's,38,"First Aid,Empathy,Critical Thinking",5,8,7,9,10,9,4,Registered Nurse
user_3545,Environment,Pottery,Bachelor's,44,"First Aid,Public Speaking",4,5,9,5,6,5,6,Construction Worker
user_3546,Travel,Chess,Associate's,61,"Public Speaking,Leadership,Driving,Graphic Design,UI/UX Design",8,6,10,7,7,2,5,Financial Analyst
user_3547,Fitness,Fitness,High School,25,"Empathy,Critical Thinking,First Aid",2,5,1,3,3,4,6,Registered Nurse
user_3548,Technology,Cooking,Vocational,55,"Programming,AI Prompt Engineering,Driving,Critical Thinking",5,4,7,1,5,9,9,Plumber
user_3549,Gardening,Video Gaming,Doctorate,38,"Video Editing,Leadership,Project Management,Foreign Languages,Financial Literacy",4,7,10,1,1,9,10,Chef
user_3550,Collecting,Board Games,High School,47,"First Aid,Foreign Languages,Electrical Repair,Research,Photography",4,5,1,10,8,1,6,HR Manager
user_3551,Environment,Yoga,Vocational,65,"Sewing,Writing",3,8,5,10,7,4,2,Cybersecurity Specialist
user_3552,Chess,Cycling,Doctorate,21,"Cooking,Empathy",9,6,3,7,4,3,4,AI Engineer
user_3553,Psychology,Running,Associate's,44,"Public Speaking,Negotiation,Robotics",5,3,1,2,2,9,7,Social Worker
user_3554,Fitness,Gardening,High School,50,"Critical Thinking,Time Management",8,8,5,2,9,2,9,Mechanic
user_3555,Sports,Pottery,Vocational,65,"Electrical Repair,Foreign Languages,Cybersecurity",4,5,4,10,5,7,4,Sales Representative
user_3556,Travel,Fishing,Associate's,48,"Robotics,Electrical Repair,Critical Thinking",6,8,2,5,8,3,8,Environmental Scientist
user_3557,Technology,Swimming,Bachelor's,43,"Data Analysis,Programming",6,6,5,3,4,8,4,Software Engineer
user_3558,Meditation,Scuba Diving,Associate's,52,"Graphic Design,Photography,Video Editing,First Aid,Project Management",4,6,10,1,7,4,3,Marketing Manager
user_3559,Art,Singing,High School,36,"Graphic Design,Research,Programming",10,10,8,10,9,9,6,Chef
user_3560,Film,Knitting,Doctorate,46,"Robotics,Time Management,Empathy",3,8,9,4,7,1,8,UX Designer
user_3561,Cars,Cooking,High School,49,"Cybersecurity,Digital Marketing,Leadership",2,1,2,4,7,3,5,Biomedical Engineer
user_3562,Psychology,Knitting,Associate's,43,"Critical Thinking,Conflict Resolution,First Aid,UI/UX Design,Cooking",7,4,3,3,6,1,6,HR Manager
user_3563,Gaming,Singing,High School,41,"First Aid,Writing,Critical Thinking,Carpentry",1,1,3,9,10,3,4,Plumber
user_3564,Film,Pottery,Doctorate,50,"Research,Data Analysis",4,8,3,5,10,3,9,Financial Analyst
user_3565,Astronomy,Playing Guitar,Master's,61,"Digital Marketing,Financial Literacy,Electrical Repair,Cooking",2,3,3,1,8,3,2,Psychologist
user_3566,Art,Skiing,Vocational,40,"Graphic Design,UI/UX Design,Creativity",8,9,1,1,7,9,5,Graphic Designer
user_3567,Collecting,Dancing,Associate's,41,"Electrical Repair,Financial Literacy",10,4,3,1,1,9,3,Architect
user_3568,Entrepreneurship,Singing,High School,18,"Cooking,Driving,Research,Writing",1,5,2,10,4,7,5,Journalist
user_3569,Acting,Cooking,Vocational,36,"Digital Marketing,Driving",3,10,6,1,2,1,3,Social Worker
user_3570,Cars,Writing,Vocational,63,"UI/UX Design,Weightlifting,Robotics,Leadership",2,5,3,8,4,6,1,Sales Representative
user_3571,Writing,Gardening,Doctorate,23,"Digital Marketing,Driving,Project Management,Graphic Design",1,6,10,8,9,5,3,Plumber
user_3572,Fitness,Scuba Diving,Doctorate,25,"AI Prompt Engineering,Research,Singing,Conflict Resolution,Graphic Design",8,7,4,1,2,10,2,Journalist
user_3573,Fitness,Traveling,Associate's,55,"Empathy,Critical Thinking",5,6,7,3,1,1,10,Registered Nurse
user_3574,Cars,Scuba Diving,Doctorate,54,"AI Prompt Engineering,Electrical Repair,Project Management",6,3,1,6,7,6,7,Civil Engineer
user_3575,Meditation,Astronomy,Master's,37,"Cybersecurity,Programming,Data Analysis,Digital Marketing",1,6,10,8,3,6,4,Farm Worker
user_3576,Travel,Reading,Bachelor's,53,"Conflict Resolution,Singing,Leadership,Writing,Robotics",7,2,10,3,1,3,3,Dentist
user_3577,Environment,Photography,Bachelor's,42,"Cooking,Driving,Public Speaking,Data Analysis",6,7,3,3,6,9,5,AI Engineer
user_3578,Meditation,Skiing,Doctorate,57,"Cybersecurity,Electrical Repair,Singing",2,5,8,1,6,7,5,Psychologist
user_3579,Fashion,Singing,Associate's,31,"Graphic Design,Creativity",4,1,10,3,7,10,8,Graphic Designer
user_3580,Environment,Gardening,Master's,39,"Public Speaking,Financial Literacy,Negotiation",7,5,6,10,9,1,4,UX Designer
user_3581,DIY,Collecting Stamps,Associate's,23,"Empathy,First Aid,Cybersecurity,Digital Marketing,Sewing",10,6,1,5,5,5,10,Construction Worker
user_3582,History,Photography,Vocational,51,"Graphic Design,Robotics,Data Analysis",8,10,5,10,5,5,3,Marketing Manager
user_3583,Volunteering,Origami,Bachelor's,36,"Electrical Repair,UI/UX Design,Weightlifting",10,7,4,1,5,10,6,Dentist
user_3584,Fitness,Photography,Bachelor's,30,"Leadership,Driving,UI/UX Design",2,1,6,10,3,6,2,HR Manager
user_3585,Dancing,Photography,Bachelor's,31,"Creativity,Graphic Design,UI/UX Design",4,1,1,5,4,4,6,Graphic Designer
user_3586,Film,Origami,Doctorate,41,"Cybersecurity,Video Editing,Time Management,Critical Thinking",2,5,7,8,4,6,10,Farm Worker
user_3587,Astronomy,Rock Climbing,Bachelor's,34,"Driving,Video Editing",2,7,6,7,7,6,8,Environmental Scientist
user_3588,Gardening,Pottery,Bachelor's,25,"Data Analysis,Graphic Design,Public Speaking,Foreign Languages,Time Management",7,8,10,7,10,4,10,Construction Worker
user_3589,Travel,Swimming,Master's,29,"Graphic Design,Negotiation,Foreign Languages,Carpentry",9,4,8,10,5,8,8,Chef
user_3590,Art,Cycling,High School,48,"Writing,Video Editing,Sewing,Driving,Public Speaking",6,4,5,6,1,4,6,Mechanic
user_3591,Magic,Skiing,High School,58,"Data Analysis,Leadership,Conflict Resolution,Critical Thinking,Video Editing",5,9,8,7,1,9,6,Journalist
user_3592,Chess,Hiking,Doctorate,28,"Project Management,Singing,Sewing,Foreign Languages",7,3,3,8,2,10,3,Statistician
user_3593,Fashion,Playing Guitar,Master's,21,"UI/UX Design,Driving,Sewing,Robotics,Public Speaking",8,3,8,8,3,4,7,Lawyer
user_3594,Technology,Scuba Diving,Doctorate,48,"Foreign Languages,First Aid",1,3,3,7,2,3,4,Lawyer
user_3595,Sports,Collecting Stamps,High School,47,"First Aid,Singing,Cybersecurity,UI/UX Design,Carpentry",7,2,5,9,2,1,10,HR Manager
user_3596,Volunteering,Skiing,High School,49,"Digital Marketing,Financial Literacy",4,2,6,7,7,8,1,Financial Analyst
user_3597,Gaming,Hiking,Master's,61,"Public Speaking,Video Editing,Time Management,Cybersecurity,Carpentry",5,10,9,10,6,7,10,Biomedical Engineer
user_3598,Collecting,Dancing,Master's,42,"Singing,Cybersecurity,Financial Literacy",1,5,1,5,5,2,7,Farm Worker
user_3599,Gardening,Yoga,Master's,40,"Time Management,UI/UX Design,Foreign Languages",2,1,5,9,1,9,9,Financial Analyst
user_3600,Volunteering,Scuba Diving,Associate's,64,"Carpentry,Critical Thinking",10,4,9,8,2,4,9,Construction Worker
user_3601,Fitness,Board Games,Associate's,61,"Cooking,Research,UI/UX Design,Singing",10,1,6,8,4,1,2,Dentist
user_3602,Technology,Astronomy,Doctorate,46,"Robotics,Critical Thinking,Negotiation",7,7,4,7,4,1,6,HR Manager
user_3603,Animals,Swimming,Vocational,23,"Digital Marketing,Photography,Sewing,UI/UX Design,Conflict Resolution",9,6,7,9,4,7,10,Biomedical Engineer
user_3604,Psychology,Playing Guitar,Associate's,31,"Conflict Resolution,Foreign Languages",3,10,3,4,6,7,3,Cybersecurity Specialist
user_3605,Technology,Fishing,Master's,50,"Data Analysis,Programming",1,7,9,3,9,10,8,Data Scientist
user_3606,Fitness,Astronomy,Doctorate,38,"Weightlifting,Data Analysis,Driving",1,8,7,10,1,8,1,AI Engineer
user_3607,Fitness,Chess,Vocational,59,"Research,Time Management,Sewing,Digital Marketing",5,6,8,2,7,2,6,Farm Worker
user_3608,Entrepreneurship,Playing Guitar,Bachelor's,24,"Programming,Data Analysis",4,7,8,3,7,9,5,Software Engineer
user_3609,Music,Baking,Vocational,24,"Empathy,Critical Thinking,First Aid",5,3,5,9,6,2,2,Registered Nurse
user_3610,Writing,Origami,Associate's,33,"Writing,Singing,Negotiation,Leadership,Electrical Repair",4,4,5,7,7,8,7,Cybersecurity Specialist
user_3611,Astronomy,Hiking,Bachelor's,18,"Weightlifting,Leadership,Electrical Repair",8,5,7,5,4,9,6,Mechanic
user_3612,Sports,Origami,Doctorate,39,"First Aid,Carpentry,Singing,Digital Marketing",6,9,9,8,5,3,2,Chef
user_3613,Fitness,Writing,Bachelor's,55,"Empathy,Leadership,Time Management,Digital Marketing",1,2,9,7,1,9,1,Environmental Scientist
user_3614,Technology,Board Games,Bachelor's,46,"Research,Programming,Conflict Resolution,Sewing,Cybersecurity",5,3,8,1,10,9,4,Plumber
user_3615,Travel,Writing,Vocational,50,"UI/UX Design,Empathy",6,4,7,4,5,8,2,Journalist
user_3616,Fitness,Reading,Vocational,32,"First Aid,Empathy,Critical Thinking",10,2,5,9,1,9,8,Registered Nurse
user_3617,Dancing,Board Games,Doctorate,20,"Leadership,Weightlifting,Writing,Video Editing",9,7,10,5,7,2,9,Financial Analyst
user_3618,Animals,Volunteering,Bachelor's,23,"Empathy,Leadership,Public Speaking",3,7,3,5,7,4,1,Elementary Teacher
user_3619,Astronomy,Running,Bachelor's,44,"Electrical Repair,Weightlifting,Photography,Foreign Languages,Robotics",1,4,3,2,2,3,5,Psychologist
user_3620,Animals,Pottery,Associate's,34,"Singing,Driving",6,2,10,10,7,9,4,Biomedical Engineer
user_3621,Acting,Traveling,Vocational,49,"Programming,Negotiation",10,7,1,3,4,4,10,Social Worker
user_3622,Cooking,Painting,Associate's,30,"UI/UX Design,Cooking,Singing,Empathy,Cybersecurity",2,2,7,3,6,10,7,Actor
user_3623,Film,Traveling,Bachelor's,46,"Robotics,Data Analysis,Video Editing,Photography,Cybersecurity",6,10,4,9,1,10,7,Marketing Manager
user_3624,Animals,Photography,Master's,28,"Driving,Cybersecurity,First Aid",5,1,3,7,1,9,4,Mechanic
user_3625,Cars,Yoga,High School,50,"Sewing,UI/UX Design,Singing,Critical Thinking",3,1,5,10,6,5,10,Construction Worker
user_3626,Gardening,Playing Guitar,Master's,44,"Singing,Leadership,Graphic Design,Critical Thinking,Cooking",4,10,3,5,2,4,4,Farm Worker
user_3627,Dancing,Collecting Stamps,Doctorate,37,"Critical Thinking,Singing,Time Management,Public Speaking",3,1,9,5,3,8,4,Social Worker
user_3628,Astronomy,Writing,Master's,45,"Cybersecurity,First Aid,Leadership,Robotics",3,10,7,2,3,1,6,Psychologist
user_3629,Animals,Reading,High School,30,"Critical Thinking,First Aid",3,5,5,4,8,7,3,Registered Nurse
user_3630,Magic,Swimming,Doctorate,58,"Research,Writing,Public Speaking,UI/UX Design,Photography",8,1,8,1,2,1,10,Construction Worker
user_3631,Acting,Fishing,Doctorate,46,"Cybersecurity,Photography,Electrical Repair,Graphic Design",2,8,2,9,6,7,10,Mechanic
user_3632,Languages,Fishing,Master's,23,"Singing,Time Management,Research,Data Analysis",9,7,3,4,10,4,8,Pilot
user_3633,Astronomy,Photography,Associate's,43,"Sewing,Data Analysis,Programming",1,1,5,8,2,10,5,Construction Worker
user_3634,Volunteering,Volunteering,Associate's,26,"Critical Thinking,Empathy,First Aid",1,3,8,5,3,4,8,Registered Nurse
user_3635,Collecting,Origami,Associate's,48,"Graphic Design,Project Management",7,1,6,7,3,10,3,Mechanic
user_3636,Volunteering,Rock Climbing,Doctorate,54,"Critical Thinking,Empathy,First Aid",3,10,9,7,3,9,2,Registered Nurse
user_3637,Volunteering,Running,Associate's,30,"Time Management,Graphic Design,Photography,Empathy",6,9,3,7,4,8,5,HR Manager
user_3638,History,Origami,High School,56,"Singing,Data Analysis,Empathy,Photography,Time Management",2,8,3,4,3,9,9,Dentist
user_3639,Entrepreneurship,Chess,Doctorate,49,"Data Analysis,Programming,Critical Thinking",8,6,6,4,3,5,2,Data Scientist
user_3640,Cars,Yoga,Master's,57,"First Aid,Driving",2,1,8,2,8,9,8,Mechanic
user_3641,Music,Reading,Associate's,38,"Cooking,Writing,AI Prompt Engineering,Critical Thinking",3,8,6,4,8,4,8,UX Designer
user_3642,Sports,Yoga,Associate's,54,"Empathy,Data Analysis,Carpentry,UI/UX Design,Video Editing",10,6,2,5,4,7,10,Civil Engineer
user_3643,Languages,Pottery,Associate's,33,"Empathy,UI/UX Design,Public Speaking,Project Management",10,8,1,9,10,6,4,HR Manager
user_3644,Collecting,Board Games,Doctorate,41,"Programming,Data Analysis",8,7,10,3,5,7,2,Data Scientist
user_3645,Music,Yoga,Doctorate,37,"AI Prompt Engineering,Critical Thinking,Programming,Cooking,Public Speaking",6,2,6,10,5,10,1,UX Designer
user_3646,Technology,Dancing,Master's,25,"Programming,Critical Thinking,Data Analysis",8,3,9,2,8,8,5,Software Engineer
user_3647,Fashion,Dancing,Doctorate,31,"Research,Driving",2,6,5,6,2,7,5,Sales Representative
user_3648,Entrepreneurship,Rock Climbing,Bachelor's,18,"Time Management,Electrical Repair",5,2,9,9,7,9,3,Electrician
user_3649,Fashion,Singing,Vocational,58,"Public Speaking,Driving,Electrical Repair",6,6,8,9,7,2,7,Architect
user_3650,Collecting,Collecting Stamps,Vocational,28,"Programming,Foreign Languages,Critical Thinking",7,3,1,7,7,8,3,Mechanic
user_3651,Writing,Baking,High School,29,"AI Prompt Engineering,Video Editing,Photography",9,1,3,7,5,10,3,HR Manager
user_3652,Photography,Drawing,Bachelor's,34,"UI/UX Design,Graphic Design",6,8,9,4,7,4,7,Graphic Designer
user_3653,Meditation,Fishing,Vocational,45,"Public Speaking,Graphic Design",2,9,2,3,4,1,8,Civil Engineer
user_3654,Sports,Drawing,Bachelor's,31,"Graphic Design,UI/UX Design",2,1,8,5,6,3,1,Graphic Designer
user_3655,Cars,Baking,Bachelor's,25,"Leadership,Programming,Research,Negotiation",2,2,2,6,1,5,2,Biomedical Engineer
user_3656,Volunteering,Video Gaming,Associate's,21,"Video Editing,Electrical Repair,Research",1,4,10,1,10,8,4,Statistician
user_3657,Photography,Bird Watching,High School,56,"Public Speaking,First Aid",6,2,5,2,5,7,9,Biomedical Engineer
user_3658,Technology,Running,Vocational,36,"Cooking,UI/UX Design,AI Prompt Engineering",2,3,8,6,4,7,3,Sales Representative
user_3659,Photography,Writing,Vocational,64,"Writing,Cooking,Programming,Research",10,2,8,9,4,6,7,Environmental Scientist
user_3660,Gaming,Photography,High School,52,"Negotiation,Electrical Repair,Writing,Graphic Design",8,1,8,8,6,8,7,Social Worker
user_3661,Environment,Volunteering,Vocational,44,"First Aid,Critical Thinking",9,3,9,2,6,10,8,Registered Nurse
user_3662,Chess,Swimming,Master's,18,"Robotics,Leadership",6,4,5,8,6,6,1,UX Designer
user_3663,Environment,Meditation,Associate's,35,"Empathy,AI Prompt Engineering,Carpentry,Video Editing,Foreign Languages",4,10,6,2,10,9,2,Electrician
user_3664,Reading,Board Games,Master's,38,"Programming,Critical Thinking,Data Analysis",4,6,9,10,10,7,2,Data Scientist
user_3665,Meditation,Traveling,Doctorate,58,"Leadership,Electrical Repair,Graphic Design,Research,Singing",8,10,8,9,10,3,10,Electrician
user_3666,Gardening,Running,Associate's,21,"AI Prompt Engineering,Financial Literacy",1,7,3,6,1,10,5,Cybersecurity Specialist
user_3667,Animals,Reading,Vocational,41,"Empathy,Carpentry,Conflict Resolution,Leadership",9,10,8,4,8,9,5,Social Worker
user_3668,Art,Drawing,Associate's,35,"Graphic Design,UI/UX Design,Creativity",10,8,4,1,10,1,6,Graphic Designer
user_3669,Animals,Volunteering,Master's,55,"Leadership,Empathy,Public Speaking",3,4,2,4,8,5,5,Elementary Teacher
user_3670,Astronomy,Cycling,Associate's,65,"Programming,Writing",5,9,9,4,9,3,7,Cybersecurity Specialist
user_3671,Languages,Origami,High School,38,"Video Editing,UI/UX Design,Conflict Resolution",3,1,8,7,8,10,6,HR Manager
user_3672,Fashion,Painting,Associate's,19,"Foreign Languages,Conflict Resolution",10,8,4,7,6,9,8,Actor
user_3673,Chess,Crafts,Master's,54,"Public Speaking,Leadership",6,8,2,10,1,10,4,Elementary Teacher
user_3674,Writing,Pottery,Master's,33,"Robotics,Video Editing,Programming,Foreign Languages,Graphic Design",8,2,3,6,6,1,8,Social Worker
user_3675,Film,Bird Watching,Master's,28,"First Aid,Public Speaking,Research,Singing,Photography",5,5,5,4,5,1,3,Actor
user_3676,Animals,Fishing,Associate's,37,"Critical Thinking,Empathy,First Aid",9,2,9,7,9,4,3,Registered Nurse
user_3677,Fitness,Playing Guitar,Bachelor's,18,"Data Analysis,Project Management",7,10,10,3,9,10,8,Statistician
user_3678,Environment,Writing,Vocational,37,"Writing,Financial Literacy,Driving,Video Editing,Public Speaking",2,4,2,1,10,9,7,Biomedical Engineer
user_3679,Astronomy,Cycling,Master's,26,"Cooking,Project Management,Carpentry,Conflict Resolution,Electrical Repair",2,1,7,9,5,7,7,Environmental Scientist
user_3680,Cooking,Skiing,Doctorate,55,"Financial Literacy,Public Speaking",4,8,5,10,8,4,7,Chef
user_3681,Cooking,Yoga,Master's,53,"Foreign Languages,Financial Literacy,Weightlifting,Critical Thinking,Graphic Design",6,6,8,3,2,4,2,HR Manager
user_3682,Animals,Rock Climbing,Doctorate,21,"Research,Leadership,Carpentry",10,8,7,8,3,3,1,Actor
user_3683,Reading,Swimming,Master's,55,"Robotics,AI Prompt Engineering,Critical Thinking,Project Management",8,9,4,7,8,8,5,Financial Analyst
user_3684,Animals,Volunteering,Bachelor's,56,"Empathy,Public Speaking,Leadership",7,1,5,2,3,9,2,Elementary Teacher
user_3685,Meditation,Singing,Associate's,35,"Carpentry,Financial Literacy,Singing,Photography",10,7,4,3,5,8,1,Sales Representative
user_3686,Dancing,Cooking,High School,20,"Digital Marketing,Graphic Design,Video Editing,Singing,Public Speaking",9,1,7,9,3,5,3,Pilot
user_3687,Travel,Painting,Master's,54,"Time Management,Data Analysis,Singing",8,6,10,10,1,6,9,Psychologist
user_3688,Reading,Singing,Associate's,61,"Graphic Design,Conflict Resolution",9,9,1,4,5,7,8,Marketing Manager
user_3689,Languages,Chess,Bachelor's,33,"Programming,Sewing",7,4,8,1,8,3,2,Architect
user_3690,Reading,Yoga,Master's,40,"Critical Thinking,Data Analysis,Programming",8,6,3,5,1,1,2,Data Scientist
user_3691,Fashion,Running,High School,36,"Project Management,Writing",8,1,2,6,4,4,9,Psychologist
user_3692,Dancing,Traveling,Vocational,33,"Empathy,Weightlifting",2,9,8,5,1,1,8,Biomedical Engineer
user_3693,Cooking,Playing Guitar,Doctorate,49,"Public Speaking,Empathy,Financial Literacy,Conflict Resolution,Photography",6,7,8,3,10,5,5,Financial Analyst
user_3694,Magic,Bird Watching,Vocational,50,"Financial Literacy,Digital Marketing,Critical Thinking",4,3,7,1,4,3,3,Chef
user_3695,Travel,Yoga,Doctorate,35,"Robotics,Electrical Repair",4,1,10,9,2,9,2,Social Worker
user_3696,Reading,Playing Guitar,Associate's,56,"Negotiation,Carpentry,Project Management,Leadership,Cybersecurity",9,4,3,1,10,4,10,Biomedical Engineer
user_3697,Photography,Drawing,High School,28,"Creativity,UI/UX Design,Graphic Design",5,5,5,3,10,8,4,Graphic Designer
user_3698,Languages,Chess,Master's,31,"Writing,Driving,Negotiation",6,8,4,8,9,6,2,Financial Analyst
user_3699,Dancing,Painting,Bachelor's,34,"Video Editing,Cybersecurity,Empathy,AI Prompt Engineering",7,8,6,8,1,6,8,Financial Analyst
user_3700,Magic,Playing Guitar,Vocational,32,"Video Editing,Carpentry,Sewing,Financial Literacy",6,6,1,2,4,6,9,Electrician
user_3701,Photography,Video Gaming,Vocational,60,"Programming,UI/UX Design,Driving",3,3,1,2,8,4,9,Statistician
user_3702,Collecting,Running,Doctorate,65,"Foreign Languages,Digital Marketing,Programming,Sewing,Writing",1,10,10,7,5,9,9,Journalist
user_3703,Gaming,Cycling,Master's,28,"Time Management,Research,Graphic Design,Programming",3,10,9,5,10,4,9,Lawyer
user_3704,Travel,Painting,Master's,64,"AI Prompt Engineering,Critical Thinking,Conflict Resolution,Leadership,Empathy",7,4,3,1,2,4,1,Construction Worker
user_3705,Entrepreneurship,Traveling,Master's,22,"Driving,Singing",7,7,5,2,2,6,2,HR Manager
user_3706,History,Swimming,Associate's,56,"Singing,Project Management,Foreign Languages,Time Management,Programming",1,9,1,1,5,8,1,Financial Analyst
user_3707,Environment,Rock Climbing,Master's,37,"UI/UX Design,Time Management,Graphic Design",4,5,10,8,4,2,1,Social Worker
user_3708,Animals,Volunteering,Master's,32,"Public Speaking,Leadership,Empathy",2,7,1,2,1,10,8,Elementary Teacher
user_3709,Collecting,Baking,Doctorate,24,"Data Analysis,Negotiation",2,1,7,1,10,8,9,Civil Engineer
user_3710,Fashion,Writing,Bachelor's,61,"Conflict Resolution,UI/UX Design,Foreign Languages,Driving,Robotics",4,2,1,1,10,5,6,Sales Representative
user_3711,Gardening,Baking,Vocational,28,"Graphic Design,First Aid,Weightlifting,Conflict Resolution,Writing",3,6,1,8,7,3,4,AI Engineer
user_3712,Fitness,Singing,Associate's,50,"Graphic Design,Writing,UI/UX Design",5,10,4,7,1,2,7,UX Designer
user_3713,Astronomy,Hiking,Bachelor's,28,"Robotics,Weightlifting,Driving",6,8,6,9,5,9,4,UX Designer
user_3714,Travel,Astronomy,Master's,57,"Programming,Project Management",10,6,8,9,9,3,3,Cybersecurity Specialist
user_3715,Collecting,Painting,Doctorate,26,"Robotics,Critical Thinking,UI/UX Design",3,3,7,5,2,1,2,Marketing Manager
user_3716,Entrepreneurship,Astronomy,Associate's,46,"Foreign Languages,Programming,Empathy,Sewing,Video Editing",2,3,6,2,8,5,4,Cybersecurity Specialist
user_3717,Gaming,Singing,Master's,54,"Cybersecurity,Time Management,Programming",4,2,7,10,7,5,7,Biomedical Engineer
user_3718,DIY,Running,Associate's,25,"Electrical Repair,Robotics",7,7,2,3,5,8,7,Chef
user_3719,Reading,Meditation,Vocational,45,"AI Prompt Engineering,Driving,Weightlifting,Financial Literacy",1,3,9,3,8,8,5,Actor
user_3720,Gardening,Video Gaming,Bachelor's,33,"Critical Thinking,Research,Electrical Repair,Driving",9,3,1,1,2,4,8,Actor
user_3721,Astronomy,Painting,Doctorate,34,"Weightlifting,Sewing,Public Speaking",5,7,6,4,6,3,2,Electrician
user_3722,Animals,Running,Vocational,20,"Project Management,Empathy",1,4,1,5,4,4,1,Farm Worker
user_3723,Writing,Singing,Associate's,30,"Digital Marketing,Leadership,Singing",5,1,10,10,6,6,6,UX Designer
user_3724,Volunteering,Reading,Doctorate,25,"Critical Thinking,First Aid,Empathy",5,7,3,10,1,7,6,Registered Nurse
user_3725,Collecting,Chess,Bachelor's,30,"Public Speaking,First Aid,Carpentry,Research,Financial Literacy",2,5,2,6,3,4,9,Plumber
user_3726,Volunteering,Fishing,Associate's,40,"Foreign Languages,Financial Literacy",10,4,6,8,7,4,4,Sales Representative
user_3727,Travel,Swimming,High School,43,"Programming,Photography,Writing",7,1,3,1,8,1,8,Journalist
user_3728,Writing,Swimming,Master's,59,"Foreign Languages,Programming,Electrical Repair,Cybersecurity,AI Prompt Engineering",1,5,7,7,1,1,6,Electrician
user_3729,Travel,Chess,Associate's,57,"Financial Literacy,Video Editing",2,6,10,1,3,9,8,Sales Representative
user_3730,Magic,Fishing,Bachelor's,37,"AI Prompt Engineering,UI/UX Design",5,6,1,9,10,1,7,Psychologist
user_3731,Cars,Photography,Doctorate,42,"UI/UX Design,Foreign Languages",10,4,2,4,4,4,7,Sales Representative
user_3732,Photography,Hiking,Vocational,65,"First Aid,Robotics,Negotiation,Research,Leadership",2,7,5,10,5,7,2,Dentist
user_3733,History,Cycling,Associate's,44,"Critical Thinking,Financial Literacy,Sewing,Programming,Writing",10,5,10,2,8,10,1,UX Designer
user_3734,Art,Knitting,High School,27,"Project Management,First Aid,UI/UX Design",9,10,8,2,5,8,1,Plumber
user_3735,Languages,Reading,Doctorate,60,"Carpentry,Robotics",2,10,8,10,8,7,5,Actor
user_3736,Gardening,Knitting,High School,27,"Foreign Languages,Project Management,Cooking,Time Management",6,2,3,6,2,7,3,AI Engineer
user_3737,Acting,Singing,Master's,60,"Writing,Critical Thinking,Video Editing,Time Management",8,9,6,2,4,7,9,UX Designer
user_3738,Entrepreneurship,Playing Guitar,Associate's,61,"Robotics,Public Speaking",3,8,3,10,2,8,2,Mechanic
user_3739,Animals,Fitness,Bachelor's,34,"First Aid,Empathy,Critical Thinking",4,2,4,5,10,5,7,Registered Nurse
user_3740,Chess,Traveling,Vocational,24,"Singing,Cooking,Carpentry",3,3,10,4,2,2,5,Psychologist
user_3741,Chess,Meditation,Doctorate,46,"First Aid,Conflict Resolution",10,10,9,9,4,2,3,Cybersecurity Specialist
user_3742,Languages,Yoga,Vocational,63,"Weightlifting,Leadership,First Aid",6,2,3,10,10,4,9,Plumber
user_3743,Fitness,Meditation,High School,34,"Foreign Languages,Robotics,First Aid,Carpentry,Electrical Repair",4,1,1,10,3,1,2,Farm Worker
user_3744,Acting,Board Games,Master's,27,"Public Speaking,Graphic Design,Data Analysis,Video Editing",3,9,1,2,7,9,1,Financial Analyst
user_3745,Technology,Skiing,Doctorate,59,"Electrical Repair,Writing",3,2,9,9,10,1,7,Statistician
user_3746,Sports,Origami,High School,21,"Foreign Languages,Driving,Weightlifting",8,2,7,2,8,3,8,Electrician
user_3747,Travel,Writing,High School,62,"Data Analysis,Robotics,Graphic Design,Singing,Foreign Languages",10,9,2,5,3,2,9,Statistician
user_3748,Fitness,Writing,Associate's,56,"Carpentry,Weightlifting,Time Management",5,7,9,10,8,7,2,Statistician
user_3749,Volunteering,Fitness,Bachelor's,36,"First Aid,Critical Thinking,Empathy",6,6,8,2,10,6,6,Registered Nurse
user_3750,Photography,Running,Bachelor's,38,"Electrical Repair,Video Editing",8,4,8,3,8,3,6,Journalist
user_3751,Dancing,Reading,Bachelor's,23,"Leadership,Public Speaking,Empathy",10,10,9,3,5,9,7,Elementary Teacher
user_3752,Volunteering,Reading,Bachelor's,47,"Public Speaking,Weightlifting",10,2,3,1,5,6,10,UX Designer
user_3753,Volunteering,Writing,Associate's,38,"Cooking,Empathy,First Aid",7,9,2,10,7,7,3,Electrician
user_3754,Fashion,Board Games,Doctorate,40,"UI/UX Design,Sewing,Robotics,Public Speaking,Leadership",2,6,2,9,1,8,8,Financial Analyst
user_3755,Meditation,Chess,Associate's,35,"Programming,Data Analysis,Critical Thinking",1,1,3,7,7,9,10,Data Scientist
user_3756,Volunteering,Collecting Stamps,High School,29,"Negotiation,Project Management,AI Prompt Engineering,Data Analysis",7,6,4,10,8,10,5,Marketing Manager
user_3757,Reading,Singing,Bachelor's,51,"UI/UX Design,Time Management,Robotics,Carpentry",8,3,6,5,6,3,9,Journalist
user_3758,DIY,Meditation,Doctorate,22,"Carpentry,Weightlifting,Empathy",10,5,4,10,8,2,6,Social Worker
user_3759,Reading,Crafts,Master's,41,"Public Speaking,Empathy",8,5,10,2,10,3,9,Elementary Teacher
user_3760,Gaming,Reading,Bachelor's,31,"Programming,Data Analysis,Critical Thinking",10,10,4,5,8,9,8,Software Engineer
user_3761,History,Hiking,High School,62,"Project Management,Data Analysis,UI/UX Design,Sewing,Empathy",8,9,3,2,10,3,8,Farm Worker
user_3762,Cooking,Running,Bachelor's,33,"Negotiation,Driving,Electrical Repair,UI/UX Design",7,4,6,9,8,4,2,Chef
user_3763,Gaming,Knitting,Bachelor's,35,"Foreign Languages,Research,UI/UX Design,Critical Thinking",5,4,2,4,3,9,2,Psychologist
user_3764,Chess,Playing Guitar,Doctorate,64,"AI Prompt Engineering,Cybersecurity,Public Speaking",5,7,1,9,5,7,8,Electrician
user_3765,Psychology,Cycling,Master's,48,"Data Analysis,Research,UI/UX Design,Writing,AI Prompt Engineering",1,9,5,9,2,6,3,Environmental Scientist
user_3766,Psychology,Reading,Bachelor's,58,"Sewing,Foreign Languages,Graphic Design",4,3,1,5,1,7,4,Psychologist
user_3767,Meditation,Scuba Diving,Doctorate,55,"Time Management,AI Prompt Engineering,UI/UX Design,Conflict Resolution,Graphic Design",2,2,4,1,8,4,7,Journalist
user_3768,Animals,Swimming,Master's,46,"Video Editing,Carpentry",7,7,8,2,5,2,7,Farm Worker
user_3769,Volunteering,Volunteering,Bachelor's,50,"First Aid,Empathy",2,6,2,10,8,1,10,Registered Nurse
user_3770,Meditation,Chess,Master's,57,"Singing,Robotics,First Aid",3,7,8,9,7,2,8,Financial Analyst
user_3771,Cars,Cycling,Vocational,19,"Data Analysis,Project Management,Empathy,Video Editing,Leadership",8,4,8,1,2,5,5,UX Designer
user_3772,Collecting,Collecting Stamps,Doctorate,26,"Singing,Research,Data Analysis,Empathy,Project Management",6,10,9,4,4,10,10,Journalist
user_3773,Chess,Singing,Associate's,28,"Cooking,Graphic Design",2,3,7,2,1,10,2,Lawyer
user_3774,Magic,Dancing,Vocational,56,"Writing,Foreign Languages,Cybersecurity",8,4,3,7,5,3,7,Dentist
user_3775,Acting,Singing,Vocational,39,"Writing,Driving,AI Prompt Engineering",5,4,5,1,8,2,7,UX Designer
user_3776,Collecting,Scuba Diving,Associate's,51,"Programming,Financial Literacy,Cooking,Video Editing,First Aid",2,4,2,1,7,7,7,HR Manager
user_3777,Dancing,Hiking,Doctorate,40,"Programming,AI Prompt Engineering,Time Management,Public Speaking,Graphic Design",5,9,1,7,9,2,1,Psychologist
user_3778,Travel,Writing,Vocational,45,"Digital Marketing,Writing,Cooking",1,6,5,4,3,3,7,Cybersecurity Specialist
user_3779,Collecting,Gardening,Bachelor's,62,"Electrical Repair,Robotics,Cooking",10,5,6,9,8,1,3,Chef
user_3780,Art,Baking,High School,44,"Critical Thinking,Data Analysis,Negotiation,Leadership,Video Editing",8,10,6,3,5,1,9,Chef
user_3781,Astronomy,Swimming,Associate's,37,"Financial Literacy,Digital Marketing,Conflict Resolution,Sewing,Time Management",3,2,5,9,2,10,7,Psychologist
user_3782,Fitness,Baking,Associate's,23,"Cybersecurity,Conflict Resolution",7,1,1,3,3,3,7,Construction Worker
user_3783,Acting,Yoga,Vocational,35,"Weightlifting,Electrical Repair",9,2,5,9,1,9,10,AI Engineer
user_3784,Acting,Writing,High School,62,"Conflict Resolution,Time Management",4,7,9,8,6,8,5,Biomedical Engineer
user_3785,Gaming,Chess,Master's,40,"Data Analysis,Programming,Critical Thinking",10,1,5,1,9,1,9,Software Engineer
user_3786,Fashion,Hiking,Bachelor's,33,"Public Speaking,Leadership,Empathy",10,6,4,6,4,3,5,Elementary Teacher
user_3787,Gaming,Origami,Associate's,43,"Research,Sewing,UI/UX Design,Public Speaking,Robotics",10,1,3,9,9,6,5,Lawyer
user_3788,Art,Painting,Bachelor's,23,"Negotiation,Conflict Resolution,Research,First Aid",3,8,8,2,5,2,1,Construction Worker
user_3789,DIY,Swimming,Master's,50,"Research,Conflict Resolution",10,1,5,10,6,3,7,Chef
user_3790,Dancing,Rock Climbing,Vocational,49,"Robotics,Sewing,Singing",2,2,3,3,4,2,5,Marketing Manager
user_3791,Art,Cooking,Master's,38,"First Aid,UI/UX Design,Singing,Cooking",10,10,8,6,3,7,6,Social Worker
user_3792,Fitness,Yoga,Vocational,27,"Cybersecurity,UI/UX Design",9,2,2,7,1,10,7,HR Manager
user_3793,Entrepreneurship,Photography,Associate's,24,"Weightlifting,Sewing",1,4,8,5,10,3,2,Financial Analyst
user_3794,Psychology,Fitness,High School,45,"Critical Thinking,First Aid,Empathy",4,10,5,8,7,5,7,Registered Nurse
user_3795,Meditation,Scuba Diving,Doctorate,64,"Time Management,Cooking",2,10,9,1,10,6,10,Biomedical Engineer
user_3796,Meditation,Rock Climbing,Bachelor's,26,"Empathy,Data Analysis,Public Speaking,Digital Marketing",2,6,4,1,9,8,1,AI Engineer
user_3797,Astronomy,Swimming,Doctorate,57,"Singing,Financial Literacy,UI/UX Design,Conflict Resolution,Electrical Repair",1,7,5,2,1,9,1,UX Designer
user_3798,Reading,Bird Watching,Vocational,29,"Sewing,Leadership,Cooking,Negotiation",2,6,8,1,4,5,4,Mechanic
user_3799,Cars,Skiing,Associate's,49,"Cooking,Weightlifting",9,4,4,5,10,5,4,Electrician
user_3800,Chess,Running,Associate's,31,"Leadership,Video Editing,Empathy",4,7,10,4,5,2,2,AI Engineer
user_3801,Art,Swimming,Associate's,31,"Robotics,Programming,Negotiation",5,1,7,10,7,6,2,Construction Worker
user_3802,Gardening,Swimming,Vocational,57,"Public Speaking,Time Management,Research",3,3,5,2,2,8,8,Civil Engineer
user_3803,Volunteering,Reading,Vocational,28,"Leadership,Public Speaking,Empathy",10,4,7,1,10,10,8,Elementary Teacher
user_3804,Music,Crafts,Master's,56,"Empathy,Public Speaking,Leadership",10,5,2,3,4,1,8,Elementary Teacher
user_3805,Astronomy,Gardening,Master's,43,"Project Management,Negotiation,Foreign Languages,Photography",9,6,2,7,1,4,2,Mechanic
user_3806,Travel,Running,High School,37,"Robotics,First Aid,Public Speaking,Digital Marketing",3,8,5,2,6,5,7,Mechanic
user_3807,Acting,Bird Watching,High School,57,"Financial Literacy,Programming,Writing",5,5,2,2,5,9,7,Plumber
user_3808,Fitness,Fishing,Vocational,51,"Sewing,Carpentry",10,2,7,7,1,5,1,Statistician
user_3809,Fashion,Gardening,High School,48,"Graphic Design,Negotiation,Cybersecurity",2,9,5,8,5,5,1,Mechanic
user_3810,Cooking,Scuba Diving,Bachelor's,37,"Digital Marketing,Project Management,Electrical Repair",3,5,5,6,1,4,9,Civil Engineer
user_3811,Gardening,Cooking,Doctorate,30,"Conflict Resolution,Cooking,Photography",8,8,5,3,3,7,8,Sales Representative
user_3812,Magic,Writing,Master's,24,"Empathy,Public Speaking,Leadership",6,6,9,9,6,10,10,Elementary Teacher
user_3813,Film,Traveling,Associate's,35,"Research,Conflict Resolution,Singing,Cooking",4,10,2,2,2,4,1,Farm Worker
user_3814,Animals,Volunteering,High School,58,"Public Speaking,Leadership,Empathy",3,10,9,4,4,2,3,Elementary Teacher
user_3815,Fashion,Yoga,Master's,52,"Graphic Design,Weightlifting,Programming,Negotiation,First Aid",9,5,1,5,4,9,1,Statistician
user_3816,Writing,Fishing,Vocational,57,"Video Editing,Project Management,Weightlifting",4,4,10,4,7,5,7,Journalist
user_3817,Magic,Origami,Master's,27,"Negotiation,Critical Thinking",9,9,9,6,1,8,4,HR Manager
user_3818,Cars,Collecting Stamps,Doctorate,21,"Weightlifting,Writing,Carpentry,Foreign Languages,AI Prompt Engineering",3,6,3,4,3,1,10,Dentist
user_3819,Art,Bird Watching,High School,22,"Sewing,Public Speaking,Programming",9,5,1,8,6,9,9,Actor
user_3820,Animals,Collecting Stamps,Vocational,22,"Leadership,Weightlifting,Cooking,Writing,Robotics",8,4,5,1,6,4,9,Psychologist
user_3821,Astronomy,Origami,Doctorate,30,"Time Management,Robotics,Video Editing,UI/UX Design,Writing",3,9,1,4,7,8,2,Plumber
user_3822,Gardening,Reading,Master's,44,"Programming,Critical Thinking,Data Analysis",9,4,5,1,7,3,7,Data Scientist
user_3823,Collecting,Chess,Doctorate,34,"Critical Thinking,Programming,Data Analysis",9,9,4,7,9,1,9,Data Scientist
user_3824,Gaming,Baking,Bachelor's,37,"Critical Thinking,Programming,Data Analysis",4,10,2,3,6,6,3,Software Engineer
user_3825,Languages,Video Gaming,Vocational,64,"Conflict Resolution,Foreign Languages,Public Speaking,Driving,Carpentry",8,9,8,1,4,4,3,HR Manager
user_3826,Psychology,Rock Climbing,Master's,26,"Leadership,Empathy,Conflict Resolution,Foreign Languages",8,5,4,7,1,5,9,Financial Analyst
user_3827,Gaming,Writing,Doctorate,25,"Empathy,UI/UX Design,Cooking,Programming,Foreign Languages",1,10,5,8,2,9,9,Mechanic
user_3828,Reading,Swimming,Master's,48,"Programming,Critical Thinking",7,9,7,4,9,7,5,Data Scientist
user_3829,Fashion,Rock Climbing,Master's,34,"Writing,Foreign Languages",6,6,9,10,9,9,3,Farm Worker
user_3830,History,Cycling,Associate's,59,"Leadership,UI/UX Design",6,7,3,4,4,4,9,Chef
user_3831,Acting,Fitness,Bachelor's,25,"First Aid,Critical Thinking,Empathy",10,6,2,4,1,8,5,Registered Nurse
user_3832,History,Rock Climbing,Vocational,58,"Negotiation,UI/UX Design",8,1,9,4,10,3,3,Construction Worker
user_3833,Environment,Playing Guitar,Doctorate,49,"Robotics,Financial Literacy",7,5,3,10,5,7,2,Plumber
user_3834,Travel,Astronomy,High School,61,"Programming,Robotics,Photography,Public Speaking,Singing",10,10,3,6,7,4,2,Financial Analyst
user_3835,Volunteering,Volunteering,Bachelor's,26,"Critical Thinking,Empathy,First Aid",9,10,4,4,3,4,5,Registered Nurse
user_3836,Astronomy,Pottery,High School,42,"Research,Data Analysis,Empathy",5,3,8,7,6,7,6,Dentist
user_3837,Dancing,Swimming,Vocational,38,"Driving,Project Management",2,5,3,2,1,7,2,Statistician
user_3838,Volunteering,Cooking,High School,19,"Sewing,Graphic Design,Cybersecurity,Project Management",5,5,6,2,7,2,10,Psychologist
user_3839,Travel,Baking,Master's,60,"AI Prompt Engineering,Research,Leadership,Robotics,Digital Marketing",3,4,3,4,7,8,8,Civil Engineer
user_3840,Technology,Scuba Diving,High School,49,"Data Analysis,Photography",6,9,9,2,3,2,6,Civil Engineer
user_3841,Collecting,Reading,Master's,48,"Photography,Programming",2,7,2,9,9,1,5,Electrician
user_3842,Fitness,Reading,Bachelor's,30,"First Aid,Critical Thinking,Empathy",5,7,10,8,8,9,1,Registered Nurse
user_3843,History,Hiking,Doctorate,37,"Negotiation,Electrical Repair,Critical Thinking",10,1,9,6,8,5,8,Mechanic
user_3844,Volunteering,Meditation,Doctorate,42,"Digital Marketing,Project Management,Cybersecurity,First Aid",7,10,7,4,2,9,2,Chef
user_3845,Travel,Scuba Diving,Doctorate,58,"Video Editing,Photography,First Aid",4,1,10,3,7,3,1,Biomedical Engineer
user_3846,Writing,Video Gaming,Vocational,52,"Public Speaking,Graphic Design",9,10,8,4,4,3,5,Civil Engineer
user_3847,Magic,Collecting Stamps,Doctorate,63,"Sewing,Writing,Weightlifting,Robotics,Digital Marketing",10,1,4,2,7,10,8,Biomedical Engineer
user_3848,Art,Video Gaming,Vocational,36,"Graphic Design,Time Management,Programming",9,6,8,4,5,7,10,Marketing Manager
user_3849,Gardening,Fitness,Vocational,30,"First Aid,Critical Thinking,Empathy",10,6,6,8,8,3,1,Registered Nurse
user_3850,Animals,Fishing,Bachelor's,33,"Empathy,Critical Thinking",8,7,8,2,3,10,5,Registered Nurse
user_3851,Astronomy,Volunteering,Bachelor's,47,"Public Speaking,Empathy",3,8,3,5,5,8,1,Elementary Teacher
user_3852,Writing,Swimming,Vocational,32,"Weightlifting,Negotiation,Project Management",7,6,6,6,8,6,8,Farm Worker
user_3853,Technology,Swimming,Associate's,61,"Negotiation,UI/UX Design,Digital Marketing,Public Speaking",5,1,8,5,4,10,4,Plumber
user_3854,Psychology,Hiking,Vocational,40,"Critical Thinking,Carpentry,Photography",9,5,5,9,3,4,3,Biomedical Engineer
user_3855,Travel,Bird Watching,Master's,22,"Singing,Foreign Languages",9,10,4,9,4,10,6,AI Engineer
user_3856,Gaming,Yoga,High School,31,"Sewing,Public Speaking,Conflict Resolution,Negotiation",9,9,8,1,5,10,2,Cybersecurity Specialist
user_3857,DIY,Hiking,Associate's,24,"Public Speaking,AI Prompt Engineering,Foreign Languages,Project Management",4,4,5,5,1,6,10,Electrician
user_3858,Fashion,Writing,Master's,49,"Driving,Digital Marketing,Cooking",9,1,6,9,3,10,10,Financial Analyst
user_3859,Gaming,Reading,Associate's,57,"Graphic Design,Negotiation,Cooking,Foreign Languages",8,5,7,5,3,3,8,Social Worker
user_3860,Art,Chess,Master's,48,"Critical Thinking,Robotics",3,9,1,5,9,10,2,Farm Worker
user_3861,Travel,Skiing,Doctorate,47,"Sewing,AI Prompt Engineering,Time Management,Weightlifting,Digital Marketing",9,1,5,8,1,2,4,Financial Analyst
user_3862,Reading,Crafts,Bachelor's,43,"Leadership,Empathy,Public Speaking",2,1,9,1,3,8,2,Elementary Teacher
user_3863,Fitness,Photography,Master's,18,"Project Management,Graphic Design,Data Analysis",4,9,9,7,10,2,9,Social Worker
user_3864,Entrepreneurship,Chess,Associate's,26,"Critical Thinking,Programming,Data Analysis",6,4,7,10,9,2,1,Data Scientist
user_3865,Meditation,Yoga,Master's,29,"Public Speaking,Driving,Singing",2,1,8,10,10,4,5,Pilot
user_3866,Astronomy,Writing,Vocational,42,"Robotics,Critical Thinking,Conflict Resolution,Driving,Cooking",4,4,10,7,3,6,10,Cybersecurity Specialist
user_3867,Dancing,Fishing,Vocational,26,"Digital Marketing,Writing,Conflict Resolution,Cybersecurity,Carpentry",3,7,4,9,7,2,8,Pilot
user_3868,Volunteering,Cycling,Bachelor's,50,"Programming,Sewing",6,3,5,6,1,4,6,Psychologist
user_3869,Dancing,Traveling,Doctorate,30,"Writing,AI Prompt Engineering,Research,Video Editing",2,5,5,5,1,1,6,Environmental Scientist
user_3870,Writing,Origami,Associate's,28,"Writing,Cybersecurity,AI Prompt Engineering",2,2,1,8,5,7,6,Electrician
user_3871,Collecting,Reading,High School,45,"Research,Negotiation,Financial Literacy,Carpentry,Photography",3,1,5,3,1,5,3,Journalist
user_3872,Volunteering,Fishing,High School,22,"Video Editing,Writing,Project Management",5,6,1,9,10,4,3,Chef
user_3873,Writing,Origami,Master's,32,"Video Editing,AI Prompt Engineering,Critical Thinking",5,7,5,4,2,1,3,Civil Engineer
user_3874,Gardening,Traveling,Master's,31,"Writing,Data Analysis,Financial Literacy,Cybersecurity",8,9,7,3,1,9,10,Journalist
user_3875,Gaming,Hiking,Vocational,54,"Leadership,Programming,Writing,First Aid",3,7,9,10,1,2,8,Marketing Manager
user_3876,Collecting,Dancing,High School,32,"Foreign Languages,Weightlifting",9,2,6,8,4,7,7,Farm Worker
user_3877,Travel,Drawing,Associate's,42,"Creativity,Graphic Design,UI/UX Design",8,7,6,10,6,5,5,Graphic Designer
user_3878,Languages,Bird Watching,Vocational,22,"Programming,Critical Thinking,Conflict Resolution",2,9,1,9,5,9,3,Financial Analyst
user_3879,Languages,Running,Bachelor's,32,"Digital Marketing,Project Management,Carpentry,Data Analysis",6,7,4,5,4,10,8,Actor
user_3880,Volunteering,Reading,Master's,42,"Empathy,Leadership,Public Speaking",9,4,6,1,7,6,5,Elementary Teacher
user_3881,Acting,Meditation,Bachelor's,54,"Cybersecurity,Sewing,Programming",3,3,3,2,3,4,8,Electrician
user_3882,DIY,Bird Watching,High School,61,"Driving,Empathy,Foreign Languages",1,1,6,3,1,7,2,Biomedical Engineer
user_3883,Film,Scuba Diving,Bachelor's,48,"Cooking,Photography,Weightlifting,Project Management,Digital Marketing",9,7,4,8,8,4,7,UX Designer
user_3884,Fashion,Painting,Bachelor's,42,"Graphic Design,Creativity,UI/UX Design",8,5,3,4,9,1,9,Graphic Designer
user_3885,Chess,Running,High School,48,"Cooking,Cybersecurity,Project Management,Electrical Repair",6,4,8,1,1,5,2,Sales Representative
user_3886,Fitness,Photography,High School,43,"Writing,Financial Literacy,Public Speaking",4,9,10,4,2,4,7,AI Engineer
user_3887,Entrepreneurship,Reading,Master's,26,"Data Analysis,Critical Thinking,Programming",2,9,6,6,5,1,6,Data Scientist
user_3888,Gaming,Photography,Doctorate,49,"Writing,Robotics",5,8,5,10,1,8,10,Statistician
user_3889,Astronomy,Playing Guitar,Bachelor's,27,"Programming,Cybersecurity,Cooking",8,7,3,1,8,3,7,Statistician
user_3890,Gardening,Cooking,Doctorate,59,"Leadership,Foreign Languages",3,6,4,10,6,7,4,Environmental Scientist
user_3891,Travel,Baking,Associate's,55,"Time Management,Robotics",4,5,3,7,10,3,7,Marketing Manager
user_3892,Dancing,Traveling,High School,41,"Cooking,Financial Literacy,Conflict Resolution,UI/UX Design",9,10,7,1,2,10,4,Marketing Manager
user_3893,Environment,Swimming,Bachelor's,65,"Research,Writing",4,5,6,8,2,1,8,Journalist
user_3894,Art,Cooking,Bachelor's,37,"Project Management,Photography,Graphic Design,First Aid,Weightlifting",7,5,3,1,3,1,8,Plumber
user_3895,Volunteering,Photography,Doctorate,31,"Digital Marketing,Sewing,Critical Thinking,Cybersecurity",5,8,8,7,3,4,7,Construction Worker
user_3896,Music,Volunteering,Master's,53,"Empathy,Leadership,Public Speaking",5,10,6,1,7,10,3,Elementary Teacher
user_3897,Gardening,Astronomy,Vocational,57,"Electrical Repair,Driving,Singing",2,4,7,3,5,9,1,Lawyer
user_3898,Photography,Meditation,Associate's,64,"Project Management,Financial Literacy",8,9,7,3,7,4,2,Architect
user_3899,Volunteering,Rock Climbing,Associate's,23,"Robotics,Graphic Design,Carpentry,Programming",2,2,10,1,7,8,8,Farm Worker
user_3900,Environment,Skiing,Associate's,47,"Data Analysis,Cooking,Singing,Empathy,Critical Thinking",10,8,4,9,5,1,1,UX Designer
user_3901,Film,Photography,Bachelor's,36,"UI/UX Design,Graphic Design,Creativity",7,5,6,4,4,9,4,Graphic Designer
user_3902,Entrepreneurship,Reading,Vocational,23,"Writing,Electrical Repair",8,4,6,4,4,10,7,Farm Worker
user_3903,Environment,Dancing,Bachelor's,54,"Carpentry,Electrical Repair",3,1,10,10,4,6,3,Actor
user_3904,Technology,Fishing,Associate's,65,"Writing,Conflict Resolution,Cybersecurity,Public Speaking,Programming",5,8,6,9,8,1,2,Cybersecurity Specialist
user_3905,Dancing,Traveling,High School,43,"Singing,Foreign Languages,Graphic Design",1,2,1,9,4,1,2,Marketing Manager
user_3906,Animals,Volunteering,Associate's,34,"First Aid,Critical Thinking,Empathy",10,7,3,9,5,2,10,Registered Nurse
user_3907,Technology,Bird Watching,Master's,28,"Carpentry,Driving,Empathy",2,9,4,10,6,8,7,Mechanic
user_3908,Entrepreneurship,Painting,Doctorate,35,"AI Prompt Engineering,Negotiation",2,8,9,7,4,2,9,Psychologist
user_3909,Technology,Swimming,Master's,48,"Weightlifting,Cybersecurity,Electrical Repair,Photography,AI Prompt Engineering",10,6,7,9,9,1,9,Journalist
user_3910,Entrepreneurship,Rock Climbing,Vocational,62,"Leadership,Writing,Singing,Robotics",7,5,9,1,2,1,6,UX Designer
user_3911,Reading,Origami,Master's,37,"Leadership,Empathy,Public Speaking",9,9,1,9,4,6,3,Elementary Teacher
user_3912,Meditation,Reading,Bachelor's,63,"Public Speaking,Video Editing,Project Management,Negotiation,Programming",10,2,8,10,3,7,2,AI Engineer
user_3913,Art,Astronomy,Bachelor's,59,"Empathy,Carpentry,Digital Marketing",3,4,7,8,4,7,6,HR Manager
user_3914,Cooking,Baking,Bachelor's,29,"Data Analysis,Programming",4,2,8,5,2,10,10,Data Scientist
user_3915,Magic,Singing,High School,56,"Singing,Video Editing,Digital Marketing,Cooking",5,7,10,3,4,3,7,Marketing Manager
user_3916,Entrepreneurship,Singing,Vocational,55,"Conflict Resolution,Electrical Repair",5,3,7,7,4,4,9,Statistician
user_3917,Fashion,Drawing,Bachelor's,20,"UI/UX Design,Graphic Design,Creativity",5,2,8,4,4,7,2,Graphic Designer
user_3918,Animals,Chess,Associate's,58,"Driving,Financial Literacy,Weightlifting,Time Management",8,6,2,6,3,4,9,Architect
user_3919,Environment,Origami,Bachelor's,47,"Digital Marketing,Project Management",3,4,8,1,10,1,4,Actor
user_3920,Music,Scuba Diving,High School,39,"Digital Marketing,Time Management,Weightlifting",6,9,4,4,3,7,6,Biomedical Engineer
user_3921,Fitness,Skiing,Master's,57,"Financial Literacy,Video Editing,Critical Thinking",6,10,1,4,1,1,7,Social Worker
user_3922,DIY,Gardening,Bachelor's,58,"Video Editing,Negotiation",7,2,3,2,8,5,8,Architect
user_3923,Gaming,Running,Doctorate,46,"Project Management,Writing,Sewing,Weightlifting,Cooking",4,9,7,7,9,10,8,Lawyer
user_3924,Music,Baking,Master's,57,"Data Analysis,Video Editing,UI/UX Design",10,9,3,4,8,10,10,Statistician
user_3925,Volunteering,Reading,Bachelor's,32,"Research,Robotics,Carpentry,Video Editing",8,6,7,6,3,10,9,AI Engineer
user_3926,Gaming,Reading,Master's,25,"Programming,Data Analysis",10,10,6,1,1,10,9,Software Engineer
user_3927,Volunteering,Reading,Master's,58,"Leadership,Empathy",5,2,6,8,3,4,10,Elementary Teacher
user_3928,Gardening,Running,Master's,24,"AI Prompt Engineering,Weightlifting,Writing,Sewing",5,7,6,2,10,9,5,Journalist
user_3929,Travel,Cooking,Doctorate,53,"Driving,Singing,Time Management,Writing",9,10,5,2,8,3,7,Actor
user_3930,Entrepreneurship,Hiking,Vocational,43,"Programming,Data Analysis,Critical Thinking",3,1,1,3,10,9,10,Software Engineer
user_3931,Astronomy,Running,Vocational,38,"First Aid,Video Editing,Writing",1,10,10,8,9,6,1,Architect
user_3932,Animals,Crafts,Bachelor's,49,"Public Speaking,Empathy,Leadership",7,10,9,8,5,3,3,Elementary Teacher
user_3933,Animals,Chess,Doctorate,35,"Programming,Data Analysis,Critical Thinking",8,1,5,10,5,5,2,Data Scientist
user_3934,Film,Skiing,Master's,31,"UI/UX Design,Robotics",4,3,2,9,2,7,8,Dentist
user_3935,Gaming,Gardening,Master's,38,"Critical Thinking,Programming,Data Analysis",5,1,7,5,1,1,6,Software Engineer
user_3936,Cooking,Bird Watching,Vocational,57,"Research,Carpentry,Weightlifting,Singing",10,9,2,2,7,7,5,Statistician
user_3937,Languages,Collecting Stamps,Associate's,49,"Cybersecurity,Singing,Negotiation,AI Prompt Engineering",2,4,4,8,6,10,10,Psychologist
user_3938,Gaming,Photography,Master's,49,"Video Editing,Time Management",5,7,8,6,7,9,10,Architect
user_3939,Animals,Fitness,Bachelor's,34,"Critical Thinking,First Aid",7,4,7,8,7,3,2,Registered Nurse
user_3940,Psychology,Meditation,Associate's,35,"Financial Literacy,Carpentry,Research,Writing,Project Management",5,6,6,8,7,10,10,Cybersecurity Specialist
user_3941,Volunteering,Meditation,Vocational,61,"Cybersecurity,Digital Marketing,Video Editing",4,10,10,7,1,2,5,Chef
user_3942,Film,Singing,High School,54,"UI/UX Design,Financial Literacy,First Aid,Cooking",10,6,10,7,2,5,1,Pilot
user_3943,Reading,Volunteering,Master's,37,"Public Speaking,Leadership,Empathy",3,8,7,10,8,4,1,Elementary Teacher
user_3944,Meditation,Origami,Doctorate,32,"Driving,Foreign Languages,Graphic Design",7,10,2,8,5,10,10,Psychologist
user_3945,Animals,Astronomy,High School,51,"Negotiation,Cooking",5,8,1,1,7,9,9,HR Manager
user_3946,Entrepreneurship,Video Gaming,Bachelor's,30,"Data Analysis,Critical Thinking",7,3,9,3,8,2,3,Software Engineer
user_3947,Animals,Knitting,Master's,47,"Negotiation,Critical Thinking,Public Speaking",8,8,5,9,9,2,7,Mechanic
user_3948,Fashion,Reading,Doctorate,33,"Data Analysis,Programming,Critical Thinking",4,8,9,9,8,3,5,Data Scientist
user_3949,Entrepreneurship,Fishing,High School,64,"Singing,Programming,Robotics,Empathy",10,6,4,2,7,5,8,HR Manager
user_3950,Travel,Scuba Diving,Associate's,20,"Financial Literacy,Photography,Carpentry,Singing,Critical Thinking",6,7,9,9,10,4,3,Psychologist
user_3951,Meditation,Painting,Associate's,26,"Creativity,UI/UX Design",8,6,10,4,4,7,8,Graphic Designer
user_3952,Animals,Gardening,Doctorate,52,"Writing,Financial Literacy,Conflict Resolution,Leadership,Data Analysis",4,9,3,4,2,2,10,Marketing Manager
user_3953,Collecting,Playing Guitar,Vocational,40,"Video Editing,Digital Marketing,Leadership,Driving,Weightlifting",3,9,3,3,8,1,7,Mechanic
user_3954,Meditation,Yoga,Vocational,55,"UI/UX Design,Public Speaking,Electrical Repair,Robotics",8,1,3,4,7,9,2,Architect
user_3955,Music,Photography,Associate's,37,"Graphic Design,Project Management,First Aid,Empathy,Time Management",2,3,3,9,7,8,4,Mechanic
user_3956,Cars,Swimming,Doctorate,61,"Driving,Data Analysis,Singing,Cooking",9,1,3,1,3,4,2,Civil Engineer
user_3957,Magic,Reading,Doctorate,47,"Programming,Critical Thinking",4,1,10,9,1,7,6,Data Scientist
user_3958,Psychology,Fishing,Master's,37,"Foreign Languages,Photography,Carpentry,Driving",5,6,5,1,6,4,7,Lawyer
user_3959,Cars,Reading,Master's,51,"Driving,Carpentry,Data Analysis,Electrical Repair",8,3,10,7,3,3,10,Marketing Manager
user_3960,Sports,Swimming,High School,60,"Photography,Project Management,Electrical Repair,Critical Thinking,Digital Marketing",1,8,7,7,8,5,1,Chef
user_3961,History,Singing,Doctorate,41,"Negotiation,Time Management,Video Editing",1,8,2,3,5,1,9,Sales Representative
user_3962,Cooking,Cooking,Doctorate,37,"Data Analysis,Singing,Public Speaking,Photography,Financial Literacy",9,9,2,5,4,8,2,AI Engineer
user_3963,Entrepreneurship,Baking,High School,19,"Cooking,Public Speaking,Electrical Repair,Cybersecurity,Sewing",10,8,6,3,3,2,8,Sales Representative
user_3964,Volunteering,Photography,Master's,55,"Programming,Cybersecurity,Financial Literacy",2,7,4,7,9,5,3,Plumber
user_3965,Volunteering,Crafts,Master's,45,"Public Speaking,Empathy,Leadership",9,8,9,2,9,5,2,Elementary Teacher
user_3966,Photography,Rock Climbing,Bachelor's,22,"Creativity,UI/UX Design,Graphic Design",2,7,5,2,9,2,5,Graphic Designer
user_3967,Film,Traveling,Vocational,45,"Sewing,Project Management,Leadership",1,3,10,8,10,9,1,Sales Representative
user_3968,Astronomy,Traveling,Vocational,52,"Video Editing,Writing,Negotiation,Graphic Design,AI Prompt Engineering",7,6,4,8,7,8,1,Lawyer
user_3969,Gaming,Video Gaming,Master's,34,"Data Analysis,Critical Thinking",4,7,1,2,5,7,8,Data Scientist
user_3970,Chess,Scuba Diving,Vocational,49,"Digital Marketing,Carpentry",3,5,9,10,2,4,7,Architect
user_3971,Cars,Knitting,Bachelor's,64,"Time Management,Conflict Resolution,Critical Thinking",1,9,2,10,3,8,6,Farm Worker
user_3972,Fitness,Origami,Bachelor's,56,"Conflict Resolution,Carpentry,Electrical Repair",1,2,10,3,5,7,8,Sales Representative
user_3973,Astronomy,Cycling,Doctorate,22,"Cooking,Data Analysis,Conflict Resolution",8,1,9,8,2,7,6,Electrician
user_3974,Writing,Hiking,Associate's,28,"Project Management,Singing,Data Analysis,Foreign Languages",10,5,6,4,9,5,6,AI Engineer
user_3975,Collecting,Video Gaming,Associate's,30,"Financial Literacy,Time Management,Cybersecurity,Empathy,Project Management",1,2,5,9,3,10,3,Journalist
user_3976,Gaming,Swimming,Doctorate,38,"Video Editing,Foreign Languages",1,2,2,7,6,6,9,AI Engineer
user_3977,Technology,Dancing,Master's,24,"Driving,Sewing",1,7,7,1,6,7,8,Psychologist
user_3978,Languages,Chess,Doctorate,64,"Singing,Public Speaking,UI/UX Design",1,7,4,10,10,4,8,Architect
user_3979,Film,Collecting Stamps,Doctorate,49,"Carpentry,Robotics,Weightlifting,Graphic Design,Time Management",2,7,4,1,10,2,7,Biomedical Engineer
user_3980,Astronomy,Cooking,High School,38,"Cooking,Writing,Weightlifting",1,1,10,4,6,9,8,Cybersecurity Specialist
user_3981,Film,Dancing,High School,59,"Empathy,Singing",8,9,10,1,1,6,3,Psychologist
user_3982,Film,Chess,Vocational,59,"First Aid,AI Prompt Engineering,Carpentry",4,3,2,3,5,4,1,Construction Worker
user_3983,Cars,Photography,Vocational,26,"Writing,Weightlifting,Foreign Languages",10,1,5,8,5,5,8,AI Engineer
user_3984,DIY,Video Gaming,Doctorate,64,"Research,Empathy",9,8,7,7,8,9,5,Cybersecurity Specialist
user_3985,Environment,Video Gaming,Master's,37,"Electrical Repair,Public Speaking,Sewing",2,2,9,1,4,4,7,Dentist
user_3986,Music,Fishing,High School,32,"Empathy,UI/UX Design,Negotiation",2,2,7,4,8,9,5,Lawyer
user_3987,Film,Chess,Bachelor's,27,"Programming,Data Analysis,Critical Thinking",7,10,10,3,8,3,9,Software Engineer
user_3988,Gaming,Video Gaming,Vocational,40,"Data Analysis,Critical Thinking",1,10,10,7,6,7,8,Software Engineer
user_3989,Volunteering,Writing,High School,46,"Photography,Weightlifting",1,4,3,10,3,9,5,Dentist
user_3990,Travel,Hiking,Vocational,23,"Weightlifting,Robotics,Digital Marketing",1,1,1,5,3,10,6,Mechanic
user_3991,Music,Meditation,Associate's,50,"Financial Literacy,Carpentry,Programming,Sewing,Electrical Repair",6,3,1,1,3,6,6,Dentist
user_3992,Psychology,Cooking,Vocational,58,"First Aid,Digital Marketing",9,8,5,5,4,8,4,Lawyer
user_3993,Reading,Playing Guitar,High School,20,"Video Editing,Sewing,Digital Marketing,UI/UX Design,Financial Literacy",3,6,3,8,4,10,8,Pilot
user_3994,Dancing,Chess,Vocational,18,"Writing,Negotiation,Sewing",7,10,5,2,5,4,2,Sales Representative
user_3995,Psychology,Running,Associate's,28,"Digital Marketing,Cybersecurity,Sewing,Photography",8,2,9,10,5,3,9,Pilot
user_3996,Photography,Pottery,High School,29,"Project Management,Graphic Design,Sewing,Public Speaking",1,5,2,7,5,9,6,Dentist
user_3997,Astronomy,Singing,High School,30,"UI/UX Design,Data Analysis,Leadership",8,1,4,10,6,1,9,UX Designer
user_3998,Sports,Reading,Vocational,64,"Foreign Languages,Time Management",9,1,7,9,2,4,6,Biomedical Engineer
user_3999,Environment,Cooking,Bachelor's,39,"Foreign Languages,Data Analysis,Negotiation,Driving",8,8,3,4,6,6,2,Lawyer
user_4000,History,Writing,Vocational,47,"Weightlifting,Negotiation",10,10,5,5,7,2,8,UX Designer
user_4001,Fitness,Bird Watching,Doctorate,61,"Foreign Languages,Empathy",8,5,1,10,2,3,7,Chef
user_4002,Writing,Cycling,High School,45,"Leadership,Public Speaking,Weightlifting,Sewing",3,4,3,6,9,7,10,Environmental Scientist
user_4003,Volunteering,Yoga,Master's,58,"Video Editing,Driving,Robotics,Cooking",5,2,2,3,5,3,3,Chef
user_4004,Gaming,Cooking,Doctorate,25,"Cybersecurity,Carpentry,Empathy,Sewing,AI Prompt Engineering",6,3,2,9,7,7,8,Actor
user_4005,DIY,Video Gaming,Bachelor's,63,"Time Management,Critical Thinking,Driving,Weightlifting",9,7,4,8,9,8,9,Lawyer
user_4006,Chess,Bird Watching,Doctorate,26,"Cybersecurity,Leadership,Weightlifting,Data Analysis",9,8,1,7,4,4,8,Biomedical Engineer
user_4007,Travel,Cooking,Bachelor's,65,"Digital Marketing,Foreign Languages",2,6,10,4,7,5,1,Mechanic
user_4008,Psychology,Reading,Bachelor's,37,"Cybersecurity,AI Prompt Engineering,Foreign Languages,Carpentry",5,2,4,3,5,6,10,Cybersecurity Specialist
user_4009,Technology,Photography,Bachelor's,44,"UI/UX Design,Graphic Design,Creativity",4,5,4,9,3,6,1,Graphic Designer
user_4010,Writing,Gardening,Vocational,34,"Negotiation,Time Management",5,10,3,9,4,5,10,Construction Worker
user_4011,Animals,Fitness,Associate's,52,"Critical Thinking,Empathy,First Aid",7,10,2,8,1,4,3,Registered Nurse
user_4012,Fashion,Meditation,Doctorate,27,"Driving,Data Analysis",8,1,1,6,3,5,6,Journalist
user_4013,Astronomy,Rock Climbing,High School,48,"Robotics,Public Speaking,Time Management",9,5,1,3,8,1,10,Environmental Scientist
user_4014,Languages,Collecting Stamps,Master's,49,"Writing,Leadership",7,3,6,7,2,6,7,Environmental Scientist
user_4015,Film,Fishing,Doctorate,19,"Sewing,Cooking,Video Editing,Time Management",7,1,7,3,9,6,4,Journalist
user_4016,Astronomy,Photography,High School,62,"UI/UX Design,Cybersecurity,Foreign Languages",4,6,5,4,2,4,4,Social Worker
user_4017,Fitness,Bird Watching,Master's,31,"First Aid,Conflict Resolution",10,8,10,2,1,4,1,Psychologist
user_4018,Reading,Reading,Doctorate,38,"Programming,Critical Thinking",5,1,10,4,1,6,8,Data Scientist
user_4019,Acting,Knitting,High School,20,"Critical Thinking,Project Management,Singing,Foreign Languages",4,6,8,5,1,9,9,Mechanic
user_4020,Environment,Board Games,Doctorate,41,"Data Analysis,Critical Thinking,Programming",6,3,7,4,8,4,4,Data Scientist
user_4021,Volunteering,Meditation,High School,36,"Singing,Cybersecurity,Graphic Design",1,1,7,4,2,1,6,Biomedical Engineer
user_4022,Entrepreneurship,Chess,Doctorate,35,"Programming,Critical Thinking,Data Analysis",4,9,3,2,1,10,3,Software Engineer
user_4023,Volunteering,Collecting Stamps,Vocational,25,"Singing,Negotiation,Weightlifting,Programming,Time Management",9,10,5,8,10,4,10,Mechanic
user_4024,Reading,Skiing,High School,18,"Public Speaking,Digital Marketing,Weightlifting,Leadership,Empathy",3,3,4,9,3,3,4,Journalist
user_4025,Psychology,Gardening,Associate's,57,"Sewing,Financial Literacy,Cooking",1,2,9,9,8,3,1,Farm Worker
user_4026,DIY,Board Games,Bachelor's,52,"Data Analysis,Photography,Conflict Resolution,Programming,Leadership",5,9,4,10,8,3,1,Pilot
user_4027,Volunteering,Meditation,Master's,42,"Electrical Repair,Critical Thinking,Leadership,Sewing",10,4,7,8,1,7,2,Lawyer
user_4028,Reading,Chess,Master's,41,"Data Analysis,Programming",4,2,6,1,1,6,9,Data Scientist
user_4029,Languages,Cooking,Associate's,39,"Graphic Design,First Aid,UI/UX Design,Empathy,Electrical Repair",9,5,4,8,7,1,2,Chef
user_4030,Volunteering,Crafts,Bachelor's,45,"Empathy,Leadership",10,4,7,1,5,3,6,Elementary Teacher
user_4031,Photography,Traveling,Master's,38,"Cybersecurity,Empathy",9,5,4,3,5,5,6,UX Designer
user_4032,Cars,Photography,Vocational,27,"Sewing,Time Management,Cooking,Project Management,Cybersecurity",4,9,3,2,1,7,3,Construction Worker
user_4033,Volunteering,Volunteering,Vocational,44,"Empathy,Critical Thinking,First Aid",2,5,9,3,3,5,4,Registered Nurse
user_4034,Technology,Origami,Associate's,46,"AI Prompt Engineering,Conflict Resolution,Digital Marketing",10,8,5,3,7,1,9,Architect
user_4035,Collecting,Meditation,Master's,25,"Sewing,Driving,Robotics,Digital Marketing",6,4,10,6,10,6,7,Actor
user_4036,Reading,Scuba Diving,Bachelor's,57,"Writing,Photography,Video Editing",4,1,2,6,3,8,8,Electrician
user_4037,Sports,Running,Bachelor's,52,"Negotiation,Project Management",10,2,9,5,5,1,10,Chef
user_4038,Acting,Fishing,Bachelor's,30,"Photography,Programming",3,3,1,4,8,4,6,Social Worker
user_4039,Dancing,Swimming,Associate's,61,"Singing,Empathy,Negotiation,Driving,Public Speaking",7,1,10,4,4,8,2,Actor
user_4040,Chess,Reading,Doctorate,31,"Critical Thinking,Data Analysis,Programming",10,4,3,3,1,7,2,Software Engineer
user_4041,Astronomy,Collecting Stamps,Master's,63,"Time Management,Cooking,Programming,Conflict Resolution,Critical Thinking",8,1,1,7,3,3,6,Farm Worker
user_4042,Film,Yoga,Master's,59,"AI Prompt Engineering,UI/UX Design",3,4,10,4,7,1,5,Farm Worker
user_4043,Animals,Reading,Vocational,37,"First Aid,Empathy",3,6,10,9,3,3,2,Registered Nurse
user_4044,Film,Yoga,Doctorate,34,"Negotiation,Graphic Design,Video Editing,AI Prompt Engineering",7,2,4,8,1,4,5,Civil Engineer
user_4045,Dancing,Fishing,Doctorate,20,"Financial Literacy,Electrical Repair,Critical Thinking",4,10,4,10,2,10,2,Electrician
user_4046,Technology,Chess,Master's,41,"Data Analysis,Critical Thinking,Programming",8,3,6,1,10,4,4,Software Engineer
user_4047,Acting,Reading,Associate's,31,"Cooking,Research,Carpentry,Singing",2,4,5,10,8,9,6,Actor
user_4048,Technology,Reading,Bachelor's,29,"Programming,Data Analysis",3,6,6,2,4,1,10,Data Scientist
user_4049,Languages,Writing,Bachelor's,36,"Sewing,Writing,Programming,Photography,Critical Thinking",6,7,3,2,6,6,6,Actor
user_4050,Dancing,Meditation,Associate's,49,"Robotics,Time Management,Research,Conflict Resolution",5,2,10,1,5,6,5,UX Designer
user_4051,Meditation,Painting,Master's,27,"Public Speaking,Financial Literacy,AI Prompt Engineering,Leadership",9,7,7,7,2,2,9,Mechanic
user_4052,Languages,Reading,High School,44,"Singing,Public Speaking",3,1,4,2,6,6,7,Biomedical Engineer
user_4053,History,Astronomy,Vocational,58,"Empathy,First Aid,Critical Thinking,Sewing",6,1,8,7,6,5,8,Construction Worker
user_4054,History,Running,Master's,47,"Negotiation,Driving,Weightlifting,Data Analysis,Conflict Resolution",5,3,6,9,1,8,5,Electrician
user_4055,Travel,Astronomy,Bachelor's,18,"Data Analysis,Critical Thinking",6,3,4,3,4,3,10,Mechanic
user_4056,Travel,Scuba Diving,Master's,38,"Leadership,Critical Thinking,Photography",1,8,2,9,5,7,7,Sales Representative
user_4057,Art,Skiing,Vocational,31,"Data Analysis,Digital Marketing,Time Management",4,7,1,6,8,3,1,Biomedical Engineer
user_4058,Reading,Writing,Vocational,33,"Negotiation,Singing,Project Management,Video Editing,Digital Marketing",1,2,7,2,9,1,4,Plumber
user_4059,Travel,Writing,Associate's,18,"Critical Thinking,Sewing,Writing,Negotiation",6,2,6,7,10,9,4,AI Engineer
user_4060,Fashion,Photography,Associate's,34,"UI/UX Design,Graphic Design,Creativity",10,9,3,8,8,2,8,Graphic Designer
user_4061,Meditation,Knitting,Bachelor's,25,"Graphic Design,Cybersecurity,Electrical Repair",8,5,5,5,2,6,7,Farm Worker
user_4062,Cooking,Yoga,Master's,22,"Project Management,UI/UX Design,Singing",2,9,1,2,3,10,6,Social Worker
user_4063,Cooking,Knitting,Associate's,20,"Data Analysis,Cybersecurity,Empathy,Critical Thinking,Conflict Resolution",10,2,4,2,1,5,7,Psychologist
user_4064,Sports,Fishing,Associate's,31,"Financial Literacy,Carpentry",10,1,4,9,3,7,6,Lawyer
user_4065,Acting,Knitting,Vocational,30,"Public Speaking,Weightlifting,Financial Literacy,UI/UX Design,AI Prompt Engineering",6,2,2,4,10,2,3,Sales Representative
user_4066,Environment,Painting,Associate's,62,"Graphic Design,UI/UX Design",9,8,5,3,3,4,2,Marketing Manager
user_4067,Astronomy,Dancing,Bachelor's,19,"Critical Thinking,UI/UX Design,Weightlifting",1,10,8,2,9,2,5,Biomedical Engineer
user_4068,Sports,Pottery,Doctorate,24,"Photography,Data Analysis,Writing,Empathy,Singing",6,3,10,8,7,5,3,Journalist
user_4069,Entrepreneurship,Photography,Bachelor's,62,"Driving,Singing,Robotics,Video Editing",10,3,8,5,3,10,1,Civil Engineer
user_4070,Volunteering,Photography,High School,24,"Writing,Public Speaking",5,1,5,8,9,8,4,Civil Engineer
user_4071,Film,Video Gaming,Doctorate,18,"Public Speaking,Writing,UI/UX Design",4,10,8,1,2,7,4,Mechanic
user_4072,Art,Singing,Bachelor's,48,"Time Management,Video Editing",8,7,8,5,2,7,7,UX Designer
user_4073,Cars,Yoga,Doctorate,37,"Driving,Project Management,Critical Thinking,Cooking",1,5,10,9,9,7,5,Architect
user_4074,Gardening,Volunteering,Master's,50,"Public Speaking,Empathy",6,3,6,5,2,8,9,Elementary Teacher
user_4075,Animals,Volunteering,Associate's,55,"Empathy,Leadership,Public Speaking",8,2,1,5,6,7,9,Elementary Teacher
user_4076,History,Rock Climbing,Bachelor's,20,"Creativity,Graphic Design",6,2,4,7,3,8,3,Graphic Designer
user_4077,Technology,Chess,Doctorate,32,"Programming,Data Analysis",6,5,8,2,3,2,7,Data Scientist
user_4078,Dancing,Skiing,Bachelor's,49,"First Aid,Critical Thinking,Empathy",10,8,5,9,1,3,4,Registered Nurse
user_4079,Technology,Collecting Stamps,Bachelor's,33,"Driving,Financial Literacy,Leadership",5,7,1,8,5,10,2,Dentist
user_4080,Dancing,Hiking,Master's,45,"Research,Driving",5,8,6,2,1,5,3,Lawyer
user_4081,Animals,Meditation,Vocational,30,"Research,Cooking,Writing",2,8,7,9,6,4,9,Social Worker
user_4082,Fashion,Video Gaming,Vocational,48,"Project Management,Leadership,Programming,AI Prompt Engineering,Conflict Resolution",3,8,8,2,5,1,1,Mechanic
user_4083,Dancing,Bird Watching,Vocational,45,"Leadership,Cooking",8,6,3,5,6,3,2,Architect
user_4084,Fitness,Fitness,Doctorate,42,"Empathy,First Aid",3,2,6,10,5,7,4,Registered Nurse
user_4085,Acting,Video Gaming,Bachelor's,55,"Data Analysis,Electrical Repair",8,1,7,10,1,6,4,Marketing Manager
user_4086,History,Board Games,Doctorate,57,"Empathy,Cooking,UI/UX Design,Graphic Design,Weightlifting",5,4,7,5,7,3,10,Electrician
user_4087,Entrepreneurship,Bird Watching,Associate's,41,"Data Analysis,Programming,Critical Thinking",7,1,9,4,1,8,4,Data Scientist
user_4088,Psychology,Chess,High School,58,"Research,Robotics,Foreign Languages,Leadership,Negotiation",7,5,5,10,3,6,6,Farm Worker
user_4089,Gardening,Yoga,Bachelor's,52,"Programming,Project Management",3,1,10,8,7,5,7,Sales Representative
user_4090,Reading,Painting,Doctorate,60,"First Aid,Project Management,Robotics,Photography,Digital Marketing",5,2,3,9,4,5,4,Sales Representative
user_4091,History,Astronomy,Bachelor's,50,"Writing,Negotiation,Digital Marketing,AI Prompt Engineering",2,7,10,2,4,10,5,Plumber
user_4092,Entrepreneurship,Traveling,High School,42,"AI Prompt Engineering,Leadership,First Aid",9,2,2,8,3,3,6,AI Engineer
user_4093,Technology,Astronomy,Vocational,29,"Foreign Languages,Financial Literacy,Public Speaking,Video Editing",4,10,9,2,9,1,9,Plumber
user_4094,Cars,Collecting Stamps,Doctorate,33,"Public Speaking,Cybersecurity,Writing,Singing,Time Management",5,10,4,6,1,7,2,Biomedical Engineer
user_4095,Technology,Photography,High School,33,"Singing,Sewing,Foreign Languages,Cooking",8,10,7,9,2,1,4,Farm Worker
user_4096,Photography,Writing,Vocational,53,"Cooking,AI Prompt Engineering",6,5,4,2,3,5,7,Pilot
user_4097,Photography,Video Gaming,Master's,24,"Graphic Design,Data Analysis,Time Management,Negotiation",9,8,4,7,1,7,4,Chef
user_4098,Fashion,Cooking,Vocational,54,"Photography,Carpentry,Electrical Repair,Time Management",2,9,3,4,4,2,7,Construction Worker
user_4099,Chess,Scuba Diving,Master's,22,"Sewing,Cooking,Critical Thinking,Singing,Graphic Design",5,5,3,4,4,6,3,Mechanic
user_4100,Chess,Astronomy,Bachelor's,37,"UI/UX Design,Leadership,Writing,Time Management,Project Management",8,2,9,6,6,2,4,Chef
user_4101,Collecting,Singing,Master's,64,"Singing,Writing",9,5,2,8,9,7,8,Farm Worker
user_4102,Fitness,Baking,Doctorate,56,"Research,Writing,Carpentry,Programming",3,1,4,6,3,2,1,Sales Representative
user_4103,Writing,Playing Guitar,Master's,55,"Digital Marketing,Graphic Design,Photography",9,7,4,5,10,3,4,Journalist
user_4104,Volunteering,Volunteering,Associate's,28,"Empathy,First Aid",2,7,5,1,5,1,4,Registered Nurse
user_4105,Gaming,Reading,Bachelor's,57,"First Aid,Digital Marketing",9,10,2,2,5,9,3,UX Designer
user_4106,Meditation,Chess,Associate's,22,"Sewing,Programming,Graphic Design,Driving",7,7,5,2,6,1,10,Civil Engineer
user_4107,Reading,Fishing,Vocational,43,"Data Analysis,Programming",10,4,10,3,9,3,3,Data Scientist
user_4108,Cooking,Board Games,Bachelor's,28,"Robotics,Electrical Repair,Data Analysis,Weightlifting",10,4,10,2,7,6,3,Cybersecurity Specialist
user_4109,Sports,Origami,High School,32,"Critical Thinking,Leadership,Sewing,Weightlifting,Public Speaking",1,3,6,5,1,7,5,Dentist
user_4110,DIY,Bird Watching,Doctorate,38,"Carpentry,Time Management,Data Analysis",3,4,7,6,6,7,5,Pilot
user_4111,Reading,Reading,Master's,32,"Data Analysis,Critical Thinking",10,3,3,9,4,5,4,Data Scientist
user_4112,Entrepreneurship,Swimming,Bachelor's,45,"Data Analysis,Critical Thinking,Programming",7,7,5,5,7,6,2,Software Engineer
user_4113,Acting,Volunteering,Associate's,30,"Critical Thinking,First Aid,Empathy",6,1,8,5,3,10,9,Registered Nurse
user_4114,Music,Gardening,High School,22,"Weightlifting,Cooking",7,9,10,8,8,10,1,Marketing Manager
user_4115,Film,Painting,High School,43,"Robotics,Driving,Leadership,AI Prompt Engineering,Research",3,9,7,10,8,10,8,Civil Engineer
user_4116,Travel,Rock Climbing,Associate's,48,"Project Management,Research,Weightlifting",4,2,6,3,7,1,6,Statistician
user_4117,Volunteering,Cycling,High School,20,"Empathy,Negotiation",5,5,8,6,2,3,5,Psychologist
user_4118,Meditation,Gardening,Doctorate,21,"Research,Programming,Driving",4,3,9,8,1,8,9,Social Worker
user_4119,Chess,Singing,Vocational,41,"AI Prompt Engineering,Cybersecurity",2,6,6,8,4,3,3,Dentist
user_4120,Chess,Dancing,Associate's,27,"AI Prompt Engineering,Empathy,Cybersecurity,Leadership,Sewing",4,3,1,10,10,2,3,Farm Worker
user_4121,Environment,Singing,High School,64,"Graphic Design,Cybersecurity,Leadership,First Aid,Sewing",6,7,8,3,8,9,6,Journalist
user_4122,Fitness,Bird Watching,Doctorate,46,"First Aid,Video Editing",8,4,4,10,1,10,3,Architect
user_4123,Cooking,Bird Watching,Associate's,18,"Data Analysis,Foreign Languages,Time Management",5,8,5,4,5,2,9,Cybersecurity Specialist
user_4124,Chess,Gardening,Vocational,24,"First Aid,UI/UX Design,Cooking,AI Prompt Engineering,Singing",3,2,10,5,2,6,2,Construction Worker
user_4125,History,Reading,Master's,40,"UI/UX Design,Programming,Financial Literacy,Research",4,1,4,3,6,4,6,Journalist
user_4126,Cooking,Reading,Doctorate,62,"Robotics,Foreign Languages,Programming,Financial Literacy",7,5,3,1,10,3,3,Farm Worker
user_4127,Art,Video Gaming,High School,20,"Cybersecurity,Research,Programming,UI/UX Design,Data Analysis",2,4,1,4,3,3,4,Actor
user_4128,Magic,Chess,Associate's,31,"Cybersecurity,Conflict Resolution,Cooking,Video Editing,Public Speaking",3,7,8,5,2,3,2,Mechanic
user_4129,Entrepreneurship,Traveling,Vocational,28,"UI/UX Design,AI Prompt Engineering,Financial Literacy",8,3,5,9,5,4,10,UX Designer
user_4130,Travel,Meditation,High School,18,"Data Analysis,Negotiation,Financial Literacy,Programming",8,2,1,9,2,7,6,Sales Representative
user_4131,Travel,Skiing,Vocational,21,"Singing,Digital Marketing,Financial Literacy",6,4,5,3,5,10,6,Journalist
user_4132,Languages,Swimming,Associate's,51,"Data Analysis,Financial Literacy,Cooking,Electrical Repair,Driving",8,10,10,4,3,5,7,Mechanic
user_4133,Travel,Board Games,Master's,57,"Leadership,Programming,Data Analysis,Carpentry,Cybersecurity",7,7,10,10,4,1,1,Lawyer
user_4134,Sports,Yoga,Vocational,65,"Robotics,Singing,Graphic Design",9,4,3,6,6,2,3,Biomedical Engineer
user_4135,Fashion,Cooking,Master's,47,"Data Analysis,Digital Marketing,Foreign Languages",10,1,9,7,7,1,3,Cybersecurity Specialist
user_4136,Art,Cycling,Doctorate,29,"Robotics,Public Speaking,Critical Thinking,Driving",1,4,5,2,8,7,1,Plumber
user_4137,History,Hiking,Master's,42,"Programming,First Aid,Electrical Repair,Robotics",1,5,3,1,9,7,7,Cybersecurity Specialist
user_4138,Sports,Playing Guitar,High School,62,"Research,Project Management",3,7,10,5,2,6,4,Dentist
user_4139,Cars,Dancing,High School,57,"Weightlifting,Project Management,Graphic Design",7,3,6,10,4,3,3,Journalist
user_4140,Travel,Pottery,Vocational,34,"Foreign Languages,Project Management",4,3,6,3,9,8,5,Sales Representative
user_4141,Acting,Bird Watching,Bachelor's,19,"Time Management,Carpentry,Research",2,10,2,7,6,9,1,Civil Engineer
user_4142,History,Meditation,Master's,45,"Cybersecurity,Digital Marketing,Conflict Resolution,Data Analysis,Leadership",1,6,9,4,1,10,8,Civil Engineer
user_4143,Technology,Video Gaming,Master's,41,"Critical Thinking,Data Analysis",6,4,4,6,10,5,1,Software Engineer
user_4144,Collecting,Baking,Associate's,19,"Time Management,Sewing,Leadership,Critical Thinking,Conflict Resolution",5,4,4,9,10,1,3,Financial Analyst
user_4145,Gaming,Chess,Master's,37,"Data Analysis,Critical Thinking,Programming",7,9,6,6,2,3,8,Software Engineer
user_4146,Photography,Astronomy,Doctorate,49,"Research,Cybersecurity",6,6,5,6,7,6,2,AI Engineer
user_4147,Writing,Yoga,Associate's,19,"Data Analysis,Digital Marketing,Financial Literacy,Singing",3,3,6,9,2,5,1,Lawyer
user_4148,Fitness,Volunteering,Bachelor's,48,"Critical Thinking,Empathy,First Aid",1,7,4,6,6,2,10,Registered Nurse
user_4149,Reading,Dancing,Master's,28,"Writing,Foreign Languages,Singing,Project Management",6,9,5,6,10,8,3,Psychologist
user_4150,Acting,Chess,Master's,37,"Critical Thinking,Data Analysis,Programming",10,3,1,3,10,8,7,Software Engineer
user_4151,Collecting,Yoga,Doctorate,32,"Driving,AI Prompt Engineering",4,7,7,8,2,2,7,Biomedical Engineer
user_4152,Photography,Board Games,Master's,43,"Conflict Resolution,Weightlifting,Time Management",2,9,8,10,4,8,6,Cybersecurity Specialist
user_4153,Writing,Board Games,Associate's,51,"Project Management,Conflict Resolution,Programming,Writing,Graphic Design",4,9,10,5,8,8,9,Financial Analyst
user_4154,History,Hiking,Associate's,23,"Carpentry,Photography",7,5,7,3,9,6,1,Electrician
user_4155,Collecting,Chess,Bachelor's,37,"Cybersecurity,Cooking",6,1,4,8,6,1,2,Environmental Scientist
user_4156,Astronomy,Pottery,Bachelor's,60,"UI/UX Design,Weightlifting",3,4,8,3,9,8,4,Plumber
user_4157,History,Swimming,Associate's,31,"AI Prompt Engineering,Cooking",5,8,2,8,8,5,2,Civil Engineer
user_4158,History,Knitting,High School,62,"Conflict Resolution,Data Analysis,Driving,Financial Literacy",7,1,1,9,1,5,5,Sales Representative
user_4159,Animals,Traveling,Associate's,23,"First Aid,Critical Thinking",6,4,1,1,8,4,5,Registered Nurse
user_4160,Gaming,Cycling,Vocational,30,"AI Prompt Engineering,Critical Thinking",4,9,1,2,9,1,9,Civil Engineer
user_4161,Reading,Reading,High School,28,"Financial Literacy,Conflict Resolution,Empathy,Electrical Repair,First Aid",6,9,7,2,9,10,5,Mechanic
user_4162,Volunteering,Painting,Doctorate,19,"Sewing,Singing,Project Management",6,4,7,6,6,3,3,Farm Worker
user_4163,Music,Cooking,Associate's,24,"Electrical Repair,Sewing,Data Analysis,Video Editing",2,10,6,5,7,8,3,Electrician
user_4164,Film,Gardening,Bachelor's,22,"Photography,Leadership",4,6,2,5,7,4,6,Construction Worker
user_4165,DIY,Baking,Master's,38,"Sewing,Cybersecurity,Empathy,Electrical Repair",7,3,1,7,10,4,5,HR Manager
user_4166,Volunteering,Reading,Master's,34,"Empathy,Leadership",2,8,3,3,6,6,2,Elementary Teacher
user_4167,Cooking,Meditation,Master's,54,"AI Prompt Engineering,Graphic Design",1,2,1,3,7,4,10,Architect
user_4168,Photography,Meditation,Associate's,53,"Critical Thinking,Programming,Conflict Resolution",4,10,1,7,1,8,8,Mechanic
user_4169,Sports,Fishing,High School,61,"Singing,Robotics,Sewing,Financial Literacy",9,3,1,3,5,5,7,Financial Analyst
user_4170,Gardening,Bird Watching,Bachelor's,55,"Programming,Critical Thinking,Conflict Resolution",3,2,5,6,4,9,3,Civil Engineer
user_4171,Animals,Hiking,Master's,42,"Project Management,Video Editing,Electrical Repair",3,4,6,7,2,2,10,Plumber
user_4172,Acting,Meditation,Bachelor's,53,"Digital Marketing,Negotiation,Cooking",4,2,9,5,5,5,7,AI Engineer
user_4173,Travel,Yoga,Bachelor's,24,"Singing,Financial Literacy,Leadership,Public Speaking,Data Analysis",8,8,2,1,9,7,10,AI Engineer
user_4174,Technology,Reading,Associate's,24,"Critical Thinking,Empathy,First Aid",3,2,1,6,5,4,6,Registered Nurse
user_4175,Magic,Singing,Master's,58,"Cybersecurity,Time Management,Project Management,Research,AI Prompt Engineering",2,1,9,1,8,8,9,Statistician
user_4176,Fashion,Painting,Bachelor's,33,"Creativity,Graphic Design,UI/UX Design",9,4,5,8,9,7,3,Graphic Designer
user_4177,Cars,Gardening,High School,52,"Programming,Cooking,Digital Marketing,Public Speaking,Weightlifting",10,1,8,9,7,2,2,Journalist
user_4178,Film,Video Gaming,High School,20,"Video Editing,Photography,Writing",5,7,5,7,3,3,6,Chef
user_4179,Gaming,Singing,Master's,65,"Empathy,Singing,Photography",6,10,4,1,2,7,9,Sales Representative
user_4180,Acting,Dancing,Bachelor's,38,"Data Analysis,Electrical Repair",2,5,5,1,4,5,3,Sales Representative
user_4181,Dancing,Board Games,High School,25,"Video Editing,Programming,UI/UX Design,Conflict Resolution,Carpentry",8,10,2,3,7,2,6,Mechanic
user_4182,Writing,Reading,Vocational,55,"Critical Thinking,Singing,Data Analysis",1,1,4,4,5,6,4,Plumber
user_4183,Entrepreneurship,Reading,Doctorate,48,"Critical Thinking,Data Analysis,Programming",7,8,9,10,6,4,8,Data Scientist
user_4184,Entrepreneurship,Writing,Master's,26,"Leadership,Graphic Design,Writing,Research",3,10,8,2,4,2,2,Statistician
user_4185,Travel,Chess,Doctorate,29,"Conflict Resolution,Empathy",2,3,2,9,3,9,9,Actor
user_4186,Animals,Reading,Bachelor's,33,"Empathy,Critical Thinking",10,6,5,4,3,5,5,Registered Nurse
user_4187,Cars,Cycling,High School,39,"Robotics,Singing",10,9,10,5,1,9,2,Journalist
user_4188,Technology,Cycling,Doctorate,20,"Photography,Leadership,Negotiation,Graphic Design,Cooking",4,5,4,6,7,8,10,Electrician
user_4189,Dancing,Video Gaming,Associate's,41,"Foreign Languages,Photography,Research,Writing",9,1,2,9,8,2,6,Lawyer
user_4190,Volunteering,Skiing,Bachelor's,46,"First Aid,Empathy",7,2,9,2,6,8,10,Registered Nurse
user_4191,Psychology,Pottery,Associate's,20,"UI/UX Design,Time Management,Cybersecurity,Programming,Financial Literacy",5,8,6,6,3,4,1,Social Worker
user_4192,Art,Painting,Bachelor's,39,"Creativity,Graphic Design",6,9,3,3,2,3,2,Graphic Designer
user_4193,History,Running,Master's,39,"Video Editing,Foreign Languages",6,10,4,6,7,2,5,HR Manager
user_4194,Cars,Origami,Master's,43,"Video Editing,Singing",10,3,2,8,5,5,8,Statistician
user_4195,History,Traveling,Master's,34,"Video Editing,Weightlifting,Digital Marketing,Time Management,Data Analysis",7,1,1,8,7,10,5,Chef
user_4196,Acting,Traveling,Master's,40,"Sewing,Research",7,4,6,5,2,7,8,Construction Worker
user_4197,Fashion,Board Games,Associate's,59,"Singing,Financial Literacy",7,4,3,5,4,4,6,AI Engineer
user_4198,Chess,Pottery,Doctorate,63,"Video Editing,Project Management",7,10,9,6,3,1,6,Marketing Manager
user_4199,DIY,Hiking,Vocational,59,"Time Management,Electrical Repair",5,7,6,7,4,9,3,Mechanic
user_4200,Entrepreneurship,Photography,Doctorate,57,"Cybersecurity,Foreign Languages,Research,Singing,Graphic Design",4,9,10,2,1,3,1,Journalist
user_4201,Photography,Singing,Bachelor's,39,"Public Speaking,Empathy",4,2,10,1,9,6,8,Sales Representative
user_4202,Magic,Photography,High School,34,"Creativity,UI/UX Design,Graphic Design",3,6,7,4,8,9,2,Graphic Designer
user_4203,Fashion,Playing Guitar,Vocational,59,"Negotiation,Robotics,Sewing,Writing",8,10,8,5,9,5,1,Plumber
user_4204,Volunteering,Painting,Bachelor's,27,"Research,Robotics,Programming,Video Editing,Cooking",8,7,9,3,10,10,7,Biomedical Engineer
user_4205,Volunteering,Baking,Bachelor's,50,"First Aid,Carpentry",9,9,8,9,10,3,6,Farm Worker
user_4206,History,Dancing,Associate's,25,"Writing,Graphic Design,Foreign Languages,Carpentry",7,10,7,8,3,9,10,Statistician
user_4207,Writing,Chess,Bachelor's,41,"Graphic Design,First Aid,Photography",1,10,10,6,4,3,2,Statistician
user_4208,Film,Pottery,Doctorate,42,"First Aid,Singing,Photography,Robotics",4,9,9,1,7,8,2,Psychologist
user_4209,Collecting,Writing,Bachelor's,57,"Empathy,Cooking,Driving,Foreign Languages,Video Editing",8,2,8,6,3,5,1,Social Worker
user_4210,Environment,Origami,Master's,32,"UI/UX Design,Writing,First Aid,Driving",10,6,1,1,5,5,2,Journalist
user_4211,Entrepreneurship,Reading,Bachelor's,29,"Data Analysis,Critical Thinking,Programming",6,7,6,9,9,8,10,Software Engineer
user_4212,DIY,Playing Guitar,Master's,63,"Graphic Design,Photography,Writing,Programming",8,9,8,1,4,4,1,UX Designer
user_4213,Art,Swimming,Doctorate,20,"Leadership,Carpentry,UI/UX Design,Cybersecurity,Empathy",2,8,10,8,7,5,7,Journalist
user_4214,Art,Skiing,High School,52,"Weightlifting,Programming",1,2,9,3,7,1,7,Construction Worker
user_4215,Entrepreneurship,Singing,Master's,53,"Weightlifting,Programming,Empathy,AI Prompt Engineering,Public Speaking",10,1,5,3,4,3,7,Actor
user_4216,Animals,Fitness,Associate's,31,"Critical Thinking,Empathy,First Aid",1,3,2,4,10,6,3,Registered Nurse
user_4217,Acting,Dancing,Bachelor's,25,"Cybersecurity,Robotics,Writing",1,2,6,8,8,5,5,Financial Analyst
user_4218,Animals,Pottery,Associate's,61,"Writing,Financial Literacy,Graphic Design,Foreign Languages",10,4,7,2,8,6,7,Mechanic
user_4219,Gardening,Writing,High School,23,"Cooking,Conflict Resolution,Electrical Repair,Programming",1,5,1,2,8,4,4,Construction Worker
user_4220,Reading,Scuba Diving,High School,32,"Sewing,Conflict Resolution",9,9,4,10,6,6,8,Journalist
user_4221,History,Collecting Stamps,Doctorate,63,"Robotics,Time Management,Critical Thinking,Carpentry",6,4,6,3,6,4,8,Dentist
user_4222,Meditation,Meditation,Master's,38,"First Aid,Programming,Singing,Empathy",10,10,6,9,10,3,9,Biomedical Engineer
user_4223,Entrepreneurship,Chess,Bachelor's,43,"Programming,Data Analysis,Critical Thinking",9,10,6,4,5,10,2,Software Engineer
user_4224,Animals,Playing Guitar,Associate's,36,"Time Management,AI Prompt Engineering,Financial Literacy,Writing",1,8,6,6,5,6,4,Chef
user_4225,Dancing,Video Gaming,High School,50,"Weightlifting,UI/UX Design,Writing,Conflict Resolution",5,4,9,3,7,8,9,Sales Representative
user_4226,Fashion,Knitting,Master's,20,"Time Management,Singing,Sewing,Graphic Design,Public Speaking",6,2,4,2,5,7,10,UX Designer
user_4227,Film,Hiking,Associate's,40,"Carpentry,Digital Marketing,Video Editing,Research,Financial Literacy",7,3,9,6,9,5,10,Mechanic
user_4228,DIY,Video Gaming,Vocational,52,"Singing,Leadership,Programming,Negotiation,Public Speaking",8,5,6,2,2,6,3,Social Worker
user_4229,Art,Reading,Vocational,18,"Digital Marketing,Cooking",3,8,6,2,8,3,9,Journalist
user_4230,Chess,Board Games,Doctorate,50,"Foreign Languages,UI/UX Design,Sewing",1,1,3,10,9,5,6,Pilot
user_4231,Dancing,Video Gaming,Doctorate,28,"Programming,Graphic Design,Singing,Time Management,Data Analysis",4,9,9,8,3,2,8,Journalist
user_4232,Reading,Rock Climbing,Master's,50,"Sewing,First Aid,Singing,Writing",10,5,10,4,2,8,4,AI Engineer
user_4233,Gaming,Reading,Bachelor's,28,"Critical Thinking,Photography,Cooking,Robotics,Leadership",6,7,10,4,3,9,8,HR Manager
user_4234,Meditation,Painting,Master's,40,"UI/UX Design,Creativity",6,1,4,8,4,6,1,Graphic Designer
user_4235,Writing,Bird Watching,Associate's,23,"Conflict Resolution,First Aid,Graphic Design,Leadership",9,3,3,9,8,1,1,Lawyer
user_4236,Animals,Astronomy,Vocational,31,"UI/UX Design,Photography,Time Management",9,8,5,5,6,2,3,Sales Representative
user_4237,Music,Video Gaming,Doctorate,43,"Critical Thinking,Financial Literacy,Driving,Project Management",1,8,1,8,8,2,4,Lawyer
user_4238,Fashion,Painting,Doctorate,33,"UI/UX Design,Graphic Design,Creativity",5,3,4,2,2,3,7,Graphic Designer
user_4239,Entrepreneurship,Scuba Diving,Bachelor's,37,"Cybersecurity,Cooking,Programming,Negotiation,Electrical Repair",6,2,10,5,4,5,3,AI Engineer
user_4240,DIY,Board Games,High School,23,"Critical Thinking,Research,Time Management,UI/UX Design",5,8,6,1,5,7,6,Construction Worker
user_4241,Volunteering,Running,High School,59,"Cybersecurity,Project Management,Foreign Languages",1,3,10,8,5,9,1,Environmental Scientist
user_4242,Travel,Board Games,Associate's,28,"Data Analysis,Leadership",9,10,8,7,2,2,1,UX Designer
user_4243,Reading,Swimming,Doctorate,59,"Digital Marketing,Negotiation,Cybersecurity,Driving",9,2,9,10,9,6,8,Statistician
user_4244,Gaming,Running,Vocational,58,"Singing,Cybersecurity,Research",6,6,2,6,2,1,10,AI Engineer
user_4245,Meditation,Running,High School,34,"Leadership,Graphic Design",3,8,3,8,5,7,1,Social Worker
user_4246,Cars,Cycling,Doctorate,22,"Empathy,UI/UX Design",9,5,9,6,6,8,10,Electrician
user_4247,Fitness,Chess,Master's,30,"Critical Thinking,Data Analysis,Programming",6,10,2,1,2,5,6,Software Engineer
user_4248,Travel,Writing,High School,22,"Leadership,Conflict Resolution,Electrical Repair",6,1,10,4,2,1,7,Marketing Manager
user_4249,Dancing,Origami,Bachelor's,48,"Carpentry,Conflict Resolution,Data Analysis,Foreign Languages,Video Editing",5,1,2,7,3,6,10,Pilot
user_4250,Astronomy,Painting,Master's,65,"Leadership,Robotics",10,4,8,3,6,10,6,Environmental Scientist
user_4251,Astronomy,Writing,Associate's,19,"Critical Thinking,Singing",2,1,3,8,1,4,7,Plumber
user_4252,Acting,Singing,Bachelor's,29,"Driving,Weightlifting,Writing",6,5,4,6,5,8,8,Construction Worker
user_4253,Fitness,Running,Bachelor's,54,"Cooking,Leadership,UI/UX Design",9,4,10,8,9,5,8,Pilot
user_4254,Fitness,Chess,Associate's,19,"Carpentry,Cybersecurity,Photography",2,3,5,9,10,2,5,Chef
user_4255,Animals,Volunteering,Doctorate,56,"Empathy,Public Speaking",8,3,1,5,2,7,9,Elementary Teacher
user_4256,Collecting,Fishing,High School,36,"Programming,Video Editing",1,7,8,1,9,8,7,Social Worker
user_4257,Travel,Skiing,High School,19,"Writing,Photography,Digital Marketing",9,6,3,9,10,3,6,Cybersecurity Specialist
user_4258,Cooking,Dancing,Bachelor's,22,"Electrical Repair,Writing,Digital Marketing,Empathy",2,8,6,4,7,4,10,Architect
user_4259,Animals,Reading,Master's,56,"Public Speaking,Leadership",4,7,10,2,10,6,8,Elementary Teacher
user_4260,Gaming,Video Gaming,Master's,34,"Data Analysis,Critical Thinking,Programming",9,3,9,8,6,9,4,Software Engineer
user_4261,Collecting,Photography,Associate's,63,"Digital Marketing,Robotics,Financial Literacy,UI/UX Design,Project Management",1,9,4,7,2,7,3,UX Designer
user_4262,Technology,Reading,Associate's,40,"Programming,Data Analysis",2,4,4,7,3,9,9,Data Scientist
user_4263,Reading,Bird Watching,High School,54,"Negotiation,Carpentry,Financial Literacy,Foreign Languages,Digital Marketing",1,3,7,7,10,9,1,Environmental Scientist
user_4264,Entrepreneurship,Cooking,Master's,19,"Photography,Electrical Repair",5,2,3,9,4,10,2,Lawyer
user_4265,Gaming,Cooking,Vocational,62,"Robotics,Cybersecurity",5,8,4,1,2,10,3,Dentist
user_4266,Collecting,Painting,Associate's,31,"Creativity,Graphic Design,UI/UX Design",8,2,10,1,2,5,8,Graphic Designer
user_4267,Animals,Astronomy,Associate's,52,"AI Prompt Engineering,Programming",2,6,2,8,5,9,10,Social Worker
user_4268,Astronomy,Playing Guitar,Bachelor's,35,"Financial Literacy,Singing,AI Prompt Engineering",5,2,6,3,4,6,10,Lawyer
user_4269,Psychology,Board Games,Bachelor's,41,"Negotiation,Graphic Design",8,5,8,8,3,4,5,AI Engineer
user_4270,Film,Astronomy,Doctorate,36,"UI/UX Design,Cooking,Research,Financial Literacy,Programming",4,4,6,1,5,7,9,Social Worker
user_4271,Animals,Gardening,Associate's,54,"Critical Thinking,Empathy,First Aid",4,3,3,10,10,2,10,Registered Nurse
user_4272,Photography,Collecting Stamps,Master's,49,"Carpentry,Digital Marketing",7,4,1,7,2,10,4,Plumber
user_4273,Astronomy,Rock Climbing,Master's,64,"UI/UX Design,Financial Literacy",2,9,8,2,7,7,10,Cybersecurity Specialist
user_4274,Astronomy,Board Games,Doctorate,28,"Project Management,Electrical Repair,Research,First Aid",3,1,8,9,5,3,8,AI Engineer
user_4275,Fitness,Running,Bachelor's,46,"First Aid,Robotics",4,7,5,9,10,4,7,Actor
user_4276,Astronomy,Scuba Diving,High School,21,"Negotiation,Data Analysis,UI/UX Design",9,9,3,9,2,7,1,Journalist
user_4277,Collecting,Board Games,High School,18,"Carpentry,Public Speaking,Graphic Design",4,10,3,2,7,1,10,Plumber
user_4278,Magic,Collecting Stamps,Doctorate,57,"UI/UX Design,Carpentry,Foreign Languages,Digital Marketing,Project Management",10,4,4,1,1,3,4,Mechanic
user_4279,Meditation,Chess,Associate's,45,"Critical Thinking,Programming,Data Analysis",7,5,10,9,9,3,5,Software Engineer
user_4280,DIY,Cooking,Bachelor's,43,"Robotics,Research",5,6,1,9,3,1,3,Plumber
user_4281,Cooking,Rock Climbing,Doctorate,39,"Time Management,Leadership,Photography",8,5,6,4,8,5,1,Pilot
user_4282,Magic,Rock Climbing,Master's,40,"Critical Thinking,Photography,Project Management,Financial Literacy,Programming",7,6,10,4,2,3,5,UX Designer
user_4283,Cars,Fishing,Associate's,39,"Digital Marketing,First Aid,Driving,Singing,Empathy",6,5,2,4,3,4,7,AI Engineer
user_4284,Fitness,Fitness,Bachelor's,34,"First Aid,Critical Thinking,Empathy",6,3,1,5,6,3,5,Registered Nurse
user_4285,Cars,Board Games,Master's,57,"Financial Literacy,Electrical Repair",7,2,4,2,9,8,7,Social Worker
user_4286,Acting,Reading,Doctorate,28,"Sewing,Electrical Repair,Singing,Research,Foreign Languages",10,6,2,3,8,1,6,Cybersecurity Specialist
user_4287,Collecting,Cooking,High School,21,"Driving,Public Speaking",4,10,1,2,2,1,9,Social Worker
user_4288,Magic,Reading,Vocational,52,"Leadership,Data Analysis,Cooking,Weightlifting,Critical Thinking",2,8,9,10,3,7,6,Environmental Scientist
user_4289,Technology,Traveling,Doctorate,41,"UI/UX Design,Digital Marketing,Leadership,Writing",1,10,8,10,2,6,5,Biomedical Engineer
user_4290,Volunteering,Playing Guitar,Bachelor's,22,"UI/UX Design,Leadership,Writing,Cooking",5,5,10,7,4,3,5,HR Manager
user_4291,Fashion,Cooking,Associate's,20,"UI/UX Design,Creativity",4,2,1,2,7,1,10,Graphic Designer
user_4292,Dancing,Reading,Associate's,23,"Data Analysis,Programming,Critical Thinking",5,3,4,4,6,8,5,Software Engineer
user_4293,Fashion,Photography,Associate's,34,"Graphic Design,UI/UX Design,Creativity",4,8,10,10,10,2,6,Graphic Designer
user_4294,Cars,Singing,High School,51,"Foreign Languages,Project Management",9,3,7,2,4,7,3,Chef
user_4295,Cars,Hiking,Doctorate,54,"Time Management,Digital Marketing,Project Management,Negotiation",5,5,1,6,6,5,7,Dentist
user_4296,Gaming,Reading,Bachelor's,35,"Critical Thinking,Programming,Data Analysis",9,5,5,8,7,1,8,Software Engineer
user_4297,Collecting,Cooking,Master's,44,"Critical Thinking,Photography,Digital Marketing,Robotics,Cybersecurity",10,9,10,9,6,3,6,Dentist
user_4298,Cooking,Dancing,Doctorate,38,"Conflict Resolution,Digital Marketing",2,6,4,10,6,4,2,Construction Worker
user_4299,Volunteering,Fishing,Doctorate,48,"Graphic Design,Electrical Repair,First Aid,Digital Marketing",2,10,3,7,3,2,10,Mechanic
user_4300,Cars,Dancing,Associate's,29,"UI/UX Design,Leadership,Driving,Foreign Languages",7,1,2,10,5,7,2,Lawyer
user_4301,Film,Fishing,Vocational,40,"Financial Literacy,Robotics,Singing,UI/UX Design",7,2,6,1,9,6,6,Chef
user_4302,Film,Cycling,Associate's,36,"Graphic Design,Public Speaking,Cooking,Electrical Repair,Singing",8,1,4,8,2,4,2,AI Engineer
user_4303,Meditation,Reading,Bachelor's,49,"Empathy,Critical Thinking",10,9,9,2,6,10,5,Registered Nurse
user_4304,Psychology,Meditation,Master's,24,"Carpentry,Sewing,Weightlifting,First Aid",3,8,6,1,10,1,2,Journalist
user_4305,Photography,Board Games,High School,42,"Digital Marketing,Programming,Robotics",4,1,1,5,6,3,1,Environmental Scientist
user_4306,Gaming,Baking,Master's,61,"Graphic Design,Critical Thinking,Time Management",7,4,9,7,8,7,9,Social Worker
user_4307,Writing,Bird Watching,High School,42,"Conflict Resolution,Project Management,Financial Literacy",2,8,9,10,5,3,7,Actor
user_4308,Collecting,Yoga,Master's,31,"Programming,Data Analysis,Critical Thinking",2,3,2,1,6,10,8,Software Engineer
user_4309,Music,Scuba Diving,Vocational,38,"Writing,Digital Marketing,Weightlifting,Carpentry,Cybersecurity",3,10,2,8,2,3,4,AI Engineer
user_4310,Travel,Chess,Vocational,42,"Time Management,Data Analysis,First Aid,Singing,Public Speaking",4,1,7,7,6,7,10,Biomedical Engineer
user_4311,Astronomy,Fishing,Doctorate,39,"Research,Weightlifting,Electrical Repair,Video Editing,Graphic Design",4,5,3,9,3,4,4,Dentist
user_4312,Cooking,Bird Watching,Vocational,64,"Negotiation,Graphic Design",4,10,6,5,2,5,10,Chef
user_4313,Acting,Fishing,Bachelor's,59,"AI Prompt Engineering,Video Editing",3,4,3,7,9,7,3,Marketing Manager
user_4314,Film,Collecting Stamps,High School,40,"Negotiation,AI Prompt Engineering,Programming,Conflict Resolution",9,5,9,4,2,1,4,AI Engineer
user_4315,Fashion,Yoga,Master's,50,"Public Speaking,AI Prompt Engineering,Conflict Resolution",8,7,9,2,3,8,9,UX Designer
user_4316,Chess,Collecting Stamps,Master's,40,"Weightlifting,AI Prompt Engineering",1,7,3,10,5,5,3,AI Engineer
user_4317,Gardening,Origami,Bachelor's,24,"Singing,Writing,Negotiation",4,4,5,9,1,9,1,Mechanic
user_4318,Sports,Scuba Diving,Vocational,25,"Carpentry,Cooking,First Aid,Empathy",9,3,8,2,9,10,9,Pilot
user_4319,Art,Drawing,Bachelor's,44,"UI/UX Design,Graphic Design,Creativity",3,2,8,7,10,10,10,Graphic Designer
user_4320,Languages,Playing Guitar,High School,59,"Critical Thinking,Conflict Resolution,Public Speaking,Video Editing,Digital Marketing",10,6,10,1,8,1,1,Marketing Manager
user_4321,Astronomy,Hiking,Associate's,25,"Sewing,Time Management",1,10,4,4,2,9,7,Sales Representative
user_4322,Sports,Scuba Diving,Bachelor's,57,"Conflict Resolution,Video Editing,Empathy",7,4,10,2,9,10,1,Plumber
user_4323,Cooking,Board Games,High School,51,"Data Analysis,First Aid,Financial Literacy,UI/UX Design",2,10,8,4,5,9,7,Journalist
user_4324,Environment,Astronomy,High School,49,"UI/UX Design,Cybersecurity,Video Editing,Leadership",7,9,1,5,8,8,10,Construction Worker
user_4325,Fashion,Writing,Master's,47,"Time Management,Weightlifting",2,4,10,3,2,2,8,Sales Representative
user_4326,Dancing,Singing,Associate's,60,"Time Management,Robotics,Electrical Repair,Driving,Photography",9,10,3,7,10,5,9,AI Engineer
user_4327,Collecting,Singing,Associate's,58,"Financial Literacy,Driving",1,6,5,6,4,1,5,Mechanic
user_4328,Dancing,Running,Master's,55,"Programming,Photography,Video Editing,Driving",5,1,3,10,9,2,7,Construction Worker
user_4329,Music,Rock Climbing,Bachelor's,35,"UI/UX Design,Graphic Design",6,6,2,6,3,2,10,Graphic Designer
user_4330,Reading,Knitting,Bachelor's,37,"Data Analysis,Programming",3,1,5,5,2,6,7,Data Scientist
user_4331,History,Skiing,Master's,36,"Conflict Resolution,Research,Financial Literacy,Public Speaking",2,9,10,9,10,3,7,Sales Representative
user_4332,Animals,Fitness,Vocational,33,"Critical Thinking,First Aid,Empathy",4,5,10,4,6,6,4,Registered Nurse
user_4333,Psychology,Pottery,Bachelor's,43,"AI Prompt Engineering,Digital Marketing,Weightlifting,Foreign Languages,Empathy",9,10,2,10,6,3,1,Statistician
user_4334,Fashion,Chess,High School,40,"Sewing,Research,Foreign Languages,Conflict Resolution",4,4,5,5,2,10,1,Farm Worker
user_4335,Travel,Singing,Master's,34,"Sewing,Public Speaking,Weightlifting",8,5,9,1,2,6,6,Chef
user_4336,Cooking,Video Gaming,High School,56,"Empathy,Foreign Languages,Financial Literacy",9,1,8,6,1,1,10,Civil Engineer
user_4337,Psychology,Pottery,High School,45,"UI/UX Design,Digital Marketing,Sewing,Robotics,Photography",9,3,9,8,9,10,10,Social Worker
user_4338,Gaming,Cycling,Associate's,24,"Foreign Languages,AI Prompt Engineering,Sewing",10,3,9,8,2,1,1,Mechanic
user_4339,Writing,Hiking,Associate's,40,"Graphic Design,Foreign Languages,Photography,Leadership",9,9,4,3,9,10,10,Electrician
user_4340,History,Running,High School,25,"Sewing,Singing",1,10,9,2,7,7,1,HR Manager
user_4341,Dancing,Yoga,Bachelor's,24,"Digital Marketing,Singing,Driving,Critical Thinking",1,2,2,6,5,1,4,Social Worker
user_4342,Collecting,Video Gaming,High School,39,"Photography,Programming,AI Prompt Engineering,Foreign Languages",3,8,8,2,9,7,10,Statistician
user_4343,Reading,Cooking,Bachelor's,21,"Empathy,AI Prompt Engineering,Project Management,Weightlifting",8,5,6,4,8,10,6,Pilot
user_4344,Entrepreneurship,Collecting Stamps,Vocational,53,"Critical Thinking,Data Analysis",8,10,6,9,9,4,1,HR Manager
user_4345,Entrepreneurship,Gardening,High School,29,"Cooking,Public Speaking,Photography,Singing",5,8,2,1,7,9,10,AI Engineer
user_4346,Collecting,Traveling,Vocational,33,"Public Speaking,UI/UX Design",2,1,10,5,6,10,8,Cybersecurity Specialist
user_4347,Astronomy,Playing Guitar,High School,52,"Video Editing,Photography",5,9,2,2,1,6,1,Cybersecurity Specialist
user_4348,Writing,Rock Climbing,Master's,38,"Sewing,Digital Marketing,Weightlifting,Video Editing",2,3,8,4,6,9,6,Lawyer
user_4349,Volunteering,Traveling,High School,50,"Electrical Repair,Video Editing,UI/UX Design,Carpentry",4,7,3,4,10,2,7,Civil Engineer
user_4350,Film,Baking,Associate's,38,"Cooking,Video Editing,Leadership",8,1,9,9,1,7,4,Plumber
user_4351,Art,Astronomy,Associate's,37,"Digital Marketing,Electrical Repair",3,9,3,10,2,3,8,Civil Engineer
user_4352,Magic,Astronomy,Doctorate,53,"Public Speaking,Research",7,9,5,2,2,7,1,Psychologist
user_4353,Gaming,Origami,Associate's,49,"Digital Marketing,Leadership,Electrical Repair",5,9,5,9,10,4,7,Construction Worker
user_4354,Dancing,Hiking,Associate's,60,"Cybersecurity,Driving,Singing,Sewing,Graphic Design",4,8,5,3,2,5,2,Sales Representative
user_4355,Dancing,Gardening,Associate's,43,"Cooking,AI Prompt Engineering",9,10,10,3,7,2,2,Plumber
user_4356,Environment,Chess,Vocational,36,"Negotiation,Public Speaking",2,4,7,9,2,10,5,Sales Representative
user_4357,Technology,Board Games,Master's,56,"Project Management,Time Management,Research,Cooking,Negotiation",1,6,6,3,5,2,2,Psychologist
user_4358,Meditation,Collecting Stamps,Master's,28,"AI Prompt Engineering,UI/UX Design,Driving",4,5,7,7,3,10,8,Actor
user_4359,Technology,Scuba Diving,Master's,55,"Electrical Repair,Carpentry,Foreign Languages,Photography",5,9,6,6,1,1,3,Actor
user_4360,Fashion,Board Games,Master's,28,"Video Editing,Graphic Design,Time Management,Leadership,Project Management",9,6,10,1,5,1,7,Dentist
user_4361,Technology,Video Gaming,Doctorate,28,"Data Analysis,Programming",2,4,3,7,4,4,10,Software Engineer
user_4362,Reading,Pottery,Bachelor's,48,"First Aid,Empathy,Leadership",2,6,4,10,2,3,3,Lawyer
user_4363,Gardening,Swimming,Master's,21,"Sewing,Digital Marketing,Foreign Languages,Research",5,5,5,7,10,5,5,UX Designer
user_4364,History,Skiing,High School,41,"Financial Literacy,Conflict Resolution,Public Speaking",4,3,7,2,6,2,9,Biomedical Engineer
user_4365,Reading,Chess,Bachelor's,32,"Project Management,Leadership,Critical Thinking",1,2,5,5,10,8,10,UX Designer
user_4366,Sports,Cycling,Bachelor's,33,"Leadership,AI Prompt Engineering",3,8,6,1,1,7,10,Psychologist
user_4367,Magic,Reading,Doctorate,44,"Cybersecurity,Critical Thinking,Sewing,Leadership,UI/UX Design",2,8,10,9,10,1,4,Psychologist
user_4368,Cars,Writing,Doctorate,50,"Sewing,Photography",1,2,3,2,8,1,10,Environmental Scientist
user_4369,Writing,Hiking,Associate's,25,"Carpentry,Conflict Resolution",10,1,7,2,7,10,2,Architect
user_4370,Music,Video Gaming,Bachelor's,55,"Writing,Programming,Carpentry,Cooking,Cybersecurity",9,10,2,3,8,2,8,Pilot
user_4371,Environment,Rock Climbing,High School,21,"Empathy,Project Management,Leadership,Time Management",5,2,7,9,7,4,2,Architect
user_4372,Psychology,Bird Watching,Master's,46,"Cooking,Weightlifting",5,2,2,7,7,10,2,AI Engineer
user_4373,Fitness,Painting,Bachelor's,56,"Driving,Time Management,Research,Foreign Languages,Weightlifting",8,7,9,7,10,10,1,Environmental Scientist
user_4374,Music,Chess,High School,33,"Time Management,Conflict Resolution,Cybersecurity,Financial Literacy,Foreign Languages",5,1,5,10,8,1,4,Cybersecurity Specialist
user_4375,Dancing,Photography,Associate's,40,"Sewing,Financial Literacy,Conflict Resolution,Writing,Public Speaking",2,9,4,1,8,9,5,Statistician
user_4376,Entrepreneurship,Video Gaming,Bachelor's,25,"Programming,Data Analysis",3,4,10,4,6,5,1,Software Engineer
user_4377,Magic,Chess,Bachelor's,28,"Singing,Graphic Design,Project Management,Research,Data Analysis",10,7,6,8,4,6,2,Marketing Manager
user_4378,Animals,Reading,Associate's,35,"First Aid,Critical Thinking,Empathy",5,9,6,5,10,8,6,Registered Nurse
user_4379,Meditation,Pottery,Vocational,27,"Financial Literacy,Time Management,Writing,Digital Marketing,Video Editing",1,7,4,1,2,8,10,Psychologist
user_4380,Art,Drawing,Associate's,37,"UI/UX Design,Creativity,Graphic Design",5,6,2,2,7,2,1,Graphic Designer
user_4381,Magic,Board Games,Vocational,28,"Project Management,AI Prompt Engineering,Sewing,Photography,Video Editing",6,9,9,4,5,10,10,Civil Engineer
user_4382,Acting,Origami,Associate's,27,"Robotics,Driving,Electrical Repair,AI Prompt Engineering,Graphic Design",4,9,9,6,2,6,9,Architect
user_4383,Magic,Video Gaming,High School,51,"AI Prompt Engineering,Graphic Design,Financial Literacy",8,9,1,8,7,7,2,Plumber
user_4384,Volunteering,Video Gaming,High School,19,"Photography,Foreign Languages",6,2,3,3,1,2,7,UX Designer
user_4385,Fitness,Skiing,Bachelor's,29,"Time Management,Singing,Robotics,Negotiation",7,9,5,3,2,3,3,AI Engineer
user_4386,Dancing,Chess,Vocational,20,"Financial Literacy,UI/UX Design",10,5,3,7,8,4,7,Cybersecurity Specialist
user_4387,Animals,Volunteering,Associate's,42,"Empathy,First Aid",1,3,6,10,1,5,8,Registered Nurse
user_4388,Volunteering,Reading,Master's,48,"Leadership,Public Speaking,Empathy",3,9,5,8,2,3,8,Elementary Teacher
user_4389,Entrepreneurship,Board Games,Master's,31,"Data Analysis,Programming",6,6,10,8,7,2,4,Data Scientist
user_4390,Meditation,Video Gaming,Master's,45,"Driving,Writing",8,1,1,2,3,9,1,UX Designer
user_4391,Gaming,Running,Doctorate,56,"Digital Marketing,Cybersecurity,Data Analysis",2,10,9,10,7,9,4,Marketing Manager
user_4392,Sports,Reading,Doctorate,42,"Financial Literacy,Cooking",7,5,4,3,10,1,1,Actor
user_4393,Astronomy,Writing,Vocational,49,"Programming,Sewing,Foreign Languages,Cybersecurity",4,7,3,3,10,9,3,Psychologist
user_4394,Collecting,Hiking,High School,26,"Cooking,Singing,First Aid",9,5,3,1,10,5,2,Psychologist
user_4395,Collecting,Singing,Vocational,37,"Empathy,Writing,Financial Literacy,Weightlifting",10,8,3,8,4,2,4,Marketing Manager
user_4396,Environment,Board Games,Doctorate,28,"Conflict Resolution,Singing,Public Speaking",8,5,4,9,6,8,3,Plumber
user_4397,Dancing,Singing,Associate's,41,"Financial Literacy,Conflict Resolution,Electrical Repair,Digital Marketing,Empathy",4,8,7,2,1,8,3,Statistician
user_4398,Photography,Painting,Associate's,44,"Negotiation,Driving",8,1,6,1,3,2,2,Pilot
user_4399,Psychology,Pottery,Vocational,39,"Electrical Repair,Sewing",1,3,5,6,6,3,7,AI Engineer
user_4400,Cooking,Board Games,Vocational,28,"Electrical Repair,Robotics,Carpentry",2,4,1,3,8,4,3,Financial Analyst
user_4401,Music,Reading,Associate's,40,"Critical Thinking,First Aid,Video Editing",3,3,8,10,3,9,2,Journalist
user_4402,Fashion,Video Gaming,Vocational,61,"First Aid,Conflict Resolution",9,5,5,4,8,7,3,Marketing Manager
user_4403,Gaming,Yoga,Master's,28,"Negotiation,Time Management,Video Editing,AI Prompt Engineering,Singing",8,7,10,5,2,4,1,Actor
user_4404,Gardening,Board Games,Master's,59,"Video Editing,Time Management",4,2,9,3,5,5,7,Electrician
user_4405,Reading,Reading,Vocational,60,"Writing,Foreign Languages",3,5,6,2,4,1,10,HR Manager
user_4406,Gardening,Singing,Bachelor's,56,"AI Prompt Engineering,Critical Thinking,Graphic Design,Sewing",9,5,5,3,7,6,5,Cybersecurity Specialist
user_4407,Languages,Dancing,Associate's,57,"Graphic Design,Cooking,Leadership,Electrical Repair",5,5,10,2,6,1,3,Statistician
user_4408,Gaming,Collecting Stamps,Bachelor's,42,"Graphic Design,Video Editing",6,6,1,9,10,2,5,Dentist
user_4409,Volunteering,Board Games,Bachelor's,41,"Leadership,Empathy,Public Speaking",9,1,3,7,8,9,3,Elementary Teacher
user_4410,Environment,Singing,Bachelor's,35,"Leadership,Critical Thinking,Electrical Repair,Cooking,Carpentry",3,9,2,6,6,2,6,Civil Engineer
user_4411,Animals,Collecting Stamps,Associate's,64,"Public Speaking,First Aid,Photography",1,2,7,1,5,3,7,Civil Engineer
user_4412,Volunteering,Yoga,Bachelor's,58,"Leadership,Research,Cooking,Electrical Repair",7,1,6,1,6,8,6,Sales Representative
user_4413,Animals,Writing,High School,52,"AI Prompt Engineering,First Aid",1,6,5,9,5,7,6,Cybersecurity Specialist
user_4414,Art,Dancing,Master's,30,"Electrical Repair,Video Editing",9,3,1,6,5,3,7,Social Worker
user_4415,Psychology,Playing Guitar,Master's,36,"Project Management,Empathy,Electrical Repair,First Aid,Digital Marketing",7,9,5,9,6,1,8,Pilot
user_4416,DIY,Fishing,Doctorate,19,"Critical Thinking,Cybersecurity,Empathy,Programming",6,8,2,1,7,3,1,Psychologist
user_4417,Writing,Painting,Associate's,50,"Cybersecurity,Public Speaking,Critical Thinking,AI Prompt Engineering,Financial Literacy",7,1,3,3,6,1,10,Marketing Manager
user_4418,Gardening,Cooking,Bachelor's,23,"Project Management,Leadership,Sewing,Cybersecurity,Writing",1,3,7,2,3,6,10,Psychologist
user_4419,Dancing,Fitness,Bachelor's,29,"Empathy,Critical Thinking",10,6,3,6,5,1,1,Registered Nurse
user_4420,DIY,Fishing,Bachelor's,42,"Time Management,Critical Thinking,Electrical Repair,Leadership",10,8,10,3,7,10,2,Marketing Manager
user_4421,Film,Skiing,Vocational,29,"Foreign Languages,Digital Marketing,Driving,Cybersecurity,Empathy",2,9,9,3,10,8,9,AI Engineer
user_4422,Fitness,Pottery,Associate's,23,"Foreign Languages,Weightlifting,Carpentry,UI/UX Design,Digital Marketing",6,8,6,5,9,5,6,Journalist
user_4423,Travel,Board Games,Vocational,25,"Carpentry,Data Analysis,Driving,Cybersecurity",5,8,3,4,9,1,4,Architect
user_4424,Fitness,Video Gaming,Bachelor's,30,"Programming,Data Analysis",6,9,10,3,1,8,10,Software Engineer
user_4425,Cars,Video Gaming,Bachelor's,30,"Financial Literacy,Weightlifting,Leadership,Negotiation",3,9,6,3,10,6,9,AI Engineer
user_4426,Magic,Cooking,Doctorate,48,"Leadership,Cooking,Negotiation,Sewing,Time Management",7,6,3,2,2,8,8,Mechanic
user_4427,Animals,Hiking,Master's,19,"Public Speaking,Video Editing,Critical Thinking",2,7,8,1,3,2,5,Psychologist
user_4428,Music,Cycling,High School,47,"Driving,Project Management,Negotiation,Programming,Data Analysis",1,10,9,6,10,4,1,Marketing Manager
user_4429,History,Photography,Vocational,41,"Research,Time Management,Sewing",5,2,2,9,8,3,8,Cybersecurity Specialist
user_4430,Reading,Singing,High School,30,"Photography,Conflict Resolution,Data Analysis,Negotiation,Time Management",7,10,6,6,5,10,2,Construction Worker
user_4431,Entrepreneurship,Playing Guitar,Associate's,25,"Carpentry,Negotiation,Digital Marketing,Data Analysis,Weightlifting",7,5,1,3,4,8,4,Pilot
user_4432,Animals,Crafts,Bachelor's,52,"Leadership,Public Speaking,Empathy",5,3,6,4,2,8,1,Elementary Teacher
user_4433,Volunteering,Running,Doctorate,49,"Singing,Sewing,Electrical Repair",9,3,7,6,1,1,4,Dentist
user_4434,Reading,Cooking,Associate's,32,"Writing,Data Analysis,Singing,Photography,Project Management",4,10,6,4,1,3,2,Lawyer
user_4435,Languages,Meditation,Doctorate,32,"Cooking,AI Prompt Engineering",2,1,6,2,9,6,1,Statistician
user_4436,Fitness,Scuba Diving,Bachelor's,55,"First Aid,Critical Thinking,Empathy",1,1,4,9,9,10,2,Registered Nurse
user_4437,Entrepreneurship,Reading,Vocational,32,"First Aid,Time Management,Video Editing,Conflict Resolution,Graphic Design",3,7,10,1,8,3,9,Sales Representative
user_4438,Entrepreneurship,Collecting Stamps,High School,58,"Public Speaking,Carpentry",4,2,10,4,8,10,9,Biomedical Engineer
user_4439,Chess,Photography,Master's,34,"Photography,Cooking,AI Prompt Engineering",3,1,3,8,4,1,5,Sales Representative
user_4440,Art,Cycling,Associate's,35,"Programming,Data Analysis,Weightlifting",2,7,8,1,6,2,3,Environmental Scientist
user_4441,Environment,Writing,Associate's,61,"Empathy,Digital Marketing,Foreign Languages",6,4,8,6,6,9,5,Construction Worker
user_4442,Art,Pottery,Master's,32,"UI/UX Design,Creativity",7,6,9,6,5,8,4,Graphic Designer
user_4443,Volunteering,Reading,Bachelor's,30,"Public Speaking,Leadership,Empathy",1,8,2,7,9,10,3,Elementary Teacher
user_4444,Magic,Video Gaming,Associate's,31,"Graphic Design,Cooking",8,1,6,6,8,1,2,AI Engineer
user_4445,History,Writing,Master's,25,"First Aid,Sewing,UI/UX Design",5,1,5,3,9,4,3,Journalist
user_4446,Volunteering,Chess,Master's,38,"Critical Thinking,Programming,Data Analysis",7,5,3,7,4,4,4,Data Scientist
user_4447,Cooking,Skiing,Bachelor's,35,"Weightlifting,Empathy",5,1,6,6,2,7,3,Statistician
user_4448,Volunteering,Volunteering,Master's,27,"Empathy,Leadership,Public Speaking",9,8,9,3,1,8,10,Elementary Teacher
user_4449,Languages,Skiing,Bachelor's,35,"Weightlifting,UI/UX Design,Driving",8,2,6,4,1,4,8,Marketing Manager
user_4450,Reading,Video Gaming,Associate's,32,"Research,Conflict Resolution",3,2,9,3,8,3,6,HR Manager
user_4451,Travel,Skiing,High School,48,"Cybersecurity,Conflict Resolution,Graphic Design,Robotics",7,5,8,6,7,1,10,Plumber
user_4452,History,Swimming,High School,60,"Sewing,Project Management,Singing,UI/UX Design",3,4,5,3,9,3,1,Farm Worker
user_4453,Film,Fishing,Vocational,35,"Project Management,Data Analysis,Digital Marketing",3,9,7,9,8,10,8,Electrician
user_4454,Fitness,Fitness,Associate's,45,"First Aid,Empathy,Critical Thinking",5,4,3,9,1,2,10,Registered Nurse
user_4455,Animals,Reading,Doctorate,24,"Graphic Design,Negotiation,Sewing,Critical Thinking,Robotics",9,10,5,10,6,1,6,Farm Worker
user_4456,Reading,Running,Vocational,45,"Electrical Repair,Critical Thinking,Cybersecurity",1,7,9,6,10,7,5,Cybersecurity Specialist
user_4457,Gaming,Collecting Stamps,Associate's,42,"Cooking,First Aid,Foreign Languages,Critical Thinking,Photography",10,9,10,10,8,10,4,Chef
user_4458,Art,Baking,Doctorate,41,"Project Management,Cybersecurity,UI/UX Design",7,2,3,5,8,2,4,Lawyer
user_4459,Animals,Photography,Master's,59,"Empathy,Sewing",8,1,7,7,10,4,6,Mechanic
user_4460,Dancing,Chess,Doctorate,19,"Cooking,Research",9,2,7,8,4,9,4,Plumber
user_4461,Volunteering,Hiking,Associate's,44,"Carpentry,Writing,Public Speaking",4,7,2,10,4,3,9,Cybersecurity Specialist
user_4462,Languages,Running,Bachelor's,40,"Video Editing,First Aid,Digital Marketing",8,10,8,10,8,6,3,Plumber
user_4463,Chess,Cycling,Bachelor's,51,"Cybersecurity,AI Prompt Engineering,Conflict Resolution,Cooking",10,9,3,7,4,5,10,Cybersecurity Specialist
user_4464,Languages,Board Games,Doctorate,61,"Time Management,AI Prompt Engineering,Public Speaking,First Aid",10,6,2,2,5,2,1,Construction Worker
user_4465,Animals,Writing,High School,40,"Electrical Repair,Data Analysis,Photography,Writing",4,10,3,7,7,7,10,AI Engineer
user_4466,Music,Hiking,Master's,35,"Empathy,Digital Marketing,Cybersecurity,Data Analysis,Sewing",3,6,5,10,8,1,8,HR Manager
user_4467,Art,Gardening,Vocational,52,"Writing,First Aid,Empathy,Data Analysis,Foreign Languages",1,8,4,2,10,9,6,Chef
user_4468,Entrepreneurship,Writing,Bachelor's,24,"Weightlifting,Singing,Financial Literacy",3,5,1,9,3,9,8,Construction Worker
user_4469,Meditation,Gardening,Master's,51,"Public Speaking,First Aid,Critical Thinking,Time Management,Graphic Design",7,1,8,4,1,3,8,Actor
user_4470,Music,Dancing,High School,19,"Sewing,AI Prompt Engineering",5,4,7,6,10,7,1,Mechanic
user_4471,Travel,Rock Climbing,Bachelor's,18,"Sewing,Cybersecurity,Time Management,First Aid,Photography",5,8,3,10,7,10,4,Financial Analyst
user_4472,Collecting,Knitting,High School,65,"Financial Literacy,Public Speaking,Leadership,Negotiation,Robotics",5,9,2,9,9,3,7,Sales Representative
user_4473,Chess,Yoga,Bachelor's,26,"Foreign Languages,Photography,Public Speaking,Sewing",4,5,6,9,5,1,10,Construction Worker
user_4474,DIY,Swimming,Bachelor's,44,"Writing,Conflict Resolution,Driving,Public Speaking",6,5,8,2,10,10,7,Journalist
user_4475,Art,Bird Watching,High School,32,"Empathy,Leadership",1,3,9,8,9,6,3,HR Manager
user_4476,Travel,Origami,Associate's,63,"Writing,Graphic Design",8,2,2,9,9,3,3,Psychologist
user_4477,Writing,Hiking,Vocational,59,"Programming,Public Speaking",2,10,6,10,5,1,9,Mechanic
user_4478,Reading,Video Gaming,High School,41,"Weightlifting,Electrical Repair,Photography,Video Editing,Driving",5,2,5,1,3,3,7,Marketing Manager
user_4479,Meditation,Yoga,Doctorate,59,"Graphic Design,Sewing,Empathy,Singing,Public Speaking",3,9,9,3,4,10,9,Social Worker
user_4480,Entrepreneurship,Reading,Doctorate,26,"Programming,Critical Thinking,Data Analysis",1,10,8,3,1,5,9,Data Scientist
user_4481,Writing,Painting,Master's,65,"Cooking,Public Speaking,Foreign Languages",10,9,4,3,2,5,5,UX Designer
user_4482,Gaming,Rock Climbing,Bachelor's,18,"Empathy,Conflict Resolution,Graphic Design,Research",2,6,2,7,7,10,6,Lawyer
user_4483,Psychology,Cycling,Doctorate,26,"Robotics,Video Editing,First Aid,Driving",9,9,1,8,9,9,10,Plumber
user_4484,Technology,Video Gaming,Vocational,25,"Programming,Data Analysis,Critical Thinking",6,3,4,5,9,5,2,Software Engineer
user_4485,Writing,Video Gaming,Bachelor's,56,"Leadership,Negotiation",1,7,5,2,10,8,8,Farm Worker
user_4486,Chess,Cycling,Associate's,55,"Public Speaking,Robotics,Photography,Electrical Repair,Leadership",5,5,6,8,7,8,7,Statistician
user_4487,Art,Baking,Associate's,43,"UI/UX Design,Graphic Design,Creativity",1,6,1,7,8,2,6,Graphic Designer
user_4488,Volunteering,Writing,High School,22,"Time Management,Financial Literacy",10,10,8,4,5,9,3,Social Worker
user_4489,Acting,Baking,Bachelor's,58,"Photography,Public Speaking,Negotiation,Foreign Languages,Project Management",6,10,8,3,3,4,8,Financial Analyst
user_4490,Sports,Fishing,Master's,31,"Driving,Sewing",7,1,5,10,7,1,10,Social Worker
user_4491,Entrepreneurship,Baking,Vocational,56,"Leadership,Electrical Repair,Negotiation",1,5,6,4,3,9,3,Statistician
user_4492,Entrepreneurship,Collecting Stamps,Master's,62,"Leadership,Time Management,Photography,AI Prompt Engineering",8,3,6,2,1,9,10,Farm Worker
user_4493,Gaming,Fishing,Doctorate,41,"UI/UX Design,Singing",10,6,6,4,10,5,6,HR Manager
user_4494,Reading,Painting,Associate's,21,"Creativity,UI/UX Design,Graphic Design",10,5,3,3,4,5,2,Graphic Designer
user_4495,DIY,Running,Master's,65,"Video Editing,Cooking,Data Analysis",10,6,7,6,5,6,7,Biomedical Engineer
user_4496,Travel,Meditation,Doctorate,57,"Research,First Aid,Graphic Design,Writing,UI/UX Design",7,6,8,1,8,8,10,Pilot
user_4497,Technology,Origami,Master's,59,"Video Editing,Photography,Writing,Programming,Carpentry",2,7,10,9,8,1,10,Civil Engineer
user_4498,Gaming,Painting,Vocational,31,"AI Prompt Engineering,Writing,Data Analysis,Photography,Conflict Resolution",1,3,8,2,6,2,4,Financial Analyst
user_4499,Magic,Skiing,Vocational,44,"Writing,Video Editing,Robotics",3,8,5,3,1,9,7,Pilot
user_4500,Fitness,Singing,High School,43,"First Aid,Financial Literacy,Electrical Repair,AI Prompt Engineering",7,9,9,3,5,9,10,Dentist
user_4501,Fitness,Writing,Master's,48,"Data Analysis,Negotiation,Project Management,Research",1,4,2,5,8,6,5,HR Manager
user_4502,Photography,Pottery,Vocational,65,"Research,Foreign Languages,AI Prompt Engineering,Critical Thinking,Writing",2,9,4,5,5,10,10,Pilot
user_4503,Photography,Singing,Doctorate,45,"Driving,Cybersecurity,Research,Conflict Resolution",6,6,7,1,6,10,3,Construction Worker
user_4504,Chess,Board Games,Master's,25,"Cybersecurity,Financial Literacy,Robotics",1,7,9,4,2,3,10,Lawyer
user_4505,Chess,Fishing,Master's,20,"Empathy,Public Speaking,Conflict Resolution,Video Editing,Electrical Repair",2,6,2,6,3,6,9,Financial Analyst
user_4506,Magic,Board Games,Master's,22,"Empathy,Carpentry,AI Prompt Engineering",10,2,2,2,2,9,3,Pilot
user_4507,Astronomy,Playing Guitar,Associate's,41,"Negotiation,Cybersecurity,AI Prompt Engineering,Singing,Time Management",9,10,3,1,9,6,9,Civil Engineer
user_4508,Languages,Playing Guitar,High School,48,"Photography,Negotiation,AI Prompt Engineering",10,9,6,8,6,2,3,Lawyer
user_4509,Volunteering,Painting,Doctorate,53,"Driving,First Aid,Conflict Resolution",2,1,5,3,1,8,2,Chef
user_4510,Reading,Volunteering,Doctorate,53,"Leadership,Empathy,Public Speaking",10,4,3,3,10,4,4,Elementary Teacher
user_4511,Photography,Photography,Doctorate,20,"Time Management,Sewing,UI/UX Design,Singing",9,1,7,10,5,5,1,Biomedical Engineer
user_4512,Environment,Scuba Diving,Doctorate,63,"Empathy,Negotiation",10,3,9,3,3,5,10,Lawyer
user_4513,Dancing,Swimming,Master's,56,"Electrical Repair,Weightlifting",6,6,5,2,4,4,1,Farm Worker
user_4514,Magic,Fitness,Bachelor's,28,"Critical Thinking,Empathy,First Aid",3,5,10,5,2,6,7,Registered Nurse
user_4515,Music,Video Gaming,Vocational,50,"Cooking,Foreign Languages,Driving,Data Analysis,Robotics",10,2,2,3,10,5,10,Sales Representative
user_4516,Fitness,Writing,High School,57,"Negotiation,Programming,Project Management,Leadership,Singing",8,4,4,9,2,8,5,Plumber
user_4517,Technology,Video Gaming,Bachelor's,46,"Singing,Sewing,Photography,Carpentry,Graphic Design",9,7,8,4,4,8,3,Farm Worker
user_4518,Art,Gardening,Associate's,38,"Research,Video Editing",6,6,10,2,6,2,8,Plumber
user_4519,Cooking,Painting,Master's,36,"UI/UX Design,Graphic Design,Creativity",8,3,3,5,3,9,3,Graphic Designer
user_4520,Acting,Reading,Associate's,35,"Public Speaking,Leadership,Empathy",3,4,3,5,9,5,5,Elementary Teacher
user_4521,Fitness,Skiing,Master's,52,"Public Speaking,Negotiation,Cooking,First Aid,Research",9,1,1,6,8,3,6,Plumber
user_4522,Psychology,Meditation,Master's,62,"Research,Photography,Robotics",3,2,6,4,3,9,3,Sales Representative
user_4523,Dancing,Board Games,Bachelor's,28,"Financial Literacy,Critical Thinking,Negotiation,Video Editing,Public Speaking",10,9,1,8,9,8,3,HR Manager
user_4524,Art,Cooking,Vocational,49,"Weightlifting,AI Prompt Engineering,Photography,Programming",1,4,9,3,10,6,6,Chef
user_4525,Art,Playing Guitar,Master's,63,"Electrical Repair,Project Management,Financial Literacy,Foreign Languages",1,4,4,4,7,1,7,Farm Worker
user_4526,Entrepreneurship,Video Gaming,Doctorate,18,"Digital Marketing,Empathy,Data Analysis",8,6,1,9,2,1,6,Actor
user_4527,Reading,Dancing,Vocational,28,"Research,Data Analysis",10,9,7,5,5,8,2,Sales Representative
user_4528,Dancing,Scuba Diving,Doctorate,42,"Weightlifting,Public Speaking,Video Editing,Carpentry,Cooking",4,7,2,4,9,2,9,Biomedical Engineer
user_4529,Writing,Photography,High School,55,"Driving,Time Management",4,4,3,1,8,7,3,Farm Worker
user_4530,Magic,Origami,Vocational,53,"Time Management,Driving,Cybersecurity,Graphic Design",7,10,2,6,9,3,1,Lawyer
user_4531,Languages,Fishing,Master's,20,"UI/UX Design,Writing,Digital Marketing",4,8,8,10,10,8,10,Farm Worker
user_4532,Astronomy,Yoga,Doctorate,51,"Leadership,Video Editing,Cooking,Singing",8,4,3,6,8,5,5,Psychologist
user_4533,Dancing,Board Games,Associate's,27,"Time Management,AI Prompt Engineering,Driving",2,2,10,7,9,7,3,Environmental Scientist
user_4534,Volunteering,Running,Bachelor's,65,"Public Speaking,Video Editing,Writing",10,8,3,4,9,5,3,Chef
user_4535,Fitness,Meditation,High School,21,"Empathy,Programming",4,9,1,2,3,2,10,Dentist
user_4536,Art,Drawing,Master's,40,"Graphic Design,Creativity,UI/UX Design",1,4,4,10,3,2,4,Graphic Designer
user_4537,Meditation,Gardening,High School,38,"Cooking,Video Editing",4,10,4,6,2,4,1,Marketing Manager
user_4538,Writing,Hiking,Vocational,59,"Photography,Research",5,3,3,9,10,10,6,HR Manager
user_4539,Collecting,Knitting,Associate's,18,"Cybersecurity,Singing,Critical Thinking,Foreign Languages",5,6,6,7,10,10,1,UX Designer
user_4540,Volunteering,Volunteering,Master's,45,"Empathy,Public Speaking,Leadership",8,4,4,3,10,10,10,Elementary Teacher
user_4541,Reading,Astronomy,Bachelor's,39,"Empathy,Leadership",6,1,9,5,4,4,8,Elementary Teacher
user_4542,Meditation,Video Gaming,Master's,28,"Foreign Languages,AI Prompt Engineering,Singing,Data Analysis,UI/UX Design",8,2,7,5,3,1,8,Biomedical Engineer
user_4543,Volunteering,Yoga,Vocational,41,"Public Speaking,Cybersecurity",9,2,7,6,9,9,8,Pilot
user_4544,Film,Bird Watching,Bachelor's,39,"Weightlifting,Graphic Design,Video Editing",3,8,10,8,1,7,7,Marketing Manager
user_4545,Fitness,Gardening,Vocational,27,"Weightlifting,Foreign Languages,Project Management",5,8,6,4,7,7,7,Actor
user_4546,Volunteering,Volunteering,Bachelor's,53,"Empathy,Leadership,Public Speaking",10,9,3,2,6,8,1,Elementary Teacher
user_4547,Entrepreneurship,Video Gaming,Vocational,31,"Leadership,Cooking",6,5,5,4,7,5,5,Construction Worker
user_4548,Gaming,Pottery,Bachelor's,65,"Singing,Sewing,Photography,Leadership,Driving",5,10,2,7,10,8,2,HR Manager
user_4549,Music,Knitting,Vocational,63,"Cooking,Empathy,Weightlifting",2,9,7,3,7,5,8,Architect
user_4550,Fashion,Knitting,Bachelor's,24,"Electrical Repair,Carpentry,Public Speaking,Financial Literacy,Programming",3,4,2,10,4,10,1,Actor
user_4551,Reading,Traveling,Associate's,24,"Critical Thinking,Data Analysis",4,8,3,3,5,8,3,Data Scientist
user_4552,Animals,Swimming,Doctorate,60,"Cooking,Financial Literacy",9,1,9,3,4,1,1,Statistician
user_4553,Travel,Meditation,Associate's,39,"Video Editing,First Aid,Robotics,Carpentry",3,7,1,9,2,8,6,AI Engineer
user_4554,Art,Singing,Associate's,47,"Time Management,Sewing,Financial Literacy,Public Speaking",6,2,6,9,5,9,9,Social Worker
user_4555,Cars,Writing,Doctorate,29,"Carpentry,Cooking,Research,Sewing,Leadership",2,2,5,2,7,9,10,Environmental Scientist
user_4556,Cooking,Running,Associate's,23,"Negotiation,Project Management,Time Management,Electrical Repair",5,3,9,7,7,8,8,Electrician
user_4557,Acting,Running,Doctorate,46,"Singing,Cybersecurity",10,8,1,8,10,5,8,Architect
user_4558,Technology,Skiing,High School,52,"Digital Marketing,Robotics,AI Prompt Engineering,Project Management,Writing",8,7,10,9,5,4,2,Farm Worker
user_4559,Meditation,Writing,High School,59,"Digital Marketing,Video Editing,Foreign Languages,Leadership",10,10,6,8,1,5,2,Actor
user_4560,Photography,Photography,Bachelor's,34,"Cybersecurity,Sewing,Data Analysis",10,7,4,5,7,2,1,Civil Engineer
user_4561,Gaming,Astronomy,Bachelor's,33,"Carpentry,Critical Thinking",1,6,8,10,3,7,9,Farm Worker
user_4562,Art,Knitting,Doctorate,22,"Public Speaking,Conflict Resolution,Driving,Photography",6,2,10,6,8,4,1,AI Engineer
user_4563,Volunteering,Playing Guitar,Associate's,52,"Weightlifting,Driving,Graphic Design",2,5,6,1,7,5,6,Marketing Manager
user_4564,Sports,Reading,High School,32,"AI Prompt Engineering,Robotics,UI/UX Design,Singing",7,5,7,9,5,9,1,Civil Engineer
user_4565,Astronomy,Yoga,Doctorate,30,"Digital Marketing,Foreign Languages,Conflict Resolution",3,10,9,3,6,10,10,Social Worker
user_4566,DIY,Origami,Associate's,21,"Sewing,Driving",1,7,8,10,5,8,2,Social Worker
user_4567,Dancing,Rock Climbing,Bachelor's,61,"Robotics,Leadership,Carpentry",1,6,6,7,5,2,10,Environmental Scientist
user_4568,DIY,Rock Climbing,High School,37,"Carpentry,Data Analysis,Programming",6,7,2,3,2,10,10,Pilot
user_4569,Art,Video Gaming,Master's,52,"Negotiation,AI Prompt Engineering,Weightlifting",10,5,5,8,3,6,2,Dentist
user_4570,Chess,Fishing,High School,55,"Writing,Public Speaking",2,10,5,4,1,6,9,HR Manager
user_4571,Reading,Reading,Bachelor's,41,"Public Speaking,Empathy",1,2,3,8,9,3,8,Elementary Teacher
user_4572,Magic,Writing,Associate's,18,"Cybersecurity,Video Editing,Digital Marketing",6,7,9,9,8,10,6,UX Designer
user_4573,Entrepreneurship,Painting,Master's,22,"AI Prompt Engineering,Weightlifting,Foreign Languages,Writing,Public Speaking",9,4,3,4,9,8,9,Cybersecurity Specialist
user_4574,Languages,Gardening,High School,48,"Critical Thinking,Electrical Repair",7,5,1,1,4,9,2,Environmental Scientist
user_4575,Reading,Playing Guitar,Doctorate,50,"Programming,Critical Thinking,Data Analysis",9,3,8,4,5,8,1,Data Scientist
user_4576,Animals,Bird Watching,Master's,51,"Leadership,Research,Foreign Languages,Project Management,Conflict Resolution",1,6,6,1,7,8,3,Biomedical Engineer
user_4577,Cooking,Hiking,Vocational,55,"AI Prompt Engineering,Robotics",9,7,3,8,8,1,3,Psychologist
user_4578,Cooking,Playing Guitar,High School,30,"Driving,Research",10,8,10,10,2,3,4,HR Manager
user_4579,Volunteering,Crafts,Bachelor's,56,"Leadership,Empathy,Public Speaking",2,10,5,8,2,5,4,Elementary Teacher
user_4580,Environment,Reading,Associate's,33,"Electrical Repair,Project Management,Financial Literacy,Photography",2,4,4,4,7,2,5,Marketing Manager
user_4581,Writing,Skiing,High School,39,"Time Management,Negotiation,Cybersecurity",8,4,1,4,4,5,2,Pilot
user_4582,Astronomy,Gardening,Master's,39,"Graphic Design,Sewing",5,3,8,6,6,3,7,Journalist
user_4583,Technology,Reading,Master's,41,"Critical Thinking,Programming,Data Analysis",8,2,6,10,7,7,10,Data Scientist
user_4584,Writing,Volunteering,Bachelor's,33,"Empathy,Critical Thinking,First Aid",2,2,9,6,7,4,1,Registered Nurse
user_4585,Languages,Meditation,Master's,38,"Leadership,Empathy,Public Speaking",6,2,7,2,3,4,5,Elementary Teacher
user_4586,History,Board Games,Vocational,20,"Foreign Languages,Weightlifting",6,9,3,3,9,4,1,Financial Analyst
user_4587,Entrepreneurship,Board Games,Doctorate,26,"Critical Thinking,Data Analysis,Programming",10,1,9,9,10,10,3,Data Scientist
user_4588,Fashion,Hiking,Doctorate,45,"Financial Literacy,Video Editing,Cooking",7,8,6,7,10,7,6,Dentist
user_4589,Photography,Skiing,Bachelor's,30,"Creativity,UI/UX Design,Graphic Design",2,7,3,10,10,9,9,Graphic Designer
user_4590,Collecting,Yoga,Master's,22,"Critical Thinking,Data Analysis,Video Editing,Leadership",7,1,6,3,6,8,4,Social Worker
user_4591,Fitness,Reading,Doctorate,25,"First Aid,Empathy",6,5,3,3,2,9,5,Registered Nurse
user_4592,Fitness,Rock Climbing,Doctorate,40,"First Aid,Research,Driving",1,2,1,8,5,10,1,Farm Worker
user_4593,Cooking,Running,High School,37,"Foreign Languages,Electrical Repair,Critical Thinking,Robotics,AI Prompt Engineering",4,3,6,2,7,5,10,Journalist
user_4594,Writing,Scuba Diving,Master's,57,"Empathy,Carpentry,Research,Digital Marketing,Conflict Resolution",10,9,6,9,8,10,9,Statistician
user_4595,Volunteering,Running,Associate's,32,"Digital Marketing,Critical Thinking",7,9,7,8,4,1,5,Marketing Manager
user_4596,Meditation,Skiing,Bachelor's,48,"Writing,Carpentry,AI Prompt Engineering",3,7,9,8,7,2,3,Construction Worker
user_4597,Photography,Skiing,Vocational,44,"UI/UX Design,Carpentry",9,7,10,1,9,9,8,Construction Worker
user_4598,Collecting,Chess,Associate's,44,"First Aid,Carpentry,Leadership",6,4,6,8,5,7,3,Sales Representative
user_4599,Psychology,Collecting Stamps,Doctorate,42,"Negotiation,Project Management,Leadership,Time Management",9,1,1,2,8,7,10,Psychologist
user_4600,Cars,Hiking,High School,58,"Weightlifting,Empathy,Negotiation,Time Management,Project Management",6,8,10,8,8,7,7,Dentist
user_4601,Environment,Origami,High School,33,"Project Management,Sewing,Foreign Languages,Cooking,Graphic Design",3,6,6,9,6,8,10,Environmental Scientist
user_4602,Art,Collecting Stamps,Associate's,32,"Graphic Design,Creativity,UI/UX Design",8,10,5,5,8,8,5,Graphic Designer
user_4603,Environment,Cooking,Bachelor's,33,"Time Management,Sewing,Driving,UI/UX Design,Weightlifting",3,2,10,2,7,8,8,Architect
user_4604,History,Playing Guitar,Master's,63,"Project Management,Singing",4,10,3,8,9,2,8,Farm Worker
user_4605,Animals,Reading,Doctorate,30,"Financial Literacy,Programming",5,6,2,3,10,8,10,Statistician
user_4606,Astronomy,Traveling,High School,24,"Data Analysis,Programming",8,4,6,6,3,8,9,Electrician
user_4607,Chess,Writing,Doctorate,31,"Critical Thinking,Sewing,AI Prompt Engineering",9,8,8,9,10,5,2,Construction Worker
user_4608,Reading,Running,Associate's,47,"Project Management,Cooking,Cybersecurity,Empathy,Time Management",10,7,8,3,4,4,5,Social Worker
user_4609,Writing,Gardening,Doctorate,59,"Public Speaking,Photography,Writing",9,7,5,2,2,9,10,Pilot
user_4610,Travel,Pottery,Master's,43,"Singing,Writing,Foreign Languages,Sewing",4,9,3,5,7,10,9,Sales Representative
user_4611,Photography,Photography,Vocational,49,"Photography,Graphic Design,Cooking,Robotics,Project Management",9,2,6,10,1,5,4,Plumber
user_4612,Entrepreneurship,Hiking,Master's,62,"Cooking,Graphic Design,Driving,Carpentry",9,6,9,10,2,4,1,Dentist
user_4613,Dancing,Rock Climbing,Doctorate,38,"Project Management,Research,First Aid,Leadership,Empathy",4,5,4,1,7,8,5,Actor
user_4614,Gaming,Collecting Stamps,High School,31,"AI Prompt Engineering,Video Editing,Leadership,Singing,Writing",9,10,10,8,3,5,4,Social Worker
user_4615,Travel,Baking,Doctorate,41,"Digital Marketing,Electrical Repair,Data Analysis,Programming,Driving",9,10,8,4,4,6,7,Civil Engineer
user_4616,Writing,Meditation,Associate's,32,"Photography,Public Speaking,Empathy,Weightlifting",8,8,3,2,9,8,2,Pilot
user_4617,Photography,Meditation,Master's,63,"Critical Thinking,Data Analysis,Photography,Negotiation,Digital Marketing",2,3,4,5,7,10,3,Social Worker
user_4618,Sports,Bird Watching,High School,21,"Public Speaking,Digital Marketing",9,4,4,4,2,2,3,Civil Engineer
user_4619,Fashion,Drawing,Bachelor's,41,"UI/UX Design,Creativity",3,9,3,4,8,7,7,Graphic Designer
user_4620,Animals,Volunteering,Vocational,53,"Critical Thinking,First Aid,Empathy",4,9,4,7,5,6,5,Registered Nurse
user_4621,Meditation,Writing,Doctorate,24,"Video Editing,Data Analysis,First Aid,Time Management,Leadership",8,2,1,9,3,10,7,Architect
user_4622,Animals,Origami,Doctorate,44,"Empathy,First Aid,Critical Thinking",3,6,9,9,9,6,9,Registered Nurse
user_4623,Dancing,Chess,High School,60,"AI Prompt Engineering,Conflict Resolution,Empathy,Public Speaking",10,9,8,4,2,4,4,Social Worker
user_4624,Photography,Skiing,Associate's,50,"Foreign Languages,Cooking,Time Management",5,6,6,8,1,2,8,AI Engineer
user_4625,DIY,Video Gaming,Associate's,64,"Cybersecurity,Research,Writing,Photography",7,5,2,5,10,3,9,HR Manager
user_4626,Entrepreneurship,Gardening,Doctorate,47,"Data Analysis,Programming",10,7,4,7,7,10,1,Data Scientist
user_4627,Art,Scuba Diving,Master's,31,"Graphic Design,UI/UX Design,Creativity",10,9,2,4,6,3,9,Graphic Designer
user_4628,Film,Scuba Diving,Doctorate,49,"Writing,AI Prompt Engineering,Video Editing,Cybersecurity,Photography",1,3,4,6,10,9,9,Psychologist
user_4629,Entrepreneurship,Traveling,Master's,30,"Project Management,Cybersecurity,Critical Thinking,Conflict Resolution",2,6,1,8,7,6,3,Dentist
user_4630,Reading,Crafts,Bachelor's,47,"Empathy,Public Speaking,Leadership",3,8,1,2,3,8,5,Elementary Teacher
user_4631,Acting,Chess,Master's,63,"Critical Thinking,Weightlifting,Writing,Foreign Languages",8,2,10,3,3,5,8,Marketing Manager
user_4632,Volunteering,Board Games,High School,49,"Data Analysis,Driving,Project Management,Time Management,Empathy",3,8,1,7,6,4,7,Architect
user_4633,Fashion,Origami,Master's,27,"First Aid,Cybersecurity",9,1,3,3,10,9,4,Cybersecurity Specialist
user_4634,Volunteering,Playing Guitar,Bachelor's,55,"Leadership,Public Speaking,Empathy",6,2,2,6,9,3,8,Elementary Teacher
user_4635,Meditation,Cooking,Vocational,36,"Foreign Languages,Research,Digital Marketing,Cybersecurity",4,3,2,2,2,10,5,Sales Representative
user_4636,Animals,Knitting,Vocational,58,"Cybersecurity,Weightlifting",10,1,2,1,8,7,3,Statistician
user_4637,Cars,Reading,Bachelor's,41,"Public Speaking,Leadership",2,3,1,7,7,4,3,Elementary Teacher
user_4638,Volunteering,Playing Guitar,Vocational,51,"Critical Thinking,Cybersecurity,Foreign Languages,First Aid,Data Analysis",3,7,7,4,1,6,10,Chef
user_4639,Writing,Bird Watching,Bachelor's,49,"Foreign Languages,Empathy,Critical Thinking",10,4,4,6,5,7,9,Electrician
user_4640,Astronomy,Skiing,Master's,21,"Video Editing,Leadership,Financial Literacy,Sewing,Public Speaking",10,7,9,6,1,8,6,Architect
user_4641,Gaming,Running,Associate's,22,"Driving,Graphic Design",8,10,6,9,1,5,10,Financial Analyst
user_4642,Cooking,Origami,Vocational,61,"Project Management,Cooking",6,6,8,9,2,8,10,HR Manager
user_4643,Sports,Writing,Bachelor's,47,"Electrical Repair,UI/UX Design,Public Speaking,Financial Literacy",3,4,8,6,7,2,10,UX Designer
user_4644,Environment,Yoga,Doctorate,23,"Conflict Resolution,Cybersecurity,Financial Literacy,Writing,First Aid",10,8,5,9,10,10,6,Mechanic
user_4645,Languages,Board Games,Doctorate,25,"UI/UX Design,Sewing,Robotics",2,2,9,2,5,9,6,Financial Analyst
user_4646,Photography,Chess,Doctorate,35,"Foreign Languages,Cybersecurity",1,9,9,3,5,8,10,Lawyer
user_4647,Music,Skiing,Doctorate,55,"Electrical Repair,Time Management",3,3,10,4,10,9,10,Environmental Scientist
user_4648,Film,Video Gaming,Bachelor's,20,"Negotiation,Driving,Research,Public Speaking",4,8,2,9,2,10,7,Pilot
user_4649,Technology,Collecting Stamps,Master's,36,"Critical Thinking,Data Analysis,Programming",1,2,6,10,9,5,6,Software Engineer
user_4650,Photography,Photography,Associate's,23,"UI/UX Design,Creativity,Graphic Design",4,6,8,2,7,2,8,Graphic Designer
user_4651,Volunteering,Reading,Associate's,49,"First Aid,Critical Thinking,Empathy",7,2,5,3,5,5,9,Registered Nurse
user_4652,Gaming,Painting,Bachelor's,38,"Creativity,UI/UX Design,Graphic Design",6,2,8,4,8,3,4,Graphic Designer
user_4653,Acting,Fishing,Bachelor's,39,"Foreign Languages,Video Editing,Robotics,Conflict Resolution",4,8,7,9,3,9,8,Biomedical Engineer
user_4654,Photography,Baking,Associate's,54,"Conflict Resolution,Singing",2,6,9,1,9,5,10,UX Designer
user_4655,Gaming,Video Gaming,Vocational,34,"Photography,Cooking,Driving,Conflict Resolution,Time Management",3,3,2,7,10,4,4,Electrician
user_4656,Fashion,Photography,Bachelor's,36,"UI/UX Design,Graphic Design,Creativity",1,10,2,10,5,2,3,Graphic Designer
user_4657,Cars,Running,Master's,56,"Research,Conflict Resolution,Graphic Design",10,3,7,5,10,10,3,Marketing Manager
user_4658,Fitness,Collecting Stamps,Associate's,40,"Writing,Photography,Conflict Resolution,Time Management,Project Management",2,2,3,2,10,7,2,Environmental Scientist
user_4659,History,Cooking,Bachelor's,25,"Project Management,Cybersecurity,AI Prompt Engineering",1,10,5,5,7,8,6,Civil Engineer
user_4660,Acting,Traveling,Doctorate,26,"Writing,Data Analysis,First Aid,Graphic Design",2,7,8,4,10,7,5,HR Manager
user_4661,Environment,Scuba Diving,High School,24,"Sewing,Electrical Repair,Video Editing,UI/UX Design,Empathy",10,7,10,4,10,2,2,AI Engineer
user_4662,Fashion,Rock Climbing,Doctorate,30,"Project Management,Electrical Repair,Photography,Empathy",7,8,5,2,4,1,5,Plumber
user_4663,Collecting,Singing,Associate's,30,"Conflict Resolution,Electrical Repair,Research",4,10,1,1,8,2,4,Cybersecurity Specialist
user_4664,Travel,Fishing,Associate's,34,"Conflict Resolution,Time Management,Cybersecurity,First Aid,Electrical Repair",2,1,8,10,3,4,6,Social Worker
user_4665,Psychology,Chess,Doctorate,63,"Electrical Repair,Conflict Resolution,Programming,Carpentry",8,9,10,3,10,3,2,Psychologist
user_4666,Volunteering,Meditation,Master's,29,"Carpentry,Singing,Programming,Photography",2,1,9,5,7,2,8,Dentist
user_4667,Volunteering,Skiing,Doctorate,60,"Financial Literacy,UI/UX Design,Leadership,Singing,Research",9,6,9,9,3,9,2,Financial Analyst
user_4668,Fashion,Cycling,Master's,38,"Driving,UI/UX Design",9,2,5,7,4,6,9,Statistician
user_4669,Travel,Playing Guitar,Doctorate,55,"Financial Literacy,UI/UX Design,Singing",3,10,9,2,2,9,7,Lawyer
user_4670,Volunteering,Gardening,Doctorate,61,"Empathy,Leadership,Driving",7,6,1,4,1,7,7,HR Manager
user_4671,Sports,Scuba Diving,Vocational,30,"Critical Thinking,AI Prompt Engineering",1,1,7,7,7,4,3,UX Designer
user_4672,Travel,Rock Climbing,Bachelor's,63,"Time Management,Financial Literacy,First Aid,Negotiation,Public Speaking",6,5,10,6,3,3,3,Civil Engineer
user_4673,Technology,Photography,Associate's,45,"Creativity,UI/UX Design,Graphic Design",4,1,10,4,8,4,3,Graphic Designer
user_4674,Cooking,Writing,Vocational,45,"Singing,Data Analysis",5,7,4,6,6,1,7,Environmental Scientist
user_4675,Film,Reading,Doctorate,29,"Public Speaking,Leadership",8,3,4,6,7,7,3,Elementary Teacher
user_4676,Fitness,Yoga,Associate's,43,"Cooking,Project Management,Public Speaking,Sewing",2,4,4,3,1,6,8,Social Worker
user_4677,Art,Origami,Bachelor's,25,"Writing,Robotics,Conflict Resolution",8,8,2,10,2,1,2,Mechanic
user_4678,Meditation,Cycling,Doctorate,57,"Electrical Repair,Project Management,Weightlifting",7,6,8,6,6,3,10,Civil Engineer
user_4679,Art,Cooking,Vocational,54,"Robotics,Programming,Singing",5,9,6,2,2,2,7,Journalist
user_4680,History,Chess,Vocational,19,"Electrical Repair,Robotics,Leadership",2,9,4,3,6,3,5,Chef
user_4681,Gaming,Painting,High School,40,"Foreign Languages,Writing,Financial Literacy,Graphic Design",10,3,1,2,3,5,9,Lawyer
user_4682,Magic,Origami,Vocational,55,"Graphic Design,Singing,Time Management,Programming,Writing",9,4,2,6,3,4,5,Chef
user_4683,Technology,Cycling,Master's,60,"Weightlifting,Photography",3,1,6,9,6,4,8,Biomedical Engineer
user_4684,Photography,Photography,Vocational,41,"Creativity,Graphic Design",10,1,10,2,5,8,3,Graphic Designer
user_4685,Fashion,Playing Guitar,Bachelor's,58,"Data Analysis,Public Speaking,Cooking",7,8,4,4,9,1,7,Construction Worker
user_4686,DIY,Singing,Associate's,30,"Photography,Cooking,Digital Marketing,Negotiation",7,6,1,3,7,8,2,Psychologist
user_4687,Sports,Video Gaming,Bachelor's,23,"Data Analysis,Programming,Critical Thinking",10,1,9,8,10,9,1,Software Engineer
user_4688,Gaming,Dancing,Bachelor's,65,"Driving,Leadership,Singing,Public Speaking",1,2,3,6,4,10,1,Financial Analyst
user_4689,Meditation,Swimming,High School,36,"Cybersecurity,Project Management",5,6,2,8,2,10,5,Financial Analyst
user_4690,Photography,Origami,Vocational,50,"Programming,Data Analysis,Driving,Public Speaking,Negotiation",3,9,3,3,8,6,4,Psychologist
user_4691,Collecting,Yoga,Doctorate,60,"Financial Literacy,Photography,Video Editing,Carpentry",3,6,1,4,3,5,7,Farm Worker
user_4692,Meditation,Knitting,Associate's,48,"Graphic Design,Critical Thinking",2,9,8,4,5,8,8,Civil Engineer
user_4693,History,Pottery,Associate's,32,"Sewing,Carpentry,Public Speaking,Graphic Design,Writing",2,2,2,5,3,4,1,Farm Worker
user_4694,Volunteering,Reading,Bachelor's,50,"First Aid,Empathy,Critical Thinking",4,7,8,4,10,7,4,Registered Nurse
user_4695,Fashion,Baking,High School,19,"Weightlifting,Electrical Repair",5,6,4,9,9,4,3,Architect
user_4696,Acting,Playing Guitar,High School,43,"Digital Marketing,Programming,Negotiation,Cybersecurity",10,1,2,9,2,9,2,Social Worker
user_4697,Chess,Playing Guitar,Master's,22,"Driving,Cybersecurity,Programming",5,5,7,10,8,10,6,Psychologist
user_4698,Technology,Fishing,Vocational,22,"Singing,Cybersecurity",6,10,6,5,5,9,7,Statistician
user_4699,Art,Painting,Associate's,21,"UI/UX Design,Creativity,Graphic Design",3,8,7,2,10,9,9,Graphic Designer
user_4700,Writing,Baking,Master's,34,"Weightlifting,First Aid,Photography",6,1,5,9,2,5,9,Marketing Manager
user_4701,Technology,Meditation,Vocational,35,"First Aid,Electrical Repair,Digital Marketing",8,3,6,8,8,4,1,Architect
user_4702,Animals,Rock Climbing,High School,52,"Video Editing,Digital Marketing",5,3,6,9,8,10,8,Dentist
user_4703,Acting,Meditation,Bachelor's,50,"UI/UX Design,First Aid,Leadership",10,2,9,3,5,6,6,Civil Engineer
user_4704,Cooking,Writing,Doctorate,56,"Financial Literacy,Driving,AI Prompt Engineering,Negotiation,Project Management",9,1,8,1,8,8,2,Biomedical Engineer
user_4705,Psychology,Scuba Diving,Vocational,27,"Time Management,Cybersecurity,Photography,Negotiation,Video Editing",3,6,6,10,2,7,6,HR Manager
user_4706,Meditation,Writing,Bachelor's,32,"Financial Literacy,Time Management,Data Analysis",2,3,9,2,2,1,2,Biomedical Engineer
user_4707,Acting,Reading,Bachelor's,30,"Writing,Project Management,Driving,UI/UX Design",5,4,5,5,1,5,9,Journalist
user_4708,Animals,Fitness,Bachelor's,52,"First Aid,Critical Thinking,Empathy",10,2,2,8,3,3,9,Registered Nurse
user_4709,Cars,Astronomy,Doctorate,58,"Programming,Sewing,Weightlifting,First Aid,Leadership",6,10,6,10,4,9,10,Cybersecurity Specialist
user_4710,Languages,Swimming,Master's,48,"Empathy,Video Editing",9,8,8,6,5,2,2,Plumber
user_4711,Sports,Meditation,Associate's,57,"Empathy,AI Prompt Engineering,Graphic Design,Video Editing,Data Analysis",8,2,1,3,8,7,4,Journalist
user_4712,Music,Yoga,Associate's,27,"UI/UX Design,Graphic Design,Time Management",2,4,5,4,8,6,8,Mechanic
user_4713,Art,Origami,Master's,52,"Video Editing,Research,Critical Thinking,Negotiation,Robotics",1,8,1,8,4,2,9,Civil Engineer
user_4714,Music,Meditation,Doctorate,20,"Video Editing,Writing",5,5,4,7,2,10,4,Dentist
user_4715,Gaming,Reading,Bachelor's,44,"Data Analysis,Programming,Critical Thinking",6,3,5,7,3,5,8,Software Engineer
user_4716,Chess,Origami,Vocational,52,"Driving,Foreign Languages,Robotics",10,8,8,10,2,1,10,Psychologist
user_4717,Technology,Pottery,Doctorate,28,"Graphic Design,Writing,Cybersecurity,Critical Thinking",10,2,5,6,6,10,3,Sales Representative
user_4718,Magic,Writing,High School,24,"Project Management,Digital Marketing,Empathy,Foreign Languages",2,4,8,8,6,4,5,Mechanic
user_4719,Magic,Playing Guitar,Doctorate,42,"Singing,UI/UX Design,Foreign Languages,Driving",5,4,4,2,2,5,6,Actor
user_4720,Volunteering,Fitness,Bachelor's,37,"Empathy,Critical Thinking,First Aid",10,9,5,2,5,6,5,Registered Nurse
user_4721,Reading,Fishing,Doctorate,41,"Project Management,Singing",2,3,2,9,5,1,8,Mechanic
user_4722,Magic,Reading,Bachelor's,53,"Critical Thinking,Digital Marketing,Photography",7,2,7,1,7,4,1,Sales Representative
user_4723,Magic,Painting,Doctorate,36,"Video Editing,Sewing",4,9,4,5,7,7,2,UX Designer
user_4724,Fashion,Knitting,Bachelor's,54,"Financial Literacy,Foreign Languages,Critical Thinking,Photography,Digital Marketing",2,3,6,5,8,6,7,UX Designer
user_4725,Astronomy,Knitting,Vocational,29,"Data Analysis,Critical Thinking,UI/UX Design,Financial Literacy",2,10,9,2,1,3,6,Dentist
user_4726,Environment,Skiing,Vocational,38,"Research,Weightlifting",3,1,7,8,3,4,9,HR Manager
user_4727,Environment,Bird Watching,Bachelor's,48,"Critical Thinking,Time Management",9,4,9,7,5,9,9,AI Engineer
user_4728,Acting,Meditation,Associate's,42,"Weightlifting,Writing,Conflict Resolution,Foreign Languages",1,3,5,10,2,3,5,Plumber
user_4729,Gaming,Photography,Bachelor's,45,"Programming,Graphic Design,Writing,First Aid",9,10,1,10,1,2,4,Environmental Scientist
user_4730,Photography,Drawing,Bachelor's,42,"Creativity,UI/UX Design",8,1,4,2,3,9,7,Graphic Designer
user_4731,Gardening,Rock Climbing,Vocational,40,"Cybersecurity,Leadership,Critical Thinking",4,9,7,4,3,3,3,Mechanic
user_4732,DIY,Running,High School,35,"Robotics,Time Management,Financial Literacy,Weightlifting,First Aid",2,3,7,5,3,9,9,Farm Worker
user_4733,Environment,Pottery,Bachelor's,44,"AI Prompt Engineering,Public Speaking,Data Analysis,Foreign Languages,Leadership",7,2,9,2,5,8,7,Lawyer
user_4734,Animals,Volunteering,Master's,34,"Public Speaking,Empathy",8,8,4,10,6,5,5,Elementary Teacher
user_4735,Magic,Chess,Vocational,47,"Conflict Resolution,UI/UX Design,Data Analysis,Weightlifting,Singing",6,6,2,7,9,8,8,Plumber
user_4736,Reading,Yoga,Doctorate,51,"Digital Marketing,Negotiation",7,8,7,2,2,6,7,Construction Worker
user_4737,Cooking,Painting,Bachelor's,23,"UI/UX Design,Graphic Design,Creativity",4,2,5,4,1,10,1,Graphic Designer
user_4738,History,Cycling,Vocational,34,"Research,Data Analysis,Driving,Digital Marketing,Sewing",8,4,9,9,8,3,5,Lawyer
user_4739,Technology,Chess,Bachelor's,29,"Programming,Data Analysis,Critical Thinking",4,8,10,8,3,5,2,Software Engineer
user_4740,Gaming,Fishing,High School,21,"Programming,Weightlifting",3,2,2,4,4,5,1,Architect
user_4741,Cooking,Traveling,Bachelor's,38,"Weightlifting,UI/UX Design,First Aid",9,8,6,6,4,6,6,Electrician
user_4742,Cooking,Origami,Vocational,51,"Foreign Languages,Conflict Resolution,Critical Thinking,Carpentry,Time Management",8,5,3,3,5,5,2,Electrician
user_4743,Photography,Swimming,Vocational,25,"Project Management,UI/UX Design",8,4,6,9,2,1,8,Construction Worker
user_4744,Collecting,Rock Climbing,Doctorate,18,"Conflict Resolution,Driving,Writing,Public Speaking,Carpentry",2,5,8,5,6,6,1,Pilot
user_4745,History,Meditation,Vocational,25,"Cooking,Driving,Cybersecurity,Electrical Repair",6,5,4,2,8,1,7,Environmental Scientist
user_4746,Entrepreneurship,Meditation,Bachelor's,51,"Time Management,AI Prompt Engineering,Empathy,Sewing,Research",3,9,7,4,1,9,3,Dentist
user_4747,Writing,Knitting,Doctorate,46,"First Aid,Public Speaking",5,10,3,3,3,5,1,Electrician
user_4748,Sports,Knitting,Vocational,47,"Foreign Languages,Photography,Leadership,Programming,Data Analysis",4,8,6,9,8,9,1,AI Engineer
user_4749,Dancing,Hiking,Doctorate,61,"Project Management,Time Management",8,9,6,6,3,10,7,Electrician
user_4750,Psychology,Scuba Diving,Doctorate,44,"Conflict Resolution,Cybersecurity",2,4,10,6,6,5,4,Actor
user_4751,Technology,Scuba Diving,Master's,21,"Sewing,Writing",9,7,10,8,8,3,9,Psychologist
user_4752,Writing,Reading,Doctorate,30,"Photography,Negotiation,Singing,Digital Marketing",10,10,6,3,6,9,1,Environmental Scientist
user_4753,Volunteering,Fitness,Bachelor's,34,"Empathy,Critical Thinking,First Aid",6,10,4,8,4,6,1,Registered Nurse
user_4754,Volunteering,Crafts,Bachelor's,29,"Public Speaking,Empathy,Leadership",2,9,10,3,4,5,9,Elementary Teacher
user_4755,Gardening,Scuba Diving,High School,38,"Cooking,Weightlifting",3,9,6,5,9,10,6,Journalist
user_4756,History,Astronomy,High School,26,"Digital Marketing,Leadership",7,9,7,2,2,9,4,Journalist
user_4757,Dancing,Painting,Master's,61,"First Aid,Carpentry",5,1,9,3,8,5,7,Dentist
user_4758,Travel,Skiing,Bachelor's,30,"AI Prompt Engineering,Public Speaking",1,10,1,7,3,10,10,Electrician
user_4759,Chess,Chess,High School,42,"Photography,Data Analysis,First Aid",8,7,8,4,1,1,10,Journalist
user_4760,Gaming,Scuba Diving,Associate's,31,"Leadership,AI Prompt Engineering",7,8,5,7,4,2,10,Psychologist
user_4761,Music,Hiking,Bachelor's,22,"UI/UX Design,Cooking,First Aid,Digital Marketing,Leadership",5,5,2,3,7,4,3,Biomedical Engineer
user_4762,Animals,Knitting,Vocational,45,"Weightlifting,Negotiation,Conflict Resolution",4,6,3,3,8,8,5,Psychologist
user_4763,Chess,Board Games,Master's,44,"Weightlifting,Critical Thinking,Negotiation,Cybersecurity",10,3,6,5,5,10,6,UX Designer
user_4764,Cooking,Bird Watching,Vocational,53,"Singing,Weightlifting,UI/UX Design,Research",8,7,2,1,1,6,10,Electrician
user_4765,Animals,Volunteering,Master's,51,"First Aid,Critical Thinking",9,1,3,1,9,3,1,Registered Nurse
user_4766,Cars,Hiking,Bachelor's,51,"Writing,Singing,Foreign Languages,Public Speaking",2,6,9,1,5,4,10,Dentist
user_4767,Animals,Swimming,Bachelor's,39,"Critical Thinking,Foreign Languages",5,4,1,8,8,3,1,UX Designer
user_4768,Photography,Meditation,Master's,20,"Digital Marketing,Writing,Electrical Repair,Critical Thinking",8,7,10,4,1,5,6,Mechanic
user_4769,Fitness,Collecting Stamps,Master's,45,"Public Speaking,Negotiation",5,3,6,2,9,9,7,Plumber
user_4770,Volunteering,Running,Associate's,32,"Financial Literacy,Sewing,Driving,Programming",10,2,9,2,5,10,9,Pilot
user_4771,Volunteering,Rock Climbing,Bachelor's,54,"Weightlifting,Cooking",10,8,4,1,8,8,8,Statistician
user_4772,Animals,Reading,High School,34,"Critical Thinking,First Aid",3,2,4,10,3,4,9,Registered Nurse
user_4773,Acting,Collecting Stamps,Associate's,28,"Leadership,Cybersecurity,Sewing",5,1,7,5,6,4,4,Financial Analyst
user_4774,History,Traveling,Doctorate,34,"AI Prompt Engineering,Electrical Repair",4,6,8,2,9,9,3,Environmental Scientist
user_4775,Technology,Cycling,Vocational,24,"First Aid,Research,UI/UX Design,Financial Literacy",9,8,9,10,8,1,9,Biomedical Engineer
user_4776,Technology,Video Gaming,Bachelor's,43,"Programming,Data Analysis,Critical Thinking",9,3,4,3,2,2,2,Software Engineer
user_4777,Writing,Skiing,High School,37,"Foreign Languages,Photography",6,6,6,8,9,9,5,Journalist
user_4778,Technology,Running,Bachelor's,51,"Writing,Video Editing,Sewing,Graphic Design",7,4,5,5,8,8,10,Construction Worker
user_4779,Chess,Dancing,Bachelor's,41,"Public Speaking,Financial Literacy,Cybersecurity",5,6,4,8,1,8,5,Farm Worker
user_4780,Animals,Painting,Bachelor's,23,"Leadership,UI/UX Design,Sewing",3,8,10,4,1,8,6,Lawyer
user_4781,Fashion,Yoga,Doctorate,25,"Conflict Resolution,Data Analysis,Writing,Critical Thinking",6,1,2,2,6,10,6,Journalist
user_4782,DIY,Video Gaming,Associate's,23,"First Aid,Research,Conflict Resolution,Electrical Repair,Singing",6,9,10,5,5,4,10,Biomedical Engineer
user_4783,Psychology,Astronomy,Doctorate,49,"Singing,Sewing,Negotiation,Empathy",5,3,1,9,5,9,2,Cybersecurity Specialist
user_4784,Fashion,Cycling,Master's,45,"Digital Marketing,Programming,Leadership,Negotiation,Empathy",7,3,7,3,4,10,3,Pilot
user_4785,Entrepreneurship,Chess,Doctorate,46,"Programming,Data Analysis,Critical Thinking",6,5,2,9,10,6,1,Data Scientist
user_4786,Chess,Collecting Stamps,Bachelor's,58,"Cooking,Data Analysis,Electrical Repair,Time Management,Photography",9,6,3,6,3,8,5,Financial Analyst
user_4787,Fashion,Playing Guitar,Doctorate,46,"Financial Literacy,UI/UX Design,Driving,Graphic Design,Negotiation",8,9,8,3,10,4,1,Journalist
user_4788,Chess,Cooking,Associate's,31,"UI/UX Design,Graphic Design,Creativity",6,9,8,9,9,8,1,Graphic Designer
user_4789,Languages,Board Games,Associate's,24,"Sewing,Data Analysis,Driving,Video Editing,AI Prompt Engineering",5,6,10,5,9,4,1,Plumber
user_4790,Fitness,Writing,Associate's,34,"Project Management,Leadership,Time Management",8,5,4,5,8,7,3,HR Manager
user_4791,Entrepreneurship,Gardening,Master's,30,"Graphic Design,Foreign Languages,Empathy",3,3,5,2,7,6,7,Biomedical Engineer
user_4792,Writing,Reading,Bachelor's,28,"Electrical Repair,Driving",6,7,3,7,10,3,4,Lawyer
user_4793,Reading,Baking,Bachelor's,42,"Writing,Empathy,Sewing,Photography,Robotics",8,10,9,9,10,1,1,Plumber
user_4794,Animals,Crafts,Bachelor's,30,"Leadership,Public Speaking",3,5,10,6,5,4,3,Elementary Teacher
user_4795,Dancing,Yoga,Associate's,32,"Negotiation,Graphic Design",6,9,10,6,3,8,8,Lawyer
user_4796,Art,Yoga,Bachelor's,59,"Leadership,Carpentry,Cybersecurity",9,3,4,3,7,7,9,Construction Worker
user_4797,Art,Photography,Bachelor's,33,"Graphic Design,UI/UX Design,Creativity",6,7,7,1,10,5,5,Graphic Designer
user_4798,Magic,Reading,Bachelor's,48,"Critical Thinking,First Aid",9,10,8,7,2,7,9,Registered Nurse
user_4799,Chess,Painting,Master's,22,"Leadership,Electrical Repair",2,8,7,9,3,2,6,Sales Representative
user_4800,Reading,Bird Watching,Bachelor's,41,"UI/UX Design,Graphic Design",4,7,4,2,8,8,7,Graphic Designer
user_4801,Astronomy,Astronomy,Master's,35,"Sewing,Conflict Resolution",8,1,9,8,1,2,5,Actor
user_4802,Meditation,Meditation,Associate's,48,"Negotiation,Cooking,UI/UX Design,Carpentry",7,7,7,7,5,2,6,AI Engineer
user_4803,Animals,Fitness,Associate's,26,"Critical Thinking,Empathy,First Aid",9,1,5,1,1,10,6,Registered Nurse
user_4804,Cars,Cooking,High School,49,"Conflict Resolution,Graphic Design,Cooking,Financial Literacy",7,7,2,8,6,10,7,Civil Engineer
user_4805,Entrepreneurship,Baking,Vocational,24,"Video Editing,First Aid,Public Speaking,Photography,AI Prompt Engineering",4,3,8,3,8,6,2,Statistician
user_4806,Writing,Swimming,Master's,55,"Driving,Negotiation,Project Management,Public Speaking,Singing",7,3,1,8,7,7,10,Social Worker
user_4807,Animals,Volunteering,Master's,50,"Empathy,Public Speaking,Leadership",9,1,9,2,7,4,7,Elementary Teacher
user_4808,Gaming,Writing,Doctorate,45,"UI/UX Design,First Aid",5,1,10,10,10,8,6,Lawyer
user_4809,Volunteering,Pottery,Doctorate,44,"Public Speaking,Critical Thinking,Photography",8,9,9,2,6,9,2,AI Engineer
user_4810,Gardening,Painting,Doctorate,41,"Negotiation,Driving,UI/UX Design,Empathy,Foreign Languages",10,1,8,9,3,4,10,Environmental Scientist
user_4811,Sports,Reading,Associate's,47,"Electrical Repair,AI Prompt Engineering",9,6,8,6,4,10,5,Financial Analyst
user_4812,Entrepreneurship,Rock Climbing,Bachelor's,42,"Data Analysis,Programming",6,2,7,3,9,2,7,Software Engineer
user_4813,Technology,Pottery,Associate's,32,"Data Analysis,Critical Thinking,Programming",4,2,1,9,4,8,1,Data Scientist
user_4814,Animals,Scuba Diving,Master's,38,"AI Prompt Engineering,Conflict Resolution",7,6,3,9,5,5,6,Biomedical Engineer
user_4815,Gaming,Collecting Stamps,Bachelor's,55,"Photography,Project Management",4,9,5,9,2,10,6,Lawyer
user_4816,Languages,Hiking,Doctorate,40,"Graphic Design,Time Management,Leadership,Photography",3,1,10,9,10,10,4,Biomedical Engineer
user_4817,Reading,Cooking,Bachelor's,63,"Photography,Electrical Repair,Conflict Resolution,Cybersecurity",8,2,6,8,9,10,10,AI Engineer
user_4818,Entrepreneurship,Painting,Doctorate,25,"Leadership,UI/UX Design,Carpentry,AI Prompt Engineering,Photography",2,5,5,9,8,10,5,Plumber
user_4819,Photography,Drawing,Associate's,31,"Graphic Design,UI/UX Design,Creativity",4,10,1,10,9,9,1,Graphic Designer
user_4820,Gaming,Singing,Associate's,46,"Project Management,First Aid",5,10,8,8,9,8,3,UX Designer
user_4821,Psychology,Painting,Master's,35,"Weightlifting,Programming,Critical Thinking",5,4,5,3,5,7,5,Construction Worker
user_4822,Art,Dancing,Vocational,64,"Data Analysis,Financial Literacy,Weightlifting",9,6,5,4,8,9,3,Architect
user_4823,Meditation,Writing,Vocational,52,"Conflict Resolution,Carpentry,Graphic Design,Critical Thinking",10,6,8,10,6,8,7,Statistician
user_4824,Writing,Cycling,Associate's,30,"Sewing,Public Speaking,Cooking",5,9,9,1,4,8,3,Plumber
user_4825,Writing,Baking,Associate's,64,"Negotiation,Video Editing",9,3,9,7,1,8,5,Chef
user_4826,Technology,Fishing,Associate's,27,"Cybersecurity,Singing,Digital Marketing",10,3,5,8,3,1,9,Environmental Scientist
user_4827,Volunteering,Meditation,Vocational,55,"Carpentry,Cooking,Time Management,Video Editing",3,4,8,5,2,2,2,Construction Worker
user_4828,Astronomy,Hiking,Bachelor's,34,"Foreign Languages,Conflict Resolution,Carpentry,Financial Literacy,Public Speaking",3,2,6,5,5,3,4,AI Engineer
user_4829,Sports,Singing,Vocational,47,"Programming,Project Management,Financial Literacy,Writing",9,1,7,3,1,10,3,Architect
user_4830,DIY,Skiing,Associate's,27,"Public Speaking,First Aid,Negotiation",2,5,3,5,7,10,7,Psychologist
user_4831,Sports,Astronomy,High School,28,"Time Management,Negotiation,Video Editing,Research",9,9,2,10,2,2,2,AI Engineer
user_4832,History,Chess,High School,22,"Electrical Repair,Driving",3,4,5,7,7,1,4,Lawyer
user_4833,Dancing,Pottery,Bachelor's,23,"Digital Marketing,Foreign Languages",4,2,4,5,8,10,3,Pilot
user_4834,Cars,Cycling,Bachelor's,23,"Video Editing,Public Speaking,UI/UX Design,Cybersecurity",8,2,5,9,10,9,2,Environmental Scientist
user_4835,Photography,Board Games,Doctorate,41,"Leadership,Photography,Conflict Resolution,Sewing",2,1,7,3,2,3,9,Dentist
user_4836,Animals,Knitting,Vocational,65,"Cooking,Research,Empathy,Programming,Singing",9,3,10,1,4,2,2,Marketing Manager
user_4837,Entrepreneurship,Traveling,Bachelor's,45,"Weightlifting,Empathy,Financial Literacy,Public Speaking",9,6,7,3,5,6,6,AI Engineer
user_4838,Acting,Meditation,Master's,41,"Cooking,Singing,Negotiation,Data Analysis,Weightlifting",4,8,10,8,3,8,6,Marketing Manager
user_4839,Acting,Hiking,Doctorate,36,"AI Prompt Engineering,Robotics,Time Management,Weightlifting",3,8,5,7,7,3,2,UX Designer
user_4840,Reading,Reading,Associate's,50,"Singing,Weightlifting,AI Prompt Engineering,Data Analysis,Electrical Repair",7,4,10,1,3,10,7,Cybersecurity Specialist
user_4841,Technology,Skiing,Master's,59,"Video Editing,First Aid",6,10,10,7,4,2,9,Sales Representative
user_4842,Cars,Cooking,Vocational,40,"Time Management,Foreign Languages",1,10,6,9,7,1,6,Social Worker
user_4843,Cars,Writing,High School,27,"Negotiation,Data Analysis,Cooking",8,6,4,9,1,10,2,Sales Representative
user_4844,Animals,Traveling,High School,65,"First Aid,Data Analysis",2,1,10,8,10,3,10,Social Worker
user_4845,Fitness,Reading,Doctorate,55,"Robotics,Digital Marketing,Conflict Resolution",8,4,3,7,1,9,1,HR Manager
user_4846,Technology,Knitting,Doctorate,62,"Video Editing,Foreign Languages,Negotiation,Critical Thinking",9,7,3,1,3,7,4,Architect
user_4847,Collecting,Chess,Master's,60,"Foreign Languages,Singing",6,9,5,2,7,6,2,Journalist
user_4848,Fashion,Playing Guitar,Doctorate,32,"Conflict Resolution,Driving",9,7,9,10,4,10,8,Sales Representative
user_4849,Animals,Fishing,Vocational,55,"Digital Marketing,Programming",7,10,6,7,10,5,6,Sales Representative
user_4850,Astronomy,Hiking,Bachelor's,41,"Robotics,Negotiation",9,6,5,4,5,6,10,Social Worker
user_4851,Art,Cooking,Associate's,44,"Photography,Leadership,Weightlifting",4,3,9,1,3,9,8,Civil Engineer
user_4852,Photography,Board Games,Bachelor's,22,"Singing,Critical Thinking,Negotiation,Leadership,Writing",6,9,7,3,9,6,8,Farm Worker
user_4853,Gaming,Meditation,Bachelor's,22,"Cooking,Photography",7,1,8,5,4,4,10,Farm Worker
user_4854,Technology,Gardening,Associate's,33,"Data Analysis,Negotiation,Empathy",10,10,10,9,9,8,1,Farm Worker
user_4855,Travel,Board Games,Bachelor's,50,"Public Speaking,Data Analysis,Driving",2,7,1,7,5,2,7,Electrician
user_4856,Photography,Astronomy,High School,25,"Research,Time Management,Carpentry,Empathy,UI/UX Design",2,9,4,2,7,1,9,UX Designer
user_4857,DIY,Video Gaming,Master's,45,"Leadership,Cooking,Singing",5,8,8,3,7,8,10,Social Worker
user_4858,Art,Skiing,Associate's,31,"Carpentry,Cooking,Writing",6,10,8,5,9,9,8,Biomedical Engineer
user_4859,Art,Cooking,Associate's,35,"Driving,Leadership,AI Prompt Engineering,Public Speaking",3,4,8,1,3,5,1,Actor
user_4860,Volunteering,Fishing,Master's,27,"Singing,Weightlifting,Foreign Languages,Writing,Sewing",2,5,10,2,7,10,7,Pilot
user_4861,Dancing,Reading,High School,58,"Singing,Sewing",5,3,6,3,7,5,1,Psychologist
user_4862,Writing,Collecting Stamps,High School,58,"Negotiation,Time Management,Project Management,UI/UX Design,Data Analysis",5,7,3,1,10,8,6,Civil Engineer
user_4863,Psychology,Gardening,High School,46,"Programming,Photography,Carpentry",3,6,9,6,8,3,9,UX Designer
user_4864,Animals,Reading,Master's,57,"Empathy,Leadership",6,1,10,5,3,2,7,Elementary Teacher
user_4865,History,Video Gaming,Bachelor's,23,"Cooking,AI Prompt Engineering,Research,UI/UX Design,Digital Marketing",1,1,7,2,8,8,9,Cybersecurity Specialist
user_4866,Art,Playing Guitar,High School,30,"Empathy,Cybersecurity,Leadership,Writing,Digital Marketing",4,10,2,2,6,9,5,Environmental Scientist
user_4867,Astronomy,Origami,Associate's,29,"Writing,First Aid,Sewing",10,10,4,6,3,5,2,Architect
user_4868,Entrepreneurship,Video Gaming,Master's,38,"Programming,Data Analysis,Critical Thinking",8,7,4,8,9,7,3,Software Engineer
user_4869,Sports,Baking,Doctorate,22,"Negotiation,Carpentry,Robotics,Time Management",10,10,10,2,5,4,1,Civil Engineer
user_4870,Magic,Baking,Doctorate,55,"Electrical Repair,Cooking,Time Management,Graphic Design",9,7,6,7,2,5,1,Lawyer
user_4871,Technology,Running,Master's,31,"Critical Thinking,Data Analysis,Programming",3,2,1,7,10,9,4,Software Engineer
user_4872,Cars,Chess,High School,29,"Public Speaking,Leadership,Financial Literacy,Digital Marketing,Critical Thinking",6,8,4,1,8,2,2,Financial Analyst
user_4873,Film,Playing Guitar,Master's,46,"Driving,Photography,Critical Thinking",2,8,3,1,6,1,5,Farm Worker
user_4874,DIY,Traveling,Bachelor's,27,"Data Analysis,Photography,Graphic Design,Project Management,Cybersecurity",5,1,2,4,3,7,6,Cybersecurity Specialist
user_4875,Art,Playing Guitar,Bachelor's,41,"Digital Marketing,Negotiation,Research",5,10,10,3,1,9,7,Construction Worker
user_4876,Environment,Origami,Associate's,37,"Driving,Foreign Languages,Negotiation",10,2,6,4,3,8,7,Journalist
user_4877,Cars,Painting,Vocational,48,"First Aid,Empathy",9,6,6,2,4,2,4,Marketing Manager
user_4878,Technology,Scuba Diving,Master's,63,"Negotiation,Writing,UI/UX Design,Electrical Repair",6,1,3,10,8,6,10,Financial Analyst
user_4879,Entrepreneurship,Reading,Master's,34,"Critical Thinking,Data Analysis,Programming",9,3,2,1,8,10,2,Data Scientist
user_4880,Astronomy,Yoga,Associate's,44,"First Aid,Writing,Financial Literacy",4,8,3,9,4,1,1,Architect
user_4881,Magic,Skiing,High School,45,"Project Management,Electrical Repair",5,3,2,8,9,3,8,AI Engineer
user_4882,Photography,Cooking,Associate's,63,"Graphic Design,Project Management,Photography,Cybersecurity",9,4,1,9,4,4,10,Environmental Scientist
user_4883,Sports,Painting,Associate's,18,"Sewing,Cybersecurity",2,8,5,3,6,10,2,Plumber
user_4884,Collecting,Hiking,Bachelor's,48,"Electrical Repair,Foreign Languages",3,9,1,10,10,6,7,Statistician
user_4885,Fitness,Bird Watching,Bachelor's,62,"Programming,Public Speaking",3,8,6,8,9,10,9,Journalist
user_4886,Sports,Collecting Stamps,High School,26,"Research,Conflict Resolution,Singing,Photography",9,10,7,7,6,4,7,Lawyer
user_4887,Acting,Video Gaming,Associate's,47,"Data Analysis,Research,Singing",3,10,2,4,2,4,4,Farm Worker
user_4888,Entrepreneurship,Baking,Vocational,28,"Project Management,Cooking,First Aid",5,7,4,10,7,4,10,Chef
user_4889,Collecting,Meditation,Bachelor's,30,"Programming,Carpentry,Research",5,2,6,10,9,5,5,AI Engineer
user_4890,Dancing,Origami,Doctorate,43,"Negotiation,Empathy,Video Editing,Time Management,Driving",5,9,6,7,5,9,4,Farm Worker
user_4891,Technology,Board Games,Vocational,30,"Critical Thinking,Programming,Data Analysis",3,7,5,1,9,6,10,Data Scientist
user_4892,Cars,Writing,Vocational,53,"Video Editing,Public Speaking",6,10,7,1,6,3,7,Civil Engineer
user_4893,Languages,Traveling,High School,56,"Video Editing,Electrical Repair,Empathy,Weightlifting,Driving",4,2,5,9,2,3,5,Mechanic
user_4894,Acting,Singing,High School,43,"Graphic Design,Cooking,Electrical Repair,Weightlifting",3,1,3,5,2,10,1,HR Manager
user_4895,Entrepreneurship,Playing Guitar,Master's,38,"AI Prompt Engineering,Public Speaking,Negotiation,Financial Literacy,Photography",7,3,6,7,7,6,5,Actor
user_4896,Animals,Volunteering,Bachelor's,52,"Critical Thinking,Empathy,First Aid",1,7,8,6,3,5,8,Registered Nurse
user_4897,Meditation,Cooking,Associate's,52,"Data Analysis,Digital Marketing,Project Management,Financial Literacy,Research",3,9,8,6,5,3,9,Dentist
user_4898,Technology,Chess,Master's,34,"Programming,Critical Thinking",9,4,10,2,8,4,1,Data Scientist
user_4899,Astronomy,Astronomy,High School,35,"Sewing,Cooking",8,5,3,10,10,5,4,Sales Representative
user_4900,Animals,Cooking,Bachelor's,31,"Financial Literacy,Weightlifting",8,4,10,4,8,1,8,Civil Engineer
user_4901,Fitness,Traveling,Doctorate,54,"Financial Literacy,Public Speaking",10,8,5,10,10,4,8,Architect
user_4902,Technology,Hiking,Doctorate,22,"Video Editing,Research,Conflict Resolution,Negotiation,Public Speaking",5,4,5,5,9,5,7,Construction Worker
user_4903,Photography,Gardening,Vocational,35,"Weightlifting,Time Management,Conflict Resolution",9,2,4,3,1,3,8,Civil Engineer
user_4904,Cooking,Fishing,Associate's,36,"Data Analysis,Cooking,Weightlifting",3,3,10,4,1,2,2,UX Designer
user_4905,Meditation,Gardening,Doctorate,53,"First Aid,AI Prompt Engineering,Financial Literacy,Graphic Design",3,5,9,7,7,9,1,Construction Worker
user_4906,Fashion,Video Gaming,High School,60,"Critical Thinking,Photography",9,10,3,1,5,5,7,Financial Analyst
user_4907,Art,Cycling,Bachelor's,56,"Public Speaking,Electrical Repair,Writing",1,6,8,8,3,10,8,Statistician
user_4908,Travel,Singing,Vocational,55,"Video Editing,Programming,Data Analysis,Project Management",9,9,5,6,3,10,7,Farm Worker
user_4909,Cooking,Swimming,Master's,65,"Public Speaking,Writing,Robotics,Cybersecurity,Carpentry",8,10,1,9,8,4,4,Mechanic
user_4910,Volunteering,Fitness,Associate's,44,"First Aid,Empathy,Critical Thinking",6,5,7,7,6,3,3,Registered Nurse
user_4911,Film,Board Games,Bachelor's,53,"Public Speaking,Graphic Design,Carpentry,Weightlifting,Cooking",7,10,9,3,10,10,8,Actor
user_4912,Chess,Meditation,Master's,57,"Conflict Resolution,Research,Financial Literacy,Photography,Project Management",8,8,6,5,1,6,6,Social Worker
user_4913,Languages,Collecting Stamps,Master's,31,"Critical Thinking,Data Analysis,Programming",9,10,8,1,10,3,7,Software Engineer
user_4914,Gaming,Fishing,Master's,52,"Digital Marketing,Robotics,Photography,AI Prompt Engineering",3,10,6,8,9,7,6,HR Manager
user_4915,Volunteering,Gardening,Doctorate,29,"Critical Thinking,First Aid",2,3,7,1,1,10,2,Registered Nurse
user_4916,Cars,Painting,Master's,63,"Research,Financial Literacy,Empathy,Critical Thinking",8,5,7,3,3,7,10,Dentist
user_4917,Photography,Skiing,High School,50,"Conflict Resolution,Digital Marketing,First Aid,Cooking,Cybersecurity",6,6,5,8,1,7,1,AI Engineer
user_4918,Animals,Crafts,Master's,58,"Public Speaking,Leadership",8,7,3,2,6,9,9,Elementary Teacher
user_4919,Photography,Cycling,Associate's,26,"Negotiation,Carpentry,Driving",6,4,3,3,1,9,2,Mechanic
user_4920,Technology,Board Games,Master's,26,"Critical Thinking,Programming",1,2,8,3,4,5,5,Data Scientist
user_4921,Meditation,Board Games,Master's,20,"Weightlifting,Video Editing,Robotics",9,2,6,5,3,4,9,Architect
user_4922,Art,Scuba Diving,Associate's,54,"AI Prompt Engineering,Singing",2,8,1,1,2,6,10,Architect
user_4923,Sports,Playing Guitar,Doctorate,60,"Writing,Financial Literacy,Empathy,Leadership",3,2,8,4,9,10,2,Mechanic
user_4924,Magic,Writing,Doctorate,58,"Programming,Project Management,First Aid",5,7,5,3,9,6,10,Journalist
user_4925,Psychology,Gardening,Doctorate,54,"Critical Thinking,Project Management",6,9,5,4,3,10,10,Civil Engineer
user_4926,Acting,Chess,Associate's,24,"Sewing,Video Editing,Weightlifting,Digital Marketing",4,3,8,9,9,5,6,Civil Engineer
user_4927,Animals,Running,Bachelor's,41,"Project Management,Negotiation,Writing,Carpentry",5,10,3,6,10,9,8,Dentist
user_4928,Reading,Collecting Stamps,High School,25,"Critical Thinking,First Aid,Driving,Project Management,Empathy",4,8,1,2,5,2,6,Marketing Manager
user_4929,Astronomy,Rock Climbing,Master's,42,"Financial Literacy,Project Management",4,6,9,8,7,7,3,Psychologist
user_4930,Reading,Playing Guitar,Vocational,32,"Sewing,Carpentry,Negotiation,Photography,Electrical Repair",9,7,4,1,8,1,2,Statistician
user_4931,Art,Origami,Vocational,33,"Digital Marketing,Data Analysis,Foreign Languages",5,10,6,9,7,5,10,Social Worker
user_4932,Magic,Gardening,Bachelor's,24,"Weightlifting,Conflict Resolution,Foreign Languages,Public Speaking",2,1,10,10,6,9,8,Statistician
user_4933,Astronomy,Baking,Vocational,18,"Robotics,Weightlifting,Graphic Design",1,6,2,10,7,9,2,Sales Representative
user_4934,Photography,Astronomy,Doctorate,27,"Robotics,Photography,Data Analysis,Critical Thinking,Carpentry",5,4,9,3,3,5,5,Marketing Manager
user_4935,Dancing,Gardening,Vocational,37,"AI Prompt Engineering,Writing",6,3,7,1,7,7,6,Chef
user_4936,Magic,Playing Guitar,Bachelor's,48,"Public Speaking,Sewing,Driving,Financial Literacy",2,10,5,3,3,9,6,Lawyer
user_4937,Music,Knitting,Vocational,32,"Cooking,Programming",5,8,9,3,8,8,4,Journalist
user_4938,DIY,Swimming,Bachelor's,65,"AI Prompt Engineering,Singing,Leadership,Digital Marketing",6,2,10,10,2,8,8,Civil Engineer
user_4939,History,Hiking,Bachelor's,49,"Critical Thinking,Cooking,Electrical Repair",5,5,2,6,4,10,7,Construction Worker
user_4940,Animals,Chess,High School,58,"Singing,Negotiation",2,5,10,7,9,8,4,Biomedical Engineer
user_4941,History,Writing,High School,65,"Critical Thinking,AI Prompt Engineering,Empathy",4,2,7,8,6,6,1,Social Worker
user_4942,Cooking,Collecting Stamps,Associate's,42,"Electrical Repair,AI Prompt Engineering,UI/UX Design",8,4,7,8,9,10,9,Social Worker
user_4943,Dancing,Chess,Vocational,24,"Driving,Robotics",3,6,4,5,1,5,5,Financial Analyst
user_4944,Meditation,Baking,High School,29,"Time Management,Video Editing,Weightlifting,Research",7,8,10,6,7,2,2,Plumber
user_4945,Travel,Astronomy,Bachelor's,31,"Time Management,Cooking,Writing",6,8,8,9,10,8,8,Sales Representative
user_4946,Environment,Chess,Doctorate,56,"Critical Thinking,Empathy,Robotics",2,1,1,10,7,10,1,UX Designer
user_4947,Collecting,Painting,High School,44,"Robotics,Foreign Languages,Graphic Design,Programming,Conflict Resolution",3,1,2,2,8,5,6,Lawyer
user_4948,Photography,Photography,High School,24,"Empathy,Programming",7,1,1,4,1,9,6,Farm Worker
user_4949,Photography,Painting,Associate's,27,"Graphic Design,UI/UX Design,Creativity",7,7,6,1,10,9,1,Graphic Designer
user_4950,DIY,Baking,High School,35,"Electrical Repair,Research,Singing,Sewing",9,5,8,2,5,4,6,Biomedical Engineer
user_4951,Volunteering,Cooking,Doctorate,53,"Digital Marketing,Robotics,Video Editing,Cooking",7,9,6,9,7,10,8,Psychologist
user_4952,Dancing,Photography,Bachelor's,64,"Cooking,Conflict Resolution,Foreign Languages,Data Analysis",9,6,2,3,1,6,5,Biomedical Engineer
user_4953,Magic,Traveling,Master's,26,"Critical Thinking,Graphic Design,Digital Marketing,Sewing",3,2,5,7,1,8,8,Lawyer
user_4954,Collecting,Dancing,Doctorate,46,"Electrical Repair,Foreign Languages,Conflict Resolution,Negotiation",1,6,5,8,7,8,5,Biomedical Engineer
user_4955,Volunteering,Painting,Vocational,45,"UI/UX Design,Driving,Writing",9,5,3,4,8,5,1,Pilot
user_4956,Collecting,Playing Guitar,Vocational,27,"Foreign Languages,Data Analysis,Photography",9,2,5,3,1,1,3,Journalist
user_4957,Photography,Drawing,Vocational,43,"Creativity,Graphic Design,UI/UX Design",3,7,8,5,6,3,1,Graphic Designer
user_4958,Meditation,Origami,Master's,65,"Electrical Repair,Sewing",4,2,2,7,1,2,3,Plumber
user_4959,Gaming,Chess,Master's,44,"Data Analysis,Critical Thinking,Programming",6,6,3,9,2,1,10,Software Engineer
user_4960,Photography,Dancing,Associate's,29,"Graphic Design,Digital Marketing,Conflict Resolution",6,9,7,3,7,9,6,AI Engineer
user_4961,Chess,Rock Climbing,Master's,42,"Data Analysis,Public Speaking",2,7,4,3,10,1,1,Actor
user_4962,Magic,Meditation,Vocational,56,"Cybersecurity,Empathy,Public Speaking,Writing,Photography",4,2,3,6,7,7,2,Journalist
user_4963,Art,Painting,Associate's,54,"Conflict Resolution,Financial Literacy,Critical Thinking",3,2,8,2,2,6,3,Environmental Scientist
user_4964,Technology,Skiing,Vocational,47,"Video Editing,Negotiation,Empathy,Driving,Research",10,3,6,4,3,5,3,Actor
user_4965,Cooking,Yoga,Master's,29,"Driving,Data Analysis,Leadership,UI/UX Design,Electrical Repair",6,3,9,9,3,9,2,AI Engineer
user_4966,Technology,Painting,Vocational,36,"Graphic Design,Foreign Languages,Conflict Resolution",8,3,1,9,4,9,9,Architect
user_4967,Photography,Photography,Bachelor's,20,"Creativity,UI/UX Design,Graphic Design",3,6,1,6,6,7,3,Graphic Designer
user_4968,Sports,Cycling,Master's,62,"Carpentry,Data Analysis,UI/UX Design,AI Prompt Engineering,Leadership",6,2,6,6,4,9,9,Architect
user_4969,Fashion,Hiking,Bachelor's,39,"Writing,Empathy,Foreign Languages",7,2,2,4,2,8,7,Chef
user_4970,Magic,Pottery,Bachelor's,21,"Carpentry,UI/UX Design,Leadership,Financial Literacy,Critical Thinking",1,2,1,7,8,7,5,HR Manager
user_4971,Art,Traveling,Doctorate,60,"Leadership,Electrical Repair",4,3,9,6,7,6,9,Plumber
user_4972,Film,Playing Guitar,Associate's,44,"Programming,Sewing,UI/UX Design,Photography",3,5,1,4,1,8,1,Construction Worker
user_4973,Collecting,Traveling,Doctorate,37,"Sewing,Writing,UI/UX Design",7,4,9,10,6,7,1,Electrician
user_4974,Astronomy,Video Gaming,Associate's,44,"Graphic Design,Driving",2,1,9,5,4,10,10,UX Designer
user_4975,Dancing,Chess,Bachelor's,19,"Project Management,Cooking",4,1,1,10,6,9,5,Construction Worker
user_4976,Animals,Dancing,Doctorate,63,"Programming,Data Analysis,UI/UX Design,Electrical Repair",8,5,10,6,1,4,6,Mechanic
user_4977,Languages,Pottery,Doctorate,63,"Photography,Cooking",6,2,3,7,5,1,1,Psychologist
user_4978,Languages,Running,Doctorate,43,"Video Editing,Driving",7,7,5,4,1,7,8,Biomedical Engineer
user_4979,Chess,Running,Bachelor's,59,"Conflict Resolution,Video Editing,Carpentry",2,9,5,9,2,8,8,Cybersecurity Specialist
user_4980,Entrepreneurship,Playing Guitar,Master's,40,"Public Speaking,Leadership",10,10,2,5,4,2,6,Elementary Teacher
user_4981,Cars,Gardening,Vocational,59,"Critical Thinking,AI Prompt Engineering,Carpentry",6,1,10,7,2,9,4,Civil Engineer
user_4982,Dancing,Rock Climbing,Master's,57,"Carpentry,Singing,UI/UX Design",5,1,1,8,9,3,7,Architect
user_4983,Animals,Astronomy,High School,21,"Driving,Weightlifting",3,3,6,10,2,7,4,UX Designer
user_4984,Entrepreneurship,Reading,Bachelor's,41,"Programming,Data Analysis,Critical Thinking",4,1,6,3,8,1,4,Software Engineer
user_4985,Fitness,Hiking,Master's,63,"Writing,Weightlifting",6,6,5,1,6,6,6,HR Manager
user_4986,Entrepreneurship,Dancing,High School,48,"Sewing,Cybersecurity,Photography",2,4,5,2,10,2,7,Chef
user_4987,Collecting,Bird Watching,Associate's,32,"Critical Thinking,Singing",1,9,2,1,3,7,3,Construction Worker
user_4988,DIY,Playing Guitar,High School,18,"Public Speaking,Electrical Repair,AI Prompt Engineering",1,7,5,8,4,10,6,Sales Representative
user_4989,Writing,Baking,High School,47,"Sewing,Electrical Repair",3,4,1,9,10,5,7,Chef
user_4990,History,Video Gaming,Master's,51,"Negotiation,Leadership,Financial Literacy",5,4,5,2,8,7,6,Cybersecurity Specialist
user_4991,Travel,Reading,Associate's,61,"Project Management,Electrical Repair",2,10,9,2,1,10,9,Biomedical Engineer
user_4992,Acting,Swimming,Associate's,26,"First Aid,Photography,Public Speaking",5,1,7,4,3,6,3,Architect
user_4993,Cooking,Yoga,Doctorate,60,"Negotiation,Critical Thinking",5,8,10,10,6,9,2,Construction Worker
user_4994,Volunteering,Meditation,Vocational,24,"Foreign Languages,Weightlifting",4,5,8,1,2,7,6,Financial Analyst
user_4995,Film,Writing,Vocational,58,"Research,Photography,Data Analysis,Writing,Driving",7,2,10,8,4,1,2,Biomedical Engineer
user_4996,Chess,Collecting Stamps,Master's,54,"Driving,Cooking",7,8,10,9,6,9,7,Dentist
user_4997,Fitness,Board Games,Doctorate,21,"Carpentry,Financial Literacy,Data Analysis,Robotics",2,7,4,4,5,1,2,Architect
user_4998,Photography,Board Games,Bachelor's,30,"Graphic Design,Writing,Time Management,Singing,Critical Thinking",5,9,10,10,9,4,6,Financial Analyst
user_4999,Volunteering,Volunteering,Master's,28,"Empathy,Leadership,Public Speaking",1,5,7,5,1,1,2,Elementary Teacher
user_5000,Cars,Chess,Bachelor's,28,"Project Management,Data Analysis,Conflict Resolution,Video Editing,Robotics",4,2,6,8,8,7,2,Sales Representative
